{"type":"FeatureCollection","features":[{"type":"Feature","properties":{"code":"751166222","name":"Muette 22","arrondissement":"Paris 16e Arrondissement","green_per_cap":null,"income":null,"population":0.0},"geometry":{"type":"Polygon","coordinates":[[[2.278472,48.851323],[2.276071,48.852617],[2.27594,48.852738],[2.277417,48.853709],[2.280205,48.852969],[2.280356,48.852919],[2.280736,48.852687],[2.278472,48.851323]]]}},{"type":"Feature","properties":{"code":"751041499","name":"Seine et Berges 2","arrondissement":"Paris 4e Arrondissement","green_per_cap":null,"income":null,"population":0.0},"geometry":{"type":"Polygon","coordinates":[[[2.36037,48.85239],[2.360229,48.852167],[2.360489,48.852061],[2.360133,48.851757],[2.359286,48.852141],[2.35239,48.854572],[2.352603,48.855268],[2.353117,48.855097],[2.355748,48.854051],[2.36037,48.85239]]]}},{"type":"Feature","properties":{"code":"751052099","name":"Seine et Berges 3","arrondissement":"Paris 5e Arrondissement","green_per_cap":null,"income":null,"population":0.0},"geometry":{"type":"Polygon","coordinates":[[[2.344281,48.853757],[2.344634,48.854089],[2.346674,48.853399],[2.349024,48.852363],[2.349934,48.852076],[2.349828,48.85204],[2.349565,48.851776],[2.348262,48.852356],[2.346714,48.853118],[2.344281,48.853757]]]}},{"type":"Feature","properties":{"code":"751072605","name":"Invalides 5","arrondissement":"Paris 7e Arrondissement","green_per_cap":null,"income":null,"population":0.0},"geometry":{"type":"Polygon","coordinates":[[[2.31496,48.860977],[2.31519,48.862892],[2.317848,48.862894],[2.318446,48.862764],[2.319039,48.862583],[2.319285,48.862459],[2.319668,48.86212],[2.318815,48.860733],[2.318022,48.860803],[2.31496,48.860977]]]}},{"type":"Feature","properties":{"code":"751166277","name":"Bois de Boulogne 2","arrondissement":"Paris 16e Arrondissement","green_per_cap":371.359,"income":null,"population":226.899058683041},"geometry":{"type":"Polygon","coordinates":[[[2.229615,48.866854],[2.230659,48.86808],[2.231736,48.869069],[2.233702,48.869898],[2.235576,48.870523],[2.239225,48.871573],[2.240945,48.872342],[2.241856,48.872901],[2.24301,48.873785],[2.245704,48.876459],[2.246398,48.876178],[2.254817,48.874081],[2.25541,48.874264],[2.255372,48.87406],[2.255271,48.873989],[2.25713,48.872495],[2.258555,48.871232],[2.258619,48.871241],[2.25942,48.87062],[2.259324,48.870582],[2.260152,48.869962],[2.260942,48.869183],[2.26157,48.868678],[2.261831,48.868596],[2.261865,48.868648],[2.262011,48.868621],[2.262415,48.868534],[2.262677,48.868429],[2.262851,48.868412],[2.263176,48.868401],[2.264581,48.868477],[2.265378,48.868362],[2.265532,48.868403],[2.265711,48.868259],[2.265779,48.868109],[2.265661,48.867712],[2.265151,48.867074],[2.264993,48.866757],[2.26502,48.866315],[2.265428,48.865626],[2.266396,48.864599],[2.266978,48.864073],[2.267123,48.863992],[2.267366,48.863719],[2.26551,48.862633],[2.265183,48.862224],[2.265137,48.862061],[2.265196,48.861498],[2.265096,48.86109],[2.263008,48.857816],[2.26122,48.858305],[2.260306,48.858419],[2.258788,48.858419],[2.257479,48.858468],[2.252826,48.85798],[2.249884,48.857829],[2.248458,48.857879],[2.247399,48.857997],[2.246108,48.858237],[2.245387,48.858417],[2.24417,48.858807],[2.243211,48.859212],[2.242005,48.859837],[2.24076,48.860574],[2.239744,48.861224],[2.238229,48.862323],[2.237564,48.863231],[2.237258,48.863536],[2.236994,48.863712],[2.236479,48.863935],[2.235867,48.864137],[2.235775,48.864351],[2.233373,48.86561],[2.232824,48.865859],[2.231887,48.86622],[2.229615,48.866854]]]}},{"type":"Feature","properties":{"code":"751124513","name":"Bel-Air 13","arrondissement":"Paris 12e Arrondissement","green_per_cap":6.092,"income":34080.0,"population":2389.88967635178},"geometry":{"type":"Polygon","coordinates":[[[2.403458,48.847708],[2.406296,48.847455],[2.405743,48.844724],[2.402993,48.844954],[2.402544,48.844941],[2.402257,48.845014],[2.40251,48.845052],[2.403151,48.845764],[2.403458,48.847708]]]}},{"type":"Feature","properties":{"code":"751124616","name":"Picpus 16","arrondissement":"Paris 12e Arrondissement","green_per_cap":0.106,"income":34000.0,"population":4737.77692224141},"geometry":{"type":"Polygon","coordinates":[[[2.394468,48.846266],[2.395663,48.844929],[2.397455,48.842718],[2.394076,48.841021],[2.393654,48.841432],[2.39027,48.84421],[2.394234,48.846113],[2.394468,48.846266]]]}},{"type":"Feature","properties":{"code":"751124617","name":"Picpus 17","arrondissement":"Paris 12e Arrondissement","green_per_cap":0.013,"income":33250.0,"population":2465.02799671303},"geometry":{"type":"Polygon","coordinates":[[[2.393684,48.847147],[2.394468,48.846266],[2.394234,48.846113],[2.39027,48.84421],[2.388354,48.845819],[2.391172,48.847187],[2.391858,48.846553],[2.392208,48.846456],[2.393684,48.847147]]]}},{"type":"Feature","properties":{"code":"751145603","name":"Plaisance 3","arrondissement":"Paris 14e Arrondissement","green_per_cap":9.525,"income":16770.0,"population":2206.62201632527},"geometry":{"type":"Polygon","coordinates":[[[2.308348,48.823563],[2.301315,48.825126],[2.304588,48.827858],[2.308861,48.826917],[2.308519,48.826439],[2.30857,48.826374],[2.308284,48.825772],[2.309734,48.825557],[2.31119,48.825107],[2.308348,48.823563]]]}},{"type":"Feature","properties":{"code":"751145612","name":"Plaisance 12","arrondissement":"Paris 14e Arrondissement","green_per_cap":0.026,"income":34250.0,"population":1915.43703760197},"geometry":{"type":"Polygon","coordinates":[[[2.317965,48.829673],[2.319203,48.830491],[2.319301,48.830512],[2.322663,48.829313],[2.32231,48.828882],[2.321717,48.828278],[2.319229,48.829256],[2.317965,48.829673]]]}},{"type":"Feature","properties":{"code":"751166124","name":"Auteuil 24","arrondissement":"Paris 16e Arrondissement","green_per_cap":0.027,"income":40830.0,"population":1661.35563169024},"geometry":{"type":"Polygon","coordinates":[[[2.266089,48.855545],[2.267414,48.855243],[2.269361,48.854689],[2.268135,48.852423],[2.265578,48.853934],[2.265429,48.853969],[2.265779,48.855117],[2.266089,48.855545]]]}},{"type":"Feature","properties":{"code":"751166214","name":"Muette 14","arrondissement":"Paris 16e Arrondissement","green_per_cap":null,"income":47690.0,"population":2107.46327735537},"geometry":{"type":"Polygon","coordinates":[[[2.282037,48.85654],[2.281653,48.856211],[2.280546,48.85693],[2.280228,48.856923],[2.279948,48.857752],[2.280782,48.857883],[2.282149,48.85815],[2.284291,48.858448],[2.284565,48.858525],[2.284356,48.858222],[2.283669,48.857562],[2.282941,48.857065],[2.282037,48.85654]]]}},{"type":"Feature","properties":{"code":"751166304","name":"Porte Dauphine 4","arrondissement":"Paris 16e Arrondissement","green_per_cap":0.478,"income":47410.0,"population":3440.4467640493},"geometry":{"type":"Polygon","coordinates":[[[2.274173,48.868598],[2.277013,48.867625],[2.27593,48.865783],[2.275793,48.865757],[2.275829,48.865641],[2.275734,48.8656],[2.275737,48.865437],[2.274964,48.864228],[2.27386,48.864212],[2.272423,48.864009],[2.272485,48.8652],[2.272626,48.865946],[2.272817,48.866578],[2.273306,48.86744],[2.274173,48.868598]]]}},{"type":"Feature","properties":{"code":"751176704","name":"Batignolles 4","arrondissement":"Paris 17e Arrondissement","green_per_cap":0.0,"income":37420.0,"population":2461.00576530014},"geometry":{"type":"Polygon","coordinates":[[[2.323512,48.88423],[2.321644,48.885743],[2.31937,48.887155],[2.320194,48.887641],[2.322376,48.886379],[2.324776,48.884783],[2.324081,48.884333],[2.323512,48.88423]]]}},{"type":"Feature","properties":{"code":"751186907","name":"Grandes Carrières 7","arrondissement":"Paris 18e Arrondissement","green_per_cap":0.114,"income":31910.0,"population":3362.86739352688},"geometry":{"type":"Polygon","coordinates":[[[2.334305,48.890557],[2.332734,48.887942],[2.331854,48.888559],[2.331779,48.888768],[2.328885,48.890273],[2.32943,48.891139],[2.331007,48.890996],[2.331077,48.890817],[2.331417,48.89096],[2.334305,48.890557]]]}},{"type":"Feature","properties":{"code":"751197303","name":"Villette 3","arrondissement":"Paris 19e Arrondissement","green_per_cap":1.762,"income":24490.0,"population":3676.44896834419},"geometry":{"type":"Polygon","coordinates":[[[2.378795,48.88503],[2.370586,48.882883],[2.371167,48.883552],[2.377004,48.886448],[2.378397,48.885673],[2.378795,48.88503]]]}},{"type":"Feature","properties":{"code":"751207815","name":"Saint-Fargeau 15","arrondissement":"Paris 20e Arrondissement","green_per_cap":2.743,"income":25080.0,"population":3299.01807976627},"geometry":{"type":"Polygon","coordinates":[[[2.399253,48.870779],[2.398117,48.870485],[2.397596,48.870296],[2.396793,48.870167],[2.395751,48.870089],[2.395358,48.8707],[2.396105,48.87259],[2.39622,48.872563],[2.397107,48.872752],[2.397806,48.872323],[2.397856,48.872363],[2.39927,48.872745],[2.40034,48.871103],[2.399253,48.870779]]]}},{"type":"Feature","properties":{"code":"751207915","name":"Père Lachaise 15","arrondissement":"Paris 20e Arrondissement","green_per_cap":0.122,"income":31010.0,"population":2941.22017976603},"geometry":{"type":"Polygon","coordinates":[[[2.397108,48.866666],[2.394801,48.869606],[2.39459,48.869964],[2.395751,48.870089],[2.396649,48.869317],[2.398077,48.868183],[2.399425,48.868589],[2.400697,48.869112],[2.401428,48.868312],[2.400497,48.868169],[2.400008,48.86803],[2.397108,48.866666]]]}},{"type":"Feature","properties":{"code":"751072704","name":"École Militaire 4","arrondissement":"Paris 7e Arrondissement","green_per_cap":22.608,"income":48090.0,"population":1587.55165726911},"geometry":{"type":"Polygon","coordinates":[[[2.311236,48.847509],[2.310495,48.847976],[2.310325,48.847933],[2.307822,48.849542],[2.310065,48.851748],[2.310569,48.851425],[2.310698,48.851493],[2.312141,48.851613],[2.311704,48.847619],[2.311236,48.847509]]]}},{"type":"Feature","properties":{"code":"751103701","name":"Saint-Vincent de Paul 1","arrondissement":"Paris 10e Arrondissement","green_per_cap":0.0,"income":32510.0,"population":2132.23619881562},"geometry":{"type":"Polygon","coordinates":[[[2.367547,48.884183],[2.368276,48.884122],[2.368718,48.883948],[2.365146,48.881098],[2.364722,48.881327],[2.364531,48.881486],[2.363356,48.882085],[2.363476,48.882176],[2.366997,48.883827],[2.367232,48.883945],[2.367547,48.884183]]]}},{"type":"Feature","properties":{"code":"751114211","name":"Saint-Ambroise 11","arrondissement":"Paris 11e Arrondissement","green_per_cap":0.019,"income":33320.0,"population":1919.69109913286},"geometry":{"type":"Polygon","coordinates":[[[2.376486,48.862634],[2.374441,48.861723],[2.375032,48.861108],[2.374765,48.861006],[2.372858,48.862132],[2.373704,48.862403],[2.373137,48.862925],[2.374079,48.863374],[2.375524,48.863945],[2.376486,48.862634]]]}},{"type":"Feature","properties":{"code":"751124809","name":"Quinze-Vingts 9","arrondissement":"Paris 12e Arrondissement","green_per_cap":0.09,"income":31840.0,"population":2372.58857928042},"geometry":{"type":"Polygon","coordinates":[[[2.377805,48.85089],[2.378555,48.850704],[2.379387,48.850555],[2.378288,48.849173],[2.37867,48.849022],[2.378787,48.848897],[2.378767,48.848724],[2.378596,48.848588],[2.379354,48.846492],[2.37895,48.846445],[2.377724,48.847312],[2.376005,48.848354],[2.376049,48.84853],[2.376166,48.84856],[2.377805,48.85089]]]}},{"type":"Feature","properties":{"code":"751135117","name":"Maison Blanche 17","arrondissement":"Paris 13e Arrondissement","green_per_cap":null,"income":26900.0,"population":1923.61275831859},"geometry":{"type":"Polygon","coordinates":[[[2.341796,48.826448],[2.34254,48.828212],[2.34284,48.828546],[2.345621,48.827905],[2.345214,48.825945],[2.341796,48.826448]]]}},{"type":"Feature","properties":{"code":"751145405","name":"Parc de Montsouris 5","arrondissement":"Paris 14e Arrondissement","green_per_cap":0.77,"income":29460.0,"population":3325.91958942669},"geometry":{"type":"Polygon","coordinates":[[[2.336683,48.827217],[2.332561,48.827815],[2.333273,48.828965],[2.333861,48.829798],[2.333949,48.829845],[2.333923,48.82991],[2.334081,48.83012],[2.334039,48.83025],[2.334182,48.830302],[2.334668,48.831005],[2.33597,48.830602],[2.336736,48.830886],[2.336515,48.827853],[2.336683,48.827217]]]}},{"type":"Feature","properties":{"code":"751155727","name":"Saint-Lambert 27","arrondissement":"Paris 15e Arrondissement","green_per_cap":7.408,"income":27560.0,"population":2855.91097897208},"geometry":{"type":"Polygon","coordinates":[[[2.294161,48.842351],[2.294916,48.842738],[2.295774,48.843605],[2.298539,48.843691],[2.299036,48.841794],[2.299142,48.841568],[2.297004,48.840913],[2.295733,48.840451],[2.294161,48.842351]]]}},{"type":"Feature","properties":{"code":"751187010","name":"Clignancourt 10","arrondissement":"Paris 18e Arrondissement","green_per_cap":null,"income":29530.0,"population":1765.50615079564},"geometry":{"type":"Polygon","coordinates":[[[2.34468,48.889327],[2.346155,48.889507],[2.345312,48.890805],[2.345552,48.890701],[2.346835,48.890328],[2.347412,48.890329],[2.348463,48.890429],[2.348013,48.888387],[2.34468,48.889327]]]}},{"type":"Feature","properties":{"code":"751187023","name":"Clignancourt 23","arrondissement":"Paris 18e Arrondissement","green_per_cap":0.039,"income":17390.0,"population":2537.46950027685},"geometry":{"type":"Polygon","coordinates":[[[2.340735,48.894823],[2.341356,48.895764],[2.343407,48.895812],[2.342991,48.893583],[2.342706,48.893379],[2.341963,48.893809],[2.340735,48.894823]]]}},{"type":"Feature","properties":{"code":"751197315","name":"Villette 15","arrondissement":"Paris 19e Arrondissement","green_per_cap":null,"income":24590.0,"population":2894.25019509628},"geometry":{"type":"Polygon","coordinates":[[[2.3769,48.890563],[2.37507,48.892158],[2.376796,48.893483],[2.378891,48.89244],[2.378993,48.892433],[2.379132,48.892321],[2.3769,48.890563]]]}},{"type":"Feature","properties":{"code":"751197407","name":"Pont de Flandre 7","arrondissement":"Paris 19e Arrondissement","green_per_cap":13.612,"income":null,"population":2390.96671599551},"geometry":{"type":"Polygon","coordinates":[[[2.377577,48.896466],[2.378938,48.896113],[2.379519,48.895922],[2.379697,48.895933],[2.380285,48.89607],[2.381439,48.89591],[2.383334,48.895993],[2.383451,48.895947],[2.383549,48.895847],[2.382755,48.895131],[2.381723,48.894313],[2.379279,48.895682],[2.377681,48.894249],[2.376255,48.894971],[2.376874,48.895501],[2.377577,48.896466]]]}},{"type":"Feature","properties":{"code":"751031101","name":"Les Archives 1","arrondissement":"Paris 3e Arrondissement","green_per_cap":0.463,"income":37610.0,"population":2131.2355464015},"geometry":{"type":"Polygon","coordinates":[[[2.367252,48.860991],[2.367835,48.858568],[2.367247,48.858491],[2.367145,48.858438],[2.367376,48.857711],[2.364478,48.858156],[2.364607,48.861329],[2.366969,48.860999],[2.367252,48.860991]]]}},{"type":"Feature","properties":{"code":"751051702","name":"Saint-Victor 2","arrondissement":"Paris 5e Arrondissement","green_per_cap":7.357,"income":37090.0,"population":1674.26302526221},"geometry":{"type":"Polygon","coordinates":[[[2.352304,48.843784],[2.352398,48.844466],[2.351705,48.846438],[2.351986,48.846396],[2.352814,48.845959],[2.353636,48.845743],[2.354348,48.846051],[2.354545,48.846087],[2.354921,48.843835],[2.355007,48.843663],[2.353016,48.843688],[2.352304,48.843784]]]}},{"type":"Feature","properties":{"code":"751062309","name":"Notre-Dame des Champs 9","arrondissement":"Paris 6e Arrondissement","green_per_cap":0.135,"income":35410.0,"population":2187.24994308903},"geometry":{"type":"Polygon","coordinates":[[[2.323287,48.849819],[2.324162,48.850235],[2.326867,48.851395],[2.326969,48.851315],[2.327918,48.848096],[2.326858,48.846953],[2.326663,48.84697],[2.325416,48.848987],[2.324605,48.848534],[2.323287,48.849819]]]}},{"type":"Feature","properties":{"code":"751072503","name":"Saint-Thomas d'Aquin 3","arrondissement":"Paris 7e Arrondissement","green_per_cap":5.961,"income":44520.0,"population":1829.14195575277},"geometry":{"type":"Polygon","coordinates":[[[2.324162,48.850235],[2.323287,48.849819],[2.320555,48.848425],[2.31902,48.851695],[2.3191,48.852727],[2.319955,48.854952],[2.323846,48.853996],[2.323516,48.851709],[2.324162,48.850235]]]}},{"type":"Feature","properties":{"code":"751135029","name":"Gare 29","arrondissement":"Paris 13e Arrondissement","green_per_cap":2.026,"income":23900.0,"population":3753.86878604551},"geometry":{"type":"Polygon","coordinates":[[[2.365149,48.829176],[2.365049,48.829107],[2.364796,48.829172],[2.362214,48.830248],[2.360693,48.829241],[2.360342,48.829412],[2.360089,48.829482],[2.359934,48.82956],[2.358847,48.830583],[2.358033,48.831583],[2.361896,48.832886],[2.362174,48.832727],[2.363677,48.831591],[2.363875,48.831192],[2.365149,48.829176]]]}},{"type":"Feature","properties":{"code":"751135104","name":"Maison Blanche 4","arrondissement":"Paris 13e Arrondissement","green_per_cap":0.549,"income":22770.0,"population":2533.79792447522},"geometry":{"type":"Polygon","coordinates":[[[2.358512,48.822205],[2.35834,48.822807],[2.361868,48.823692],[2.363325,48.821829],[2.360891,48.821083],[2.36058,48.822514],[2.358512,48.822205]]]}},{"type":"Feature","properties":{"code":"751135206","name":"Croulebarbe 6","arrondissement":"Paris 13e Arrondissement","green_per_cap":0.815,"income":37330.0,"population":3644.38024588491},"geometry":{"type":"Polygon","coordinates":[[[2.341264,48.833093],[2.341672,48.835389],[2.342086,48.838343],[2.345521,48.837633],[2.344849,48.834173],[2.344365,48.834005],[2.342302,48.833487],[2.341264,48.833093]]]}},{"type":"Feature","properties":{"code":"751145512","name":"Petit Montrouge 12","arrondissement":"Paris 14e Arrondissement","green_per_cap":0.208,"income":34410.0,"population":1986.43678935856},"geometry":{"type":"Polygon","coordinates":[[[2.329426,48.830785],[2.327348,48.828378],[2.326771,48.827839],[2.326805,48.828036],[2.32676,48.828182],[2.326206,48.829413],[2.325209,48.831894],[2.329426,48.830785]]]}},{"type":"Feature","properties":{"code":"751187008","name":"Clignancourt 8","arrondissement":"Paris 18e Arrondissement","green_per_cap":2.736,"income":39300.0,"population":1668.05590200417},"geometry":{"type":"Polygon","coordinates":[[[2.340179,48.889691],[2.342937,48.889799],[2.341859,48.888339],[2.341185,48.886627],[2.340653,48.886719],[2.34047,48.886849],[2.340217,48.886941],[2.339696,48.887023],[2.339804,48.888533],[2.340179,48.889691]]]}},{"type":"Feature","properties":{"code":"751187017","name":"Clignancourt 17","arrondissement":"Paris 18e Arrondissement","green_per_cap":null,"income":22750.0,"population":3869.24188838678},"geometry":{"type":"Polygon","coordinates":[[[2.349598,48.891565],[2.351633,48.891188],[2.351459,48.890465],[2.351636,48.889057],[2.351531,48.888299],[2.350742,48.886707],[2.350105,48.885972],[2.349518,48.885413],[2.349571,48.887427],[2.349598,48.891565]]]}},{"type":"Feature","properties":{"code":"751187204","name":"Chapelle 4","arrondissement":"Paris 18e Arrondissement","green_per_cap":0.093,"income":23910.0,"population":2397.58545821903},"geometry":{"type":"Polygon","coordinates":[[[2.360228,48.890165],[2.359897,48.890252],[2.359865,48.890839],[2.360891,48.891123],[2.361255,48.891275],[2.361273,48.89156],[2.361609,48.891967],[2.363419,48.893128],[2.363529,48.893153],[2.363095,48.889926],[2.362541,48.889937],[2.360228,48.890165]]]}},{"type":"Feature","properties":{"code":"751197304","name":"Villette 4","arrondissement":"Paris 19e Arrondissement","green_per_cap":1.526,"income":25490.0,"population":2518.59041704088},"geometry":{"type":"Polygon","coordinates":[[[2.382261,48.885871],[2.379572,48.885181],[2.379427,48.885196],[2.378795,48.88503],[2.378397,48.885673],[2.377004,48.886448],[2.379981,48.887926],[2.382131,48.886033],[2.382261,48.885871]]]}},{"type":"Feature","properties":{"code":"751197307","name":"Villette 7","arrondissement":"Paris 19e Arrondissement","green_per_cap":0.127,"income":17860.0,"population":3153.3812385762},"geometry":{"type":"Polygon","coordinates":[[[2.368718,48.883948],[2.368276,48.884122],[2.364714,48.884366],[2.366704,48.886563],[2.36706,48.887332],[2.369089,48.886623],[2.369242,48.886511],[2.36778,48.88515],[2.367829,48.884983],[2.368023,48.884915],[2.368116,48.884814],[2.368246,48.884803],[2.368974,48.884473],[2.368829,48.884352],[2.369031,48.884237],[2.368718,48.883948]]]}},{"type":"Feature","properties":{"code":"751207712","name":"Belleville 12","arrondissement":"Paris 20e Arrondissement","green_per_cap":0.0,"income":26420.0,"population":2728.44997940745},"geometry":{"type":"Polygon","coordinates":[[[2.385386,48.873935],[2.385692,48.874099],[2.386813,48.874601],[2.388497,48.874765],[2.389645,48.875303],[2.390457,48.875439],[2.392193,48.875462],[2.392917,48.874472],[2.39204,48.873984],[2.391465,48.873737],[2.390933,48.873347],[2.389661,48.873844],[2.389571,48.873856],[2.389525,48.873725],[2.385386,48.873935]]]}},{"type":"Feature","properties":{"code":"751207808","name":"Saint-Fargeau 8","arrondissement":"Paris 20e Arrondissement","green_per_cap":0.059,"income":23720.0,"population":3757.77141905775},"geometry":{"type":"Polygon","coordinates":[[[2.401428,48.868312],[2.400697,48.869112],[2.399253,48.870779],[2.40034,48.871103],[2.400812,48.87121],[2.401857,48.871556],[2.402369,48.871621],[2.404345,48.871683],[2.401428,48.868312]]]}},{"type":"Feature","properties":{"code":"751135099","name":"Seine et Berges 2","arrondissement":"Paris 13e Arrondissement","green_per_cap":null,"income":null,"population":0.0},"geometry":{"type":"Polygon","coordinates":[[[2.374863,48.838054],[2.378358,48.835023],[2.384305,48.830311],[2.388512,48.826744],[2.390072,48.825692],[2.389445,48.825345],[2.3888,48.825106],[2.388308,48.825502],[2.38631,48.826937],[2.384637,48.828286],[2.383837,48.829001],[2.37977,48.832234],[2.379066,48.832713],[2.375535,48.835518],[2.374335,48.836778],[2.373758,48.837463],[2.374863,48.838054]]]}},{"type":"Feature","properties":{"code":"751124701","name":"Bercy 1","arrondissement":"Paris 12e Arrondissement","green_per_cap":0.286,"income":28700.0,"population":2903.84919534584},"geometry":{"type":"Polygon","coordinates":[[[2.386472,48.835907],[2.388987,48.83388],[2.388125,48.833429],[2.38719,48.834215],[2.386241,48.833584],[2.382484,48.836602],[2.383182,48.837021],[2.385348,48.835297],[2.386472,48.835907]]]}},{"type":"Feature","properties":{"code":"751155717","name":"Saint-Lambert 17","arrondissement":"Paris 15e Arrondissement","green_per_cap":0.054,"income":32000.0,"population":2584.19390216946},"geometry":{"type":"Polygon","coordinates":[[[2.300943,48.832653],[2.300985,48.832729],[2.300911,48.832958],[2.302785,48.835388],[2.305181,48.834726],[2.302979,48.832133],[2.300943,48.832653]]]}},{"type":"Feature","properties":{"code":"751155719","name":"Saint-Lambert 19","arrondissement":"Paris 15e Arrondissement","green_per_cap":0.056,"income":33630.0,"population":2099.68715465552},"geometry":{"type":"Polygon","coordinates":[[[2.306837,48.831319],[2.305259,48.831835],[2.306459,48.834351],[2.309153,48.833569],[2.308377,48.832814],[2.307409,48.832],[2.306837,48.831319]]]}},{"type":"Feature","properties":{"code":"751156020","name":"Javel 20","arrondissement":"Paris 15e Arrondissement","green_per_cap":0.224,"income":38550.0,"population":3247.17122361449},"geometry":{"type":"Polygon","coordinates":[[[2.292792,48.843757],[2.295087,48.842895],[2.294916,48.842738],[2.291,48.840775],[2.290362,48.839978],[2.287909,48.841099],[2.290369,48.84208],[2.291962,48.842778],[2.292792,48.843757]]]}},{"type":"Feature","properties":{"code":"751166112","name":"Auteuil 12","arrondissement":"Paris 16e Arrondissement","green_per_cap":null,"income":51290.0,"population":2124.79842947281},"geometry":{"type":"Polygon","coordinates":[[[2.260212,48.843177],[2.263871,48.847654],[2.264097,48.847988],[2.264299,48.84799],[2.265133,48.847847],[2.266307,48.847557],[2.264779,48.845915],[2.26365,48.844495],[2.263108,48.843261],[2.262731,48.841878],[2.261993,48.842211],[2.261551,48.842507],[2.260638,48.842932],[2.260212,48.843177]]]}},{"type":"Feature","properties":{"code":"751155819","name":"Necker 19","arrondissement":"Paris 15e Arrondissement","green_per_cap":null,"income":null,"population":0.0},"geometry":{"type":"Polygon","coordinates":[[[2.323193,48.844091],[2.324642,48.843621],[2.324244,48.843262],[2.321549,48.841098],[2.32141,48.84121],[2.321117,48.842326],[2.322807,48.843714],[2.322805,48.843794],[2.323193,48.844091]]]}},{"type":"Feature","properties":{"code":"751155999","name":"Seine et Berges","arrondissement":"Paris 15e Arrondissement","green_per_cap":null,"income":null,"population":0.0},"geometry":{"type":"Polygon","coordinates":[[[2.280073,48.850289],[2.288074,48.855957],[2.288513,48.857021],[2.289696,48.858183],[2.291053,48.857475],[2.290593,48.857158],[2.290273,48.856842],[2.290042,48.856469],[2.289551,48.855303],[2.289297,48.854939],[2.288763,48.854508],[2.286537,48.852891],[2.28235,48.849925],[2.281614,48.849342],[2.280073,48.850289]]]}},{"type":"Feature","properties":{"code":"751051906","name":"Val de Grâce 6","arrondissement":"Paris 5e Arrondissement","green_per_cap":0.121,"income":39530.0,"population":2272.36717507464},"geometry":{"type":"Polygon","coordinates":[[[2.341301,48.842109],[2.341364,48.842965],[2.342952,48.846098],[2.343859,48.845861],[2.344544,48.845486],[2.344577,48.845338],[2.345329,48.844534],[2.344621,48.843104],[2.343601,48.841232],[2.341301,48.842109]]]}},{"type":"Feature","properties":{"code":"751145617","name":"Plaisance 17","arrondissement":"Paris 14e Arrondissement","green_per_cap":4.639,"income":19510.0,"population":2479.5984035738},"geometry":{"type":"Polygon","coordinates":[[[2.310668,48.833057],[2.312769,48.83475],[2.313102,48.834635],[2.314338,48.833964],[2.314972,48.833715],[2.312864,48.83223],[2.310668,48.833057]]]}},{"type":"Feature","properties":{"code":"751155912","name":"Grenelle 12","arrondissement":"Paris 15e Arrondissement","green_per_cap":0.025,"income":29550.0,"population":3425.39887291077},"geometry":{"type":"Polygon","coordinates":[[[2.295945,48.84709],[2.296805,48.848088],[2.297917,48.849066],[2.301574,48.847934],[2.298702,48.845948],[2.295994,48.847011],[2.295945,48.84709]]]}},{"type":"Feature","properties":{"code":"751166117","name":"Auteuil 17","arrondissement":"Paris 16e Arrondissement","green_per_cap":0.003,"income":43240.0,"population":2509.86808154816},"geometry":{"type":"Polygon","coordinates":[[[2.268133,48.847539],[2.269135,48.847531],[2.270191,48.8485],[2.270623,48.8481],[2.273728,48.84742],[2.27159,48.845299],[2.270541,48.846543],[2.268843,48.847248],[2.268524,48.847426],[2.268133,48.847539]]]}},{"type":"Feature","properties":{"code":"751186922","name":"Grandes Carrières 22","arrondissement":"Paris 18e Arrondissement","green_per_cap":1.18,"income":32650.0,"population":2481.40582135266},"geometry":{"type":"Polygon","coordinates":[[[2.331033,48.895791],[2.332975,48.896061],[2.338472,48.896748],[2.33847,48.896677],[2.337599,48.895338],[2.33268,48.894221],[2.332612,48.894148],[2.331033,48.895791]]]}},{"type":"Feature","properties":{"code":"751166412","name":"Chaillot 12","arrondissement":"Paris 16e Arrondissement","green_per_cap":null,"income":null,"population":825.892462860025},"geometry":{"type":"Polygon","coordinates":[[[2.291574,48.868985],[2.294646,48.87326],[2.295124,48.873207],[2.295737,48.869548],[2.295726,48.868201],[2.29556,48.867896],[2.295342,48.867896],[2.294777,48.868046],[2.291574,48.868985]]]}},{"type":"Feature","properties":{"code":"751051901","name":"Val de Grâce 1","arrondissement":"Paris 5e Arrondissement","green_per_cap":0.403,"income":36270.0,"population":2832.4768981381},"geometry":{"type":"Polygon","coordinates":[[[2.349069,48.837073],[2.347007,48.837316],[2.345521,48.837633],[2.346,48.840304],[2.349814,48.838804],[2.349002,48.837112],[2.349069,48.837073]]]}},{"type":"Feature","properties":{"code":"751083002","name":"Faubourg du Roule 2","arrondissement":"Paris 8e Arrondissement","green_per_cap":0.503,"income":42570.0,"population":3446.92326568481},"geometry":{"type":"Polygon","coordinates":[[[2.297908,48.877745],[2.298155,48.878077],[2.303142,48.87915],[2.305142,48.87807],[2.305183,48.877951],[2.305374,48.877953],[2.30666,48.877368],[2.307934,48.876322],[2.309199,48.875037],[2.30548,48.874888],[2.30523,48.875032],[2.304376,48.875373],[2.300141,48.877228],[2.298746,48.877625],[2.298428,48.877644],[2.297908,48.877745]]]}},{"type":"Feature","properties":{"code":"751124615","name":"Picpus 15","arrondissement":"Paris 12e Arrondissement","green_per_cap":4.902,"income":31470.0,"population":3260.16875707912},"geometry":{"type":"Polygon","coordinates":[[[2.397455,48.842718],[2.395663,48.844929],[2.395171,48.845457],[2.395381,48.845617],[2.398384,48.845297],[2.401845,48.844995],[2.402257,48.845014],[2.401532,48.842986],[2.400367,48.83993],[2.40011,48.839742],[2.397455,48.842718]]]}},{"type":"Feature","properties":{"code":"751134901","name":"Salpêtrière 1","arrondissement":"Paris 13e Arrondissement","green_per_cap":0.647,"income":25830.0,"population":2750.40002615376},"geometry":{"type":"MultiPolygon","coordinates":[[[[2.363501,48.833422],[2.363408,48.833529],[2.359291,48.836572],[2.361559,48.835685],[2.363794,48.834474],[2.366172,48.835369],[2.366319,48.835352],[2.366997,48.834723],[2.367212,48.83466],[2.363501,48.833422]]],[[[2.371356,48.837109],[2.371336,48.837194],[2.371444,48.837289],[2.370858,48.837844],[2.370838,48.837948],[2.370962,48.838073],[2.37239,48.838644],[2.373164,48.838031],[2.373758,48.837463],[2.371973,48.836593],[2.371356,48.837109]]]]}},{"type":"Feature","properties":{"code":"751145310","name":"Montparnasse 10","arrondissement":"Paris 14e Arrondissement","green_per_cap":0.258,"income":40240.0,"population":1761.89036102491},"geometry":{"type":"Polygon","coordinates":[[[2.334862,48.840247],[2.336657,48.839671],[2.337552,48.839431],[2.336618,48.838547],[2.336319,48.838389],[2.335471,48.837556],[2.333481,48.835532],[2.332628,48.834487],[2.332355,48.834711],[2.332128,48.835127],[2.330828,48.838699],[2.331021,48.838782],[2.332503,48.839755],[2.333318,48.839212],[2.334826,48.84018],[2.334862,48.840247]]]}},{"type":"Feature","properties":{"code":"751155705","name":"Saint-Lambert 5","arrondissement":"Paris 15e Arrondissement","green_per_cap":0.837,"income":26600.0,"population":4479.51240429031},"geometry":{"type":"Polygon","coordinates":[[[2.29868,48.833503],[2.297601,48.832534],[2.295802,48.830111],[2.295563,48.829848],[2.292293,48.830928],[2.293372,48.832098],[2.295666,48.834481],[2.29868,48.833503]]]}},{"type":"Feature","properties":{"code":"751155904","name":"Grenelle 4","arrondissement":"Paris 15e Arrondissement","green_per_cap":null,"income":40580.0,"population":2263.52981373022},"geometry":{"type":"Polygon","coordinates":[[[2.290499,48.844668],[2.286857,48.846084],[2.286473,48.846263],[2.286025,48.846539],[2.292421,48.846879],[2.290499,48.844668]]]}},{"type":"Feature","properties":{"code":"751156003","name":"Javel 3","arrondissement":"Paris 15e Arrondissement","green_per_cap":6.329,"income":33060.0,"population":2512.30983792431},"geometry":{"type":"Polygon","coordinates":[[[2.283613,48.836863],[2.283417,48.837049],[2.281774,48.837898],[2.281303,48.838295],[2.282149,48.838774],[2.284161,48.839597],[2.285319,48.838889],[2.285521,48.838927],[2.285883,48.839203],[2.287683,48.838127],[2.28502,48.837399],[2.283613,48.836863]]]}},{"type":"Feature","properties":{"code":"751166309","name":"Porte Dauphine 9","arrondissement":"Paris 16e Arrondissement","green_per_cap":null,"income":48610.0,"population":1855.29844414653},"geometry":{"type":"Polygon","coordinates":[[[2.285049,48.869707],[2.277488,48.871391],[2.284692,48.872193],[2.285318,48.86987],[2.28512,48.869805],[2.285049,48.869707]]]}},{"type":"Feature","properties":{"code":"751197310","name":"Villette 10","arrondissement":"Paris 19e Arrondissement","green_per_cap":3.159,"income":19200.0,"population":5181.36582345374},"geometry":{"type":"Polygon","coordinates":[[[2.374101,48.888373],[2.372578,48.888913],[2.371447,48.889231],[2.371266,48.889254],[2.372247,48.89133],[2.376405,48.890594],[2.3769,48.890563],[2.374101,48.888373]]]}},{"type":"Feature","properties":{"code":"751197601","name":"Combat 1","arrondissement":"Paris 19e Arrondissement","green_per_cap":0.177,"income":29410.0,"population":2513.88585117385},"geometry":{"type":"Polygon","coordinates":[[[2.387452,48.874665],[2.386813,48.874601],[2.385692,48.874099],[2.383925,48.875392],[2.383561,48.875779],[2.383583,48.876068],[2.383878,48.876773],[2.385175,48.876804],[2.385304,48.876835],[2.385372,48.876794],[2.385773,48.876792],[2.387603,48.876334],[2.387531,48.876263],[2.387392,48.875795],[2.387452,48.874665]]]}},{"type":"Feature","properties":{"code":"751166305","name":"Porte Dauphine 5","arrondissement":"Paris 16e Arrondissement","green_per_cap":19.073,"income":36440.0,"population":2082.66477677102},"geometry":{"type":"Polygon","coordinates":[[[2.26917,48.862968],[2.269132,48.863095],[2.268541,48.863123],[2.267849,48.863285],[2.267568,48.863483],[2.267366,48.863719],[2.26848,48.865004],[2.270299,48.867424],[2.271995,48.869393],[2.272178,48.869551],[2.27223,48.86971],[2.272553,48.870033],[2.273103,48.870469],[2.273881,48.87101],[2.274341,48.871279],[2.27409,48.871548],[2.274067,48.871835],[2.274143,48.871968],[2.274412,48.872128],[2.274738,48.872203],[2.275083,48.872183],[2.275424,48.872081],[2.275621,48.871955],[2.2758,48.871726],[2.276472,48.871795],[2.276394,48.871556],[2.275985,48.870966],[2.273306,48.86744],[2.272817,48.866578],[2.272626,48.865946],[2.272485,48.8652],[2.272423,48.864009],[2.271303,48.863649],[2.269997,48.863108],[2.269331,48.862969],[2.26917,48.862968]]]}},{"type":"Feature","properties":{"code":"751186923","name":"Grandes Carrières 23","arrondissement":"Paris 18e Arrondissement","green_per_cap":null,"income":23760.0,"population":4027.12702651435},"geometry":{"type":"Polygon","coordinates":[[[2.327446,48.89304],[2.328293,48.895552],[2.329791,48.895648],[2.331033,48.895791],[2.332612,48.894148],[2.327446,48.89304]]]}},{"type":"Feature","properties":{"code":"751187020","name":"Clignancourt 20","arrondissement":"Paris 18e Arrondissement","green_per_cap":0.104,"income":26120.0,"population":2616.71927658763},"geometry":{"type":"Polygon","coordinates":[[[2.349576,48.895465],[2.348959,48.892802],[2.348747,48.892707],[2.346126,48.895844],[2.349576,48.895465]]]}},{"type":"Feature","properties":{"code":"751207804","name":"Saint-Fargeau 4","arrondissement":"Paris 20e Arrondissement","green_per_cap":null,"income":16720.0,"population":2207.93550464872},"geometry":{"type":"Polygon","coordinates":[[[2.408708,48.870549],[2.409126,48.870601],[2.41032,48.870639],[2.410594,48.870611],[2.410742,48.870654],[2.410875,48.869176],[2.409993,48.869133],[2.410081,48.867911],[2.409011,48.867947],[2.409011,48.868084],[2.408824,48.86908],[2.408708,48.870549]]]}},{"type":"Feature","properties":{"code":"751072505","name":"Saint-Thomas d'Aquin 5","arrondissement":"Paris 7e Arrondissement","green_per_cap":0.004,"income":44830.0,"population":1603.92432636644},"geometry":{"type":"Polygon","coordinates":[[[2.323113,48.858512],[2.324584,48.86004],[2.328759,48.858812],[2.327439,48.856954],[2.325861,48.856047],[2.324486,48.857073],[2.323113,48.858512]]]}},{"type":"Feature","properties":{"code":"751135005","name":"Gare 5","arrondissement":"Paris 13e Arrondissement","green_per_cap":1.181,"income":23220.0,"population":2719.09021606242},"geometry":{"type":"Polygon","coordinates":[[[2.363153,48.822043],[2.360037,48.82602],[2.359988,48.826163],[2.365686,48.823322],[2.363153,48.822043]]]}},{"type":"Feature","properties":{"code":"751155728","name":"Saint-Lambert 28","arrondissement":"Paris 15e Arrondissement","green_per_cap":0.006,"income":34930.0,"population":1752.43441668896},"geometry":{"type":"Polygon","coordinates":[[[2.302678,48.842606],[2.299142,48.841568],[2.299036,48.841794],[2.298539,48.843691],[2.302453,48.842759],[2.302678,48.842606]]]}},{"type":"Feature","properties":{"code":"751166204","name":"Muette 4","arrondissement":"Paris 16e Arrondissement","green_per_cap":0.077,"income":50310.0,"population":2398.95427966201},"geometry":{"type":"Polygon","coordinates":[[[2.270201,48.855569],[2.273048,48.857298],[2.274697,48.856444],[2.275351,48.854867],[2.275517,48.854198],[2.270201,48.855569]]]}},{"type":"Feature","properties":{"code":"751187007","name":"Clignancourt 7","arrondissement":"Paris 18e Arrondissement","green_per_cap":13.941,"income":25760.0,"population":1963.47798872996},"geometry":{"type":"Polygon","coordinates":[[[2.341185,48.886627],[2.341394,48.887147],[2.342195,48.887014],[2.342413,48.887024],[2.342527,48.887066],[2.342704,48.887221],[2.342977,48.887307],[2.343229,48.88728],[2.343507,48.887179],[2.344539,48.887546],[2.345174,48.887634],[2.345184,48.887686],[2.347082,48.887883],[2.347669,48.886926],[2.345065,48.886376],[2.343955,48.886166],[2.343814,48.88598],[2.34368,48.885919],[2.343078,48.885888],[2.342539,48.885761],[2.342226,48.885739],[2.341408,48.885897],[2.34137,48.885996],[2.34139,48.886563],[2.341311,48.886618],[2.341185,48.886627]]]}},{"type":"Feature","properties":{"code":"751197412","name":"Pont de Flandre 12","arrondissement":"Paris 19e Arrondissement","green_per_cap":13.366,"income":null,"population":532.69147586198},"geometry":{"type":"Polygon","coordinates":[[[2.395359,48.889441],[2.392276,48.888627],[2.384347,48.896016],[2.384225,48.896213],[2.384043,48.896309],[2.385479,48.897649],[2.385686,48.89762],[2.387762,48.897635],[2.389346,48.897589],[2.389371,48.897514],[2.390601,48.897415],[2.391439,48.897279],[2.392296,48.897045],[2.392752,48.896824],[2.393184,48.896497],[2.393601,48.896064],[2.394148,48.895264],[2.394311,48.894821],[2.394797,48.892852],[2.395411,48.890096],[2.395643,48.889978],[2.39579,48.88949],[2.395478,48.889398],[2.395359,48.889441]]]}},{"type":"Feature","properties":{"code":"751093304","name":"Saint-Georges 4","arrondissement":"Paris 9e Arrondissement","green_per_cap":1.522,"income":46130.0,"population":2369.30630047795},"geometry":{"type":"Polygon","coordinates":[[[2.331628,48.881507],[2.331411,48.880413],[2.331428,48.879164],[2.332344,48.876839],[2.33232,48.876707],[2.331981,48.876525],[2.331784,48.876463],[2.331324,48.876451],[2.330945,48.876533],[2.330352,48.877777],[2.329349,48.879355],[2.328263,48.881744],[2.328863,48.882178],[2.331628,48.881507]]]}},{"type":"Feature","properties":{"code":"751093607","name":"Rochechouart 7","arrondissement":"Paris 9e Arrondissement","green_per_cap":0.0,"income":34590.0,"population":2221.35525529898},"geometry":{"type":"Polygon","coordinates":[[[2.349836,48.881097],[2.349853,48.880643],[2.34953,48.87969],[2.348713,48.879439],[2.345962,48.879671],[2.346351,48.880489],[2.346597,48.88201],[2.349836,48.881097]]]}},{"type":"Feature","properties":{"code":"751093608","name":"Rochechouart 8","arrondissement":"Paris 9e Arrondissement","green_per_cap":0.392,"income":37460.0,"population":2566.6220033488},"geometry":{"type":"Polygon","coordinates":[[[2.340448,48.880416],[2.34023,48.880775],[2.344442,48.881581],[2.344462,48.881537],[2.34502,48.881643],[2.344997,48.881691],[2.346597,48.88201],[2.346351,48.880489],[2.345962,48.879671],[2.343755,48.880178],[2.340448,48.880416]]]}},{"type":"Feature","properties":{"code":"751124704","name":"Bercy 4","arrondissement":"Paris 12e Arrondissement","green_per_cap":0.056,"income":29970.0,"population":2250.22498316627},"geometry":{"type":"Polygon","coordinates":[[[2.388113,48.838943],[2.385048,48.842006],[2.384864,48.842134],[2.384339,48.842375],[2.384997,48.842637],[2.387363,48.841539],[2.387259,48.841399],[2.387276,48.841266],[2.388813,48.839539],[2.389234,48.838985],[2.388395,48.838925],[2.388113,48.838943]]]}},{"type":"Feature","properties":{"code":"751124804","name":"Quinze-Vingts 4","arrondissement":"Paris 12e Arrondissement","green_per_cap":0.145,"income":37440.0,"population":2291.73830734877},"geometry":{"type":"Polygon","coordinates":[[[2.371424,48.848003],[2.369407,48.846851],[2.367808,48.847969],[2.367638,48.848011],[2.369525,48.852126],[2.369756,48.85175],[2.371424,48.848003]]]}},{"type":"Feature","properties":{"code":"751135025","name":"Gare 25","arrondissement":"Paris 13e Arrondissement","green_per_cap":2.014,"income":25870.0,"population":2115.65317624258},"geometry":{"type":"Polygon","coordinates":[[[2.367672,48.830321],[2.367851,48.83037],[2.368126,48.830515],[2.368214,48.830495],[2.369295,48.829712],[2.368882,48.829664],[2.368791,48.829482],[2.369904,48.82864],[2.371386,48.827669],[2.367354,48.828316],[2.367253,48.828301],[2.366757,48.828576],[2.365365,48.828998],[2.365372,48.829119],[2.365299,48.829172],[2.36542,48.829453],[2.365575,48.829417],[2.367196,48.829993],[2.367539,48.830153],[2.367672,48.830321]]]}},{"type":"Feature","properties":{"code":"751155907","name":"Grenelle 7","arrondissement":"Paris 15e Arrondissement","green_per_cap":2.388,"income":31310.0,"population":2554.12258923717},"geometry":{"type":"Polygon","coordinates":[[[2.288835,48.852109],[2.289946,48.851685],[2.288383,48.849945],[2.285651,48.846776],[2.284115,48.847699],[2.286031,48.849466],[2.28616,48.84963],[2.28627,48.849663],[2.288835,48.852109]]]}},{"type":"Feature","properties":{"code":"751166211","name":"Muette 11","arrondissement":"Paris 16e Arrondissement","green_per_cap":null,"income":48120.0,"population":2279.69979805003},"geometry":{"type":"Polygon","coordinates":[[[2.277517,48.857953],[2.27788,48.856208],[2.277498,48.855914],[2.276609,48.855401],[2.274697,48.856444],[2.273048,48.857298],[2.274405,48.858174],[2.274701,48.858228],[2.274939,48.858322],[2.275196,48.85814],[2.277517,48.857953]]]}},{"type":"Feature","properties":{"code":"751187018","name":"Clignancourt 18","arrondissement":"Paris 18e Arrondissement","green_per_cap":1.281,"income":21490.0,"population":2342.38572439078},"geometry":{"type":"Polygon","coordinates":[[[2.351633,48.891188],[2.349598,48.891565],[2.349552,48.891705],[2.349782,48.891832],[2.351029,48.893619],[2.352771,48.894946],[2.35291,48.895112],[2.352874,48.894229],[2.352611,48.893159],[2.351681,48.891408],[2.351633,48.891188]]]}},{"type":"Feature","properties":{"code":"751187021","name":"Clignancourt 21","arrondissement":"Paris 18e Arrondissement","green_per_cap":1.321,"income":29330.0,"population":3808.57193980733},"geometry":{"type":"Polygon","coordinates":[[[2.344313,48.892531],[2.345372,48.894335],[2.346126,48.895844],[2.349099,48.89229],[2.348832,48.892215],[2.34873,48.89172],[2.344313,48.892531]]]}},{"type":"Feature","properties":{"code":"751010402","name":"Place Vendôme 2","arrondissement":"Paris 1er Arrondissement","green_per_cap":null,"income":38990.0,"population":1260.99286656103},"geometry":{"type":"Polygon","coordinates":[[[2.325888,48.869577],[2.327999,48.869921],[2.330284,48.868318],[2.333661,48.867507],[2.331943,48.864919],[2.328541,48.86661],[2.326976,48.867216],[2.325876,48.867529],[2.324584,48.867949],[2.325319,48.869012],[2.325166,48.869417],[2.325888,48.869577]]]}},{"type":"Feature","properties":{"code":"751083105","name":"Madeleine 5","arrondissement":"Paris 8e Arrondissement","green_per_cap":0.137,"income":45700.0,"population":1459.5080253697},"geometry":{"type":"Polygon","coordinates":[[[2.325166,48.869417],[2.325319,48.869012],[2.324584,48.867949],[2.323267,48.868379],[2.321847,48.868788],[2.320608,48.869089],[2.319664,48.869384],[2.318738,48.869761],[2.317493,48.870438],[2.318171,48.8712],[2.317762,48.871344],[2.318111,48.871451],[2.318413,48.871674],[2.318459,48.871728],[2.318333,48.871932],[2.319267,48.871864],[2.319563,48.873402],[2.320818,48.873525],[2.323465,48.869827],[2.323732,48.869391],[2.323927,48.869294],[2.324272,48.869264],[2.325166,48.869417]]]}},{"type":"Feature","properties":{"code":"751062203","name":"Odéon 3","arrondissement":"Paris 6e Arrondissement","green_per_cap":0.045,"income":37190.0,"population":2076.67180214443},"geometry":{"type":"Polygon","coordinates":[[[2.335843,48.853174],[2.338792,48.852466],[2.338721,48.852268],[2.338681,48.851818],[2.338477,48.851823],[2.33826,48.85154],[2.337057,48.851471],[2.335665,48.851316],[2.334864,48.851325],[2.333911,48.851232],[2.33369,48.851253],[2.332911,48.851192],[2.332895,48.851299],[2.331919,48.851381],[2.331969,48.852225],[2.331796,48.852309],[2.331884,48.852403],[2.332303,48.852525],[2.333139,48.852645],[2.333624,48.852644],[2.335059,48.852894],[2.335642,48.853044],[2.335843,48.853174]]]}},{"type":"Feature","properties":{"code":"751093603","name":"Rochechouart 3","arrondissement":"Paris 9e Arrondissement","green_per_cap":0.09,"income":31920.0,"population":1611.55478225332},"geometry":{"type":"Polygon","coordinates":[[[2.34322,48.879246],[2.342413,48.877729],[2.342222,48.877011],[2.34191,48.876859],[2.340571,48.877093],[2.341326,48.878792],[2.340988,48.879234],[2.341229,48.879706],[2.34322,48.879246]]]}},{"type":"Feature","properties":{"code":"751124604","name":"Picpus 4","arrondissement":"Paris 12e Arrondissement","green_per_cap":0.179,"income":23370.0,"population":2031.23622325636},"geometry":{"type":"Polygon","coordinates":[[[2.39129,48.837223],[2.391823,48.836973],[2.393176,48.836627],[2.393035,48.83644],[2.394202,48.835894],[2.395988,48.834963],[2.3968,48.834623],[2.394908,48.83361],[2.393997,48.834224],[2.392799,48.835275],[2.39129,48.837223]]]}},{"type":"Feature","properties":{"code":"751145624","name":"Plaisance 24","arrondissement":"Paris 14e Arrondissement","green_per_cap":18.634,"income":35810.0,"population":2310.86335393423},"geometry":{"type":"Polygon","coordinates":[[[2.317386,48.838433],[2.319877,48.840539],[2.321394,48.839777],[2.321833,48.84011],[2.321988,48.840025],[2.322067,48.839906],[2.322609,48.838558],[2.322673,48.838175],[2.322807,48.837978],[2.322888,48.837631],[2.32247,48.837629],[2.322237,48.837434],[2.319068,48.835993],[2.318464,48.836923],[2.318148,48.836922],[2.318021,48.836972],[2.317912,48.837089],[2.317898,48.837225],[2.317956,48.837339],[2.318147,48.837445],[2.31774,48.837883],[2.317652,48.838163],[2.317386,48.838433]]]}},{"type":"Feature","properties":{"code":"751155711","name":"Saint-Lambert 11","arrondissement":"Paris 15e Arrondissement","green_per_cap":7.998,"income":34860.0,"population":1870.86008693617},"geometry":{"type":"Polygon","coordinates":[[[2.291955,48.837388],[2.293688,48.835965],[2.293219,48.836096],[2.290623,48.836027],[2.290419,48.836006],[2.289685,48.835805],[2.28924,48.838403],[2.289408,48.838593],[2.290153,48.838794],[2.291955,48.837388]]]}},{"type":"Feature","properties":{"code":"751166206","name":"Muette 6","arrondissement":"Paris 16e Arrondissement","green_per_cap":54.209,"income":49750.0,"population":1952.35601569489},"geometry":{"type":"Polygon","coordinates":[[[2.267414,48.855243],[2.263846,48.856084],[2.264672,48.857364],[2.265805,48.857039],[2.266191,48.85699],[2.266498,48.857004],[2.267628,48.858638],[2.268211,48.859755],[2.270385,48.858365],[2.272633,48.858272],[2.272587,48.858017],[2.271944,48.857841],[2.269299,48.85731],[2.269134,48.855838],[2.26925,48.855809],[2.26871,48.854878],[2.267414,48.855243]]]}},{"type":"Feature","properties":{"code":"751187027","name":"Clignancourt 27","arrondissement":"Paris 18e Arrondissement","green_per_cap":3.45,"income":null,"population":3024.12015222305},"geometry":{"type":"Polygon","coordinates":[[[2.344128,48.901328],[2.351984,48.901485],[2.352481,48.898353],[2.347286,48.898191],[2.346622,48.898131],[2.346176,48.898186],[2.344148,48.898064],[2.344108,48.898186],[2.344176,48.898614],[2.344124,48.900686],[2.344299,48.901193],[2.344128,48.901328]]]}},{"type":"Feature","properties":{"code":"751197388","name":"Bassin de la Villette","arrondissement":"Paris 19e Arrondissement","green_per_cap":null,"income":null,"population":0.0},"geometry":{"type":"Polygon","coordinates":[[[2.370084,48.882787],[2.369301,48.883313],[2.368718,48.883948],[2.369193,48.884381],[2.369459,48.88429],[2.369962,48.884379],[2.377256,48.888046],[2.378879,48.888836],[2.378919,48.888801],[2.378968,48.888835],[2.379191,48.888638],[2.379325,48.888608],[2.382636,48.890261],[2.383075,48.889887],[2.379682,48.888209],[2.379647,48.888161],[2.379707,48.888163],[2.379981,48.887926],[2.371167,48.883552],[2.370586,48.882883],[2.370276,48.8828],[2.370084,48.882787]]]}},{"type":"Feature","properties":{"code":"751093609","name":"Rochechouart 9","arrondissement":"Paris 9e Arrondissement","green_per_cap":4.25,"income":37020.0,"population":2013.52274835016},"geometry":{"type":"Polygon","coordinates":[[[2.339551,48.882062],[2.339802,48.882024],[2.346909,48.883414],[2.346895,48.88314],[2.346597,48.88201],[2.344997,48.881691],[2.34502,48.881643],[2.344462,48.881537],[2.344442,48.881581],[2.34023,48.880775],[2.339678,48.881916],[2.339551,48.882062]]]}},{"type":"Feature","properties":{"code":"751114308","name":"Roquette 8","arrondissement":"Paris 11e Arrondissement","green_per_cap":null,"income":27750.0,"population":1882.32750104665},"geometry":{"type":"Polygon","coordinates":[[[2.376788,48.856392],[2.377877,48.856776],[2.380429,48.85359],[2.379445,48.853397],[2.378734,48.853317],[2.378162,48.854367],[2.377967,48.854432],[2.378067,48.854606],[2.377599,48.855333],[2.376788,48.856392]]]}},{"type":"Feature","properties":{"code":"751114312","name":"Roquette 12","arrondissement":"Paris 11e Arrondissement","green_per_cap":2.174,"income":34370.0,"population":1591.04528450874},"geometry":{"type":"Polygon","coordinates":[[[2.370255,48.853271],[2.369124,48.853166],[2.368229,48.856943],[2.368857,48.857124],[2.369213,48.855928],[2.369318,48.855936],[2.369893,48.855492],[2.370941,48.857793],[2.371629,48.85803],[2.370486,48.855457],[2.371646,48.85569],[2.372015,48.855352],[2.372457,48.855549],[2.373053,48.854943],[2.371333,48.854283],[2.370255,48.853271]]]}},{"type":"Feature","properties":{"code":"751155706","name":"Saint-Lambert 6","arrondissement":"Paris 15e Arrondissement","green_per_cap":28.968,"income":35530.0,"population":2472.21599009273},"geometry":{"type":"Polygon","coordinates":[[[2.288254,48.832595],[2.290467,48.83409],[2.292095,48.832854],[2.292269,48.832923],[2.293372,48.832098],[2.292293,48.830928],[2.289418,48.832172],[2.288705,48.832401],[2.288254,48.832595]]]}},{"type":"Feature","properties":{"code":"751155817","name":"Necker 17","arrondissement":"Paris 15e Arrondissement","green_per_cap":0.021,"income":34900.0,"population":2394.06358360522},"geometry":{"type":"Polygon","coordinates":[[[2.320121,48.845097],[2.323193,48.844091],[2.322805,48.843794],[2.322807,48.843714],[2.321117,48.842326],[2.321,48.842404],[2.320734,48.843105],[2.320591,48.843255],[2.318437,48.842885],[2.316657,48.843125],[2.317825,48.844452],[2.318827,48.844705],[2.320121,48.845097]]]}},{"type":"Feature","properties":{"code":"751176809","name":"Épinettes 9","arrondissement":"Paris 17e Arrondissement","green_per_cap":4.228,"income":26330.0,"population":2464.47886558596},"geometry":{"type":"Polygon","coordinates":[[[2.328992,48.897632],[2.32745,48.893052],[2.325366,48.893467],[2.327468,48.897062],[2.327885,48.897599],[2.328992,48.897632]]]}},{"type":"Feature","properties":{"code":"751208015","name":"Charonne 15","arrondissement":"Paris 20e Arrondissement","green_per_cap":2.405,"income":30600.0,"population":2724.17465386127},"geometry":{"type":"Polygon","coordinates":[[[2.398395,48.851302],[2.397079,48.852991],[2.397174,48.853047],[2.398467,48.853405],[2.399445,48.853725],[2.39993,48.854037],[2.401477,48.855231],[2.402627,48.853965],[2.401539,48.853403],[2.400782,48.852954],[2.399365,48.851907],[2.399538,48.851538],[2.398395,48.851302]]]}},{"type":"Feature","properties":{"code":"751072601","name":"Invalides 1","arrondissement":"Paris 7e Arrondissement","green_per_cap":2.37,"income":47760.0,"population":1849.05303981628},"geometry":{"type":"Polygon","coordinates":[[[2.318003,48.859232],[2.322425,48.857794],[2.321122,48.856473],[2.319955,48.854952],[2.3191,48.852727],[2.31902,48.851695],[2.317123,48.851762],[2.318052,48.855437],[2.316888,48.855704],[2.317534,48.857566],[2.318003,48.859232]]]}},{"type":"Feature","properties":{"code":"751072603","name":"Invalides 3","arrondissement":"Paris 7e Arrondissement","green_per_cap":8.848,"income":null,"population":783.248403724148},"geometry":{"type":"Polygon","coordinates":[[[2.310425,48.862596],[2.310425,48.862911],[2.310605,48.86294],[2.310761,48.862906],[2.311653,48.862919],[2.311606,48.861885],[2.311131,48.858099],[2.30996,48.857279],[2.310146,48.859929],[2.310425,48.862596]]]}},{"type":"Feature","properties":{"code":"751093605","name":"Rochechouart 5","arrondissement":"Paris 9e Arrondissement","green_per_cap":0.0,"income":37080.0,"population":2215.82278817199},"geometry":{"type":"Polygon","coordinates":[[[2.34025,48.87994],[2.340448,48.880416],[2.343755,48.880178],[2.345962,48.879671],[2.345314,48.87877],[2.34025,48.87994]]]}},{"type":"Feature","properties":{"code":"751114108","name":"Folie Méricourt 8","arrondissement":"Paris 11e Arrondissement","green_per_cap":0.54,"income":31370.0,"population":2277.40843950423},"geometry":{"type":"Polygon","coordinates":[[[2.370662,48.866002],[2.371235,48.866177],[2.369784,48.868479],[2.371692,48.868237],[2.372444,48.868092],[2.374557,48.865256],[2.370662,48.866002]]]}},{"type":"Feature","properties":{"code":"751114404","name":"Sainte-Marguerite 4","arrondissement":"Paris 11e Arrondissement","green_per_cap":0.153,"income":34370.0,"population":2289.47709877062},"geometry":{"type":"Polygon","coordinates":[[[2.378555,48.850704],[2.373813,48.851874],[2.374578,48.852935],[2.374702,48.853034],[2.375086,48.853205],[2.375544,48.853303],[2.37684,48.853271],[2.378214,48.853267],[2.37852,48.853294],[2.378463,48.852744],[2.378275,48.852657],[2.377925,48.851717],[2.377943,48.851646],[2.37879,48.851515],[2.378555,48.850704]]]}},{"type":"Feature","properties":{"code":"751186903","name":"Grandes Carrières 3","arrondissement":"Paris 18e Arrondissement","green_per_cap":107.436,"income":32250.0,"population":2017.28810646121},"geometry":{"type":"Polygon","coordinates":[[[2.332742,48.883749],[2.329638,48.884559],[2.330798,48.885437],[2.332436,48.886485],[2.332602,48.886632],[2.334771,48.885833],[2.332843,48.883952],[2.332742,48.883749]]]}},{"type":"Feature","properties":{"code":"751208022","name":"Charonne 22","arrondissement":"Paris 20e Arrondissement","green_per_cap":5.635,"income":21400.0,"population":1792.99423633444},"geometry":{"type":"Polygon","coordinates":[[[2.405873,48.861859],[2.408204,48.864279],[2.408541,48.864388],[2.408507,48.864504],[2.408742,48.864515],[2.408734,48.863927],[2.409336,48.860707],[2.409231,48.860613],[2.409053,48.860557],[2.408483,48.860104],[2.407264,48.859545],[2.407236,48.859728],[2.407011,48.860188],[2.406794,48.860483],[2.406465,48.861138],[2.405873,48.861859]]]}},{"type":"Feature","properties":{"code":"751156099","name":"Seine et Berges","arrondissement":"Paris 15e Arrondissement","green_per_cap":6292.902,"income":null,"population":46.9999359012089},"geometry":{"type":"Polygon","coordinates":[[[2.264993,48.834237],[2.262792,48.833923],[2.266032,48.836838],[2.275464,48.846704],[2.278021,48.848888],[2.280073,48.850289],[2.281614,48.849342],[2.280748,48.848772],[2.27758,48.846487],[2.276938,48.846081],[2.276335,48.845496],[2.27621,48.845424],[2.274576,48.843628],[2.274542,48.843578],[2.274596,48.843517],[2.271826,48.840474],[2.271596,48.840414],[2.27154,48.840303],[2.271564,48.84022],[2.271501,48.840259],[2.27133,48.840276],[2.271078,48.840227],[2.270896,48.840136],[2.270059,48.839254],[2.269995,48.839054],[2.269826,48.838857],[2.269695,48.838783],[2.269582,48.838773],[2.269596,48.838619],[2.268925,48.838062],[2.268494,48.837463],[2.26795,48.836821],[2.26698,48.836023],[2.267359,48.835899],[2.267116,48.835626],[2.266884,48.835406],[2.266012,48.834965],[2.26568,48.834644],[2.265175,48.83439],[2.264993,48.834237]]]}},{"type":"Feature","properties":{"code":"751072705","name":"École Militaire 5","arrondissement":"Paris 7e Arrondissement","green_per_cap":7.551,"income":57720.0,"population":1791.26076631657},"geometry":{"type":"Polygon","coordinates":[[[2.310569,48.851425],[2.306404,48.854101],[2.314734,48.8537],[2.314504,48.851803],[2.313857,48.851779],[2.310698,48.851493],[2.310569,48.851425]]]}},{"type":"Feature","properties":{"code":"751072804","name":"Gros Caillou 4","arrondissement":"Paris 7e Arrondissement","green_per_cap":0.017,"income":39250.0,"population":2766.95804990507},"geometry":{"type":"Polygon","coordinates":[[[2.304314,48.857141],[2.303513,48.858804],[2.304439,48.859083],[2.306848,48.859587],[2.307834,48.859727],[2.310146,48.859929],[2.310034,48.858055],[2.306845,48.857882],[2.305939,48.857687],[2.304314,48.857141]]]}},{"type":"Feature","properties":{"code":"751114109","name":"Folie Méricourt 9","arrondissement":"Paris 11e Arrondissement","green_per_cap":null,"income":24950.0,"population":2747.17304490523},"geometry":{"type":"Polygon","coordinates":[[[2.374928,48.868433],[2.376305,48.868841],[2.377485,48.869227],[2.378388,48.868051],[2.378565,48.867983],[2.373504,48.866684],[2.372444,48.868092],[2.372994,48.868072],[2.373368,48.868103],[2.374928,48.868433]]]}},{"type":"Feature","properties":{"code":"751145509","name":"Petit Montrouge 9","arrondissement":"Paris 14e Arrondissement","green_per_cap":null,"income":36130.0,"population":1857.387312431},"geometry":{"type":"Polygon","coordinates":[[[2.332561,48.827815],[2.332474,48.827648],[2.332115,48.82762],[2.32937,48.826361],[2.328371,48.826901],[2.32899,48.827847],[2.332561,48.827815]]]}},{"type":"Feature","properties":{"code":"751156018","name":"Javel 18","arrondissement":"Paris 15e Arrondissement","green_per_cap":null,"income":29910.0,"population":2925.36492220237},"geometry":{"type":"Polygon","coordinates":[[[2.285539,48.842154],[2.286189,48.842832],[2.286322,48.843295],[2.286367,48.843762],[2.289309,48.842677],[2.289921,48.842385],[2.290369,48.84208],[2.287909,48.841099],[2.285539,48.842154]]]}},{"type":"Feature","properties":{"code":"751197515","name":"Amérique 15","arrondissement":"Paris 19e Arrondissement","green_per_cap":0.0,"income":33030.0,"population":2030.17094460871},"geometry":{"type":"Polygon","coordinates":[[[2.390172,48.880012],[2.389497,48.879596],[2.388405,48.880499],[2.385564,48.88299],[2.387906,48.883224],[2.388422,48.881728],[2.388617,48.881577],[2.3892,48.880957],[2.389793,48.88024],[2.390172,48.880012]]]}},{"type":"Feature","properties":{"code":"751207903","name":"Père Lachaise 3","arrondissement":"Paris 20e Arrondissement","green_per_cap":0.013,"income":28360.0,"population":2387.04772047054},"geometry":{"type":"Polygon","coordinates":[[[2.399136,48.864077],[2.399846,48.864169],[2.401726,48.863462],[2.402223,48.863268],[2.402713,48.862988],[2.403245,48.862618],[2.403452,48.862401],[2.401741,48.861571],[2.401242,48.862032],[2.400203,48.861718],[2.40002,48.862571],[2.399772,48.863165],[2.399136,48.864077]]]}},{"type":"Feature","properties":{"code":"751083208","name":"Europe 8","arrondissement":"Paris 8e Arrondissement","green_per_cap":0.132,"income":null,"population":729.918542729459},"geometry":{"type":"Polygon","coordinates":[[[2.327009,48.879651],[2.326964,48.877848],[2.326852,48.875873],[2.326666,48.875544],[2.326209,48.875546],[2.324217,48.875252],[2.323944,48.875544],[2.322649,48.878045],[2.322235,48.878753],[2.322298,48.878805],[2.323217,48.879023],[2.323323,48.879102],[2.323455,48.879098],[2.323502,48.879064],[2.326566,48.879561],[2.326657,48.879617],[2.326895,48.879666],[2.327009,48.879651]]]}},{"type":"Feature","properties":{"code":"751083210","name":"Europe 10","arrondissement":"Paris 8e Arrondissement","green_per_cap":0.0,"income":null,"population":861.436391575443},"geometry":{"type":"Polygon","coordinates":[[[2.309199,48.875037],[2.307934,48.876322],[2.30666,48.877368],[2.3101,48.877511],[2.310441,48.877572],[2.314506,48.87568],[2.315792,48.875279],[2.309199,48.875037]]]}},{"type":"Feature","properties":{"code":"751041599","name":"Seine et Berges 3","arrondissement":"Paris 4e Arrondissement","green_per_cap":null,"income":null,"population":0.0},"geometry":{"type":"Polygon","coordinates":[[[2.36538,48.846709],[2.364455,48.846186],[2.362492,48.847642],[2.361058,48.848556],[2.360964,48.849194],[2.360751,48.849617],[2.360626,48.850077],[2.360536,48.85056],[2.360519,48.851185],[2.360393,48.851504],[2.360133,48.851757],[2.360489,48.852061],[2.360229,48.852167],[2.36037,48.85239],[2.360489,48.852355],[2.360921,48.852146],[2.361292,48.851804],[2.361388,48.851511],[2.361458,48.849923],[2.361642,48.849509],[2.364792,48.847376],[2.36538,48.846709]]]}},{"type":"Feature","properties":{"code":"751155714","name":"Saint-Lambert 14","arrondissement":"Paris 15e Arrondissement","green_per_cap":null,"income":34180.0,"population":1871.65971541783},"geometry":{"type":"Polygon","coordinates":[[[2.296441,48.837226],[2.298061,48.836757],[2.297236,48.836131],[2.295666,48.834481],[2.293997,48.836084],[2.296441,48.837226]]]}},{"type":"Feature","properties":{"code":"751155716","name":"Saint-Lambert 16","arrondissement":"Paris 15e Arrondissement","green_per_cap":0.076,"income":31130.0,"population":2747.41003449249},"geometry":{"type":"Polygon","coordinates":[[[2.302785,48.835388],[2.300911,48.832958],[2.300985,48.832729],[2.300943,48.832653],[2.30048,48.8328],[2.29868,48.833503],[2.299628,48.83435],[2.300345,48.835085],[2.300698,48.835514],[2.300856,48.83595],[2.302785,48.835388]]]}},{"type":"Feature","properties":{"code":"751093301","name":"Saint-Georges 1","arrondissement":"Paris 9e Arrondissement","green_per_cap":null,"income":41910.0,"population":1610.28235465593},"geometry":{"type":"Polygon","coordinates":[[[2.337323,48.880017],[2.34003,48.879383],[2.339842,48.878899],[2.339244,48.876766],[2.339089,48.87687],[2.337611,48.87832],[2.337431,48.878332],[2.337402,48.878396],[2.337453,48.878465],[2.336837,48.878994],[2.337323,48.880017]]]}},{"type":"Feature","properties":{"code":"751104005","name":"Hôpital Saint-Louis 5","arrondissement":"Paris 10e Arrondissement","green_per_cap":0.932,"income":20240.0,"population":1610.16515121325},"geometry":{"type":"Polygon","coordinates":[[[2.373301,48.875285],[2.374534,48.874178],[2.374141,48.874363],[2.374007,48.874301],[2.37337,48.874522],[2.373187,48.874546],[2.370601,48.873399],[2.370316,48.873752],[2.370318,48.875223],[2.371427,48.874838],[2.37249,48.87466],[2.373175,48.875283],[2.373301,48.875285]]]}},{"type":"Feature","properties":{"code":"751145516","name":"Petit Montrouge 16","arrondissement":"Paris 14e Arrondissement","green_per_cap":null,"income":35540.0,"population":2117.29074134145},"geometry":{"type":"Polygon","coordinates":[[[2.325812,48.833564],[2.326855,48.834975],[2.330545,48.833616],[2.331519,48.833224],[2.330671,48.832209],[2.328198,48.832987],[2.328114,48.832886],[2.325812,48.833564]]]}},{"type":"Feature","properties":{"code":"751155710","name":"Saint-Lambert 10","arrondissement":"Paris 15e Arrondissement","green_per_cap":26.003,"income":32340.0,"population":4164.15800998289},"geometry":{"type":"Polygon","coordinates":[[[2.289685,48.835805],[2.288549,48.835938],[2.287717,48.835951],[2.286707,48.835771],[2.285916,48.835493],[2.284918,48.834998],[2.284138,48.834538],[2.283992,48.834368],[2.282661,48.834832],[2.281029,48.835336],[2.281324,48.835937],[2.283613,48.836863],[2.28502,48.837399],[2.289408,48.838593],[2.28924,48.838403],[2.289685,48.835805]]]}},{"type":"Feature","properties":{"code":"751176513","name":"Ternes 13","arrondissement":"Paris 17e Arrondissement","green_per_cap":1.802,"income":43450.0,"population":1915.22298580243},"geometry":{"type":"Polygon","coordinates":[[[2.29099,48.885375],[2.290948,48.885252],[2.291062,48.885107],[2.29298,48.883598],[2.293733,48.882888],[2.291972,48.881934],[2.289226,48.884223],[2.289512,48.88446],[2.29099,48.885375]]]}},{"type":"Feature","properties":{"code":"751207901","name":"Père Lachaise 1","arrondissement":"Paris 20e Arrondissement","green_per_cap":0.101,"income":27800.0,"population":3690.98404726806},"geometry":{"type":"Polygon","coordinates":[[[2.406332,48.862352],[2.405815,48.861797],[2.405628,48.861728],[2.404973,48.861072],[2.404875,48.861055],[2.404591,48.861371],[2.403915,48.861931],[2.403245,48.862618],[2.402713,48.862988],[2.402223,48.863268],[2.399846,48.864169],[2.399136,48.864077],[2.398599,48.864783],[2.398681,48.864884],[2.40414,48.864682],[2.404344,48.864365],[2.40407,48.863745],[2.404003,48.863497],[2.404061,48.863385],[2.404612,48.862978],[2.405008,48.86279],[2.406332,48.862352]]]}},{"type":"Feature","properties":{"code":"751207917","name":"Père Lachaise 17","arrondissement":"Paris 20e Arrondissement","green_per_cap":1643.003,"income":null,"population":4.99998956192076},"geometry":{"type":"Polygon","coordinates":[[[2.40414,48.864682],[2.398681,48.864884],[2.398599,48.864783],[2.39847,48.86474],[2.39832,48.864763],[2.398222,48.864818],[2.398191,48.864912],[2.39822,48.864999],[2.398309,48.865061],[2.398492,48.865084],[2.398605,48.865053],[2.401428,48.868312],[2.402262,48.867244],[2.40414,48.864682]]]}},{"type":"Feature","properties":{"code":"751166216","name":"Muette 16","arrondissement":"Paris 16e Arrondissement","green_per_cap":null,"income":48010.0,"population":1869.85138831847},"geometry":{"type":"Polygon","coordinates":[[[2.280782,48.857883],[2.279948,48.857752],[2.278912,48.857752],[2.277517,48.857953],[2.275196,48.85814],[2.274939,48.858322],[2.278032,48.859492],[2.279006,48.859731],[2.280622,48.858495],[2.280782,48.857883]]]}},{"type":"Feature","properties":{"code":"751197401","name":"Pont de Flandre 1","arrondissement":"Paris 19e Arrondissement","green_per_cap":17.382,"income":19020.0,"population":1864.10349425764},"geometry":{"type":"Polygon","coordinates":[[[2.38035,48.902059],[2.38453,48.902148],[2.389332,48.901161],[2.390837,48.900907],[2.395518,48.898265],[2.397668,48.894606],[2.398236,48.89264],[2.398772,48.890261],[2.39579,48.88949],[2.395643,48.889978],[2.395411,48.890096],[2.394797,48.892852],[2.394311,48.894821],[2.394148,48.895264],[2.393601,48.896064],[2.393184,48.896497],[2.392752,48.896824],[2.392296,48.897045],[2.391439,48.897279],[2.390601,48.897415],[2.389371,48.897514],[2.389346,48.897589],[2.387762,48.897635],[2.385686,48.89762],[2.385479,48.897649],[2.384152,48.896411],[2.383978,48.896494],[2.383006,48.898038],[2.382906,48.898061],[2.382459,48.898714],[2.38035,48.902059]]]}},{"type":"Feature","properties":{"code":"751197406","name":"Pont de Flandre 6","arrondissement":"Paris 19e Arrondissement","green_per_cap":null,"income":20440.0,"population":4928.80969080424},"geometry":{"type":"Polygon","coordinates":[[[2.381723,48.894313],[2.379132,48.892321],[2.378993,48.892433],[2.378891,48.89244],[2.376796,48.893483],[2.379279,48.895682],[2.381723,48.894313]]]}},{"type":"Feature","properties":{"code":"751093401","name":"Chaussée d'Antin 1","arrondissement":"Paris 9e Arrondissement","green_per_cap":0.0,"income":null,"population":169.780239702423},"geometry":{"type":"Polygon","coordinates":[[[2.337123,48.87149],[2.334155,48.870968],[2.333835,48.87165],[2.333764,48.871913],[2.333242,48.87295],[2.337436,48.872383],[2.337123,48.87149]]]}},{"type":"Feature","properties":{"code":"751124812","name":"Quinze-Vingts 12","arrondissement":"Paris 12e Arrondissement","green_per_cap":0.22,"income":null,"population":751.147233207487},"geometry":{"type":"Polygon","coordinates":[[[2.368364,48.845269],[2.371144,48.845533],[2.371191,48.845427],[2.372233,48.844489],[2.372704,48.844148],[2.376423,48.842113],[2.373759,48.840769],[2.372656,48.841723],[2.372493,48.841953],[2.371492,48.842809],[2.368364,48.845269]]]}},{"type":"Feature","properties":{"code":"751020801","name":"Bonne Nouvelle 1","arrondissement":"Paris 2e Arrondissement","green_per_cap":0.016,"income":30390.0,"population":2213.24135115634},"geometry":{"type":"Polygon","coordinates":[[[2.352661,48.869685],[2.354253,48.869324],[2.350955,48.863402],[2.349018,48.863859],[2.350116,48.864113],[2.350268,48.864907],[2.350602,48.865682],[2.35113,48.86653],[2.351547,48.86734],[2.352197,48.868912],[2.352661,48.869685]]]}},{"type":"Feature","properties":{"code":"751103707","name":"Saint-Vincent de Paul 7","arrondissement":"Paris 10e Arrondissement","green_per_cap":0.122,"income":28360.0,"population":2683.12823018721},"geometry":{"type":"Polygon","coordinates":[[[2.361727,48.882619],[2.361341,48.882066],[2.361775,48.881948],[2.362023,48.880612],[2.357597,48.879462],[2.357208,48.879523],[2.358185,48.881432],[2.359042,48.882861],[2.361727,48.882619]]]}},{"type":"Feature","properties":{"code":"751124803","name":"Quinze-Vingts 3","arrondissement":"Paris 12e Arrondissement","green_per_cap":0.172,"income":39850.0,"population":2219.69914211054},"geometry":{"type":"Polygon","coordinates":[[[2.368364,48.845269],[2.366877,48.846435],[2.366989,48.846589],[2.367638,48.848011],[2.367808,48.847969],[2.369407,48.846851],[2.371424,48.848003],[2.372354,48.845894],[2.372508,48.845775],[2.372668,48.845736],[2.372682,48.845682],[2.368364,48.845269]]]}},{"type":"Feature","properties":{"code":"751145515","name":"Petit Montrouge 15","arrondissement":"Paris 14e Arrondissement","green_per_cap":1.478,"income":33770.0,"population":2726.45691462628},"geometry":{"type":"Polygon","coordinates":[[[2.333861,48.829798],[2.331031,48.829702],[2.330974,48.830147],[2.331354,48.830651],[2.329791,48.831204],[2.332628,48.834487],[2.333327,48.834102],[2.333629,48.834046],[2.33367,48.83398],[2.333789,48.833942],[2.335837,48.833356],[2.335896,48.833317],[2.3359,48.833208],[2.336072,48.833161],[2.334182,48.830302],[2.334039,48.83025],[2.334081,48.83012],[2.333923,48.82991],[2.333949,48.829845],[2.333861,48.829798]]]}},{"type":"Feature","properties":{"code":"751166409","name":"Chaillot 9","arrondissement":"Paris 16e Arrondissement","green_per_cap":null,"income":40540.0,"population":2428.18605838686},"geometry":{"type":"Polygon","coordinates":[[[2.294249,48.874036],[2.295032,48.873773],[2.295543,48.873303],[2.295124,48.873207],[2.294646,48.87326],[2.291574,48.868985],[2.287223,48.872467],[2.291424,48.872935],[2.292479,48.873549],[2.294163,48.873731],[2.294153,48.873849],[2.294249,48.874036]]]}},{"type":"Feature","properties":{"code":"751187015","name":"Clignancourt 15","arrondissement":"Paris 18e Arrondissement","green_per_cap":0.274,"income":30640.0,"population":2034.79267839289},"geometry":{"type":"Polygon","coordinates":[[[2.34873,48.89172],[2.348542,48.89159],[2.345568,48.89078],[2.345493,48.890828],[2.345312,48.890805],[2.344416,48.89106],[2.343639,48.891207],[2.344313,48.892531],[2.34873,48.89172]]]}},{"type":"Feature","properties":{"code":"751208002","name":"Charonne 2","arrondissement":"Paris 20e Arrondissement","green_per_cap":10.534,"income":29090.0,"population":1936.59650785081},"geometry":{"type":"Polygon","coordinates":[[[2.411069,48.847047],[2.406296,48.847455],[2.406578,48.848823],[2.406284,48.851496],[2.407017,48.851659],[2.407506,48.850358],[2.408935,48.850529],[2.409264,48.849004],[2.411242,48.849061],[2.411361,48.849097],[2.411069,48.847047]]]}},{"type":"Feature","properties":{"code":"751030902","name":"Arts et Métiers 2","arrondissement":"Paris 3e Arrondissement","green_per_cap":0.0,"income":34230.0,"population":1883.57102435947},"geometry":{"type":"Polygon","coordinates":[[[2.362918,48.867162],[2.362839,48.867084],[2.362147,48.866817],[2.362011,48.866804],[2.360325,48.866416],[2.360193,48.866533],[2.355123,48.867661],[2.354886,48.867687],[2.355023,48.86792],[2.358539,48.867417],[2.358726,48.867984],[2.362918,48.867162]]]}},{"type":"Feature","properties":{"code":"751176616","name":"Plaine Monceau 16","arrondissement":"Paris 17e Arrondissement","green_per_cap":26.165,"income":17700.0,"population":2604.79092608},"geometry":{"type":"Polygon","coordinates":[[[2.29178,48.889473],[2.295013,48.889875],[2.297327,48.891054],[2.299608,48.892173],[2.300588,48.892629],[2.302601,48.891028],[2.302344,48.890991],[2.301698,48.890647],[2.295417,48.887714],[2.295158,48.887617],[2.294716,48.887548],[2.294351,48.887318],[2.294083,48.88724],[2.293783,48.88707],[2.293038,48.887395],[2.292563,48.887856],[2.291741,48.88942],[2.29178,48.889473]]]}},{"type":"Feature","properties":{"code":"751010205","name":"Les Halles 5","arrondissement":"Paris 1er Arrondissement","green_per_cap":null,"income":null,"population":0.0},"geometry":{"type":"Polygon","coordinates":[[[2.348445,48.86238],[2.347748,48.860987],[2.345432,48.86155],[2.344853,48.861643],[2.342298,48.862206],[2.342216,48.86226],[2.342323,48.862259],[2.342444,48.862323],[2.342555,48.862507],[2.342376,48.862594],[2.342308,48.862683],[2.342274,48.862818],[2.342203,48.862864],[2.342311,48.863035],[2.34265,48.863146],[2.342976,48.863158],[2.34315,48.863516],[2.343872,48.863337],[2.344285,48.86331],[2.345025,48.863145],[2.345536,48.863129],[2.345882,48.862942],[2.348445,48.86238]]]}},{"type":"Feature","properties":{"code":"751010303","name":"Palais Royal 3","arrondissement":"Paris 1er Arrondissement","green_per_cap":null,"income":null,"population":357.427485271635},"geometry":{"type":"Polygon","coordinates":[[[2.335572,48.863144],[2.339469,48.862135],[2.33913,48.861476],[2.332107,48.863762],[2.332703,48.864568],[2.335572,48.863144]]]}},{"type":"Feature","properties":{"code":"751010202","name":"Les Halles 2","arrondissement":"Paris 1er Arrondissement","green_per_cap":0.093,"income":38680.0,"population":1681.09505208785},"geometry":{"type":"Polygon","coordinates":[[[2.33913,48.861476],[2.339469,48.862135],[2.341222,48.861708],[2.342515,48.861436],[2.344951,48.861059],[2.345239,48.860964],[2.345855,48.860667],[2.346828,48.859595],[2.346883,48.859611],[2.347359,48.859063],[2.347445,48.858935],[2.34744,48.858766],[2.33913,48.861476]]]}},{"type":"Feature","properties":{"code":"751072806","name":"Gros Caillou 6","arrondissement":"Paris 7e Arrondissement","green_per_cap":289.855,"income":65140.0,"population":1697.78939073081},"geometry":{"type":"Polygon","coordinates":[[[2.305448,48.854272],[2.304297,48.853504],[2.300697,48.855866],[2.30001,48.856296],[2.299268,48.856678],[2.298894,48.857008],[2.296377,48.858609],[2.296848,48.858944],[2.294875,48.860198],[2.29548,48.860646],[2.29772,48.859236],[2.305448,48.854272]]]}},{"type":"Feature","properties":{"code":"751155812","name":"Necker 12","arrondissement":"Paris 15e Arrondissement","green_per_cap":0.899,"income":44830.0,"population":1935.64039521668},"geometry":{"type":"Polygon","coordinates":[[[2.30366,48.849505],[2.308355,48.846491],[2.308731,48.846344],[2.309479,48.84588],[2.309969,48.84538],[2.308619,48.845768],[2.308426,48.845934],[2.306164,48.846578],[2.301574,48.847934],[2.301781,48.847997],[2.30184,48.848099],[2.302446,48.848523],[2.302321,48.848606],[2.30366,48.849505]]]}},{"type":"Feature","properties":{"code":"751187014","name":"Clignancourt 14","arrondissement":"Paris 18e Arrondissement","green_per_cap":null,"income":27220.0,"population":1771.26868879759},"geometry":{"type":"Polygon","coordinates":[[[2.345312,48.890805],[2.345493,48.890828],[2.345568,48.89078],[2.348542,48.89159],[2.34873,48.89172],[2.348463,48.890429],[2.347412,48.890329],[2.346835,48.890328],[2.345552,48.890701],[2.345312,48.890805]]]}},{"type":"Feature","properties":{"code":"751187205","name":"Chapelle 5","arrondissement":"Paris 18e Arrondissement","green_per_cap":2.999,"income":21190.0,"population":2960.52391434278},"geometry":{"type":"Polygon","coordinates":[[[2.363529,48.893153],[2.363419,48.893128],[2.361609,48.891967],[2.361273,48.89156],[2.361255,48.891275],[2.360891,48.891123],[2.359865,48.890839],[2.359777,48.89222],[2.359339,48.895062],[2.359453,48.895074],[2.359605,48.895168],[2.363529,48.893153]]]}},{"type":"Feature","properties":{"code":"751197602","name":"Combat 2","arrondissement":"Paris 19e Arrondissement","green_per_cap":0.005,"income":30280.0,"population":5157.12345048616},"geometry":{"type":"Polygon","coordinates":[[[2.383878,48.876773],[2.38299,48.876943],[2.382594,48.877085],[2.381262,48.877693],[2.38155,48.878114],[2.382079,48.878597],[2.382472,48.878791],[2.383151,48.879022],[2.384693,48.879344],[2.385585,48.879448],[2.386779,48.879504],[2.388367,48.87952],[2.388196,48.878578],[2.387931,48.877647],[2.387778,48.876717],[2.387603,48.876334],[2.385773,48.876792],[2.385372,48.876794],[2.385304,48.876835],[2.385175,48.876804],[2.383878,48.876773]]]}},{"type":"Feature","properties":{"code":"751208018","name":"Charonne 18","arrondissement":"Paris 20e Arrondissement","green_per_cap":1.48,"income":21520.0,"population":2520.13938724485},"geometry":{"type":"Polygon","coordinates":[[[2.40601,48.858855],[2.406332,48.858558],[2.407576,48.857727],[2.405877,48.856297],[2.405776,48.856254],[2.405862,48.856115],[2.405668,48.856075],[2.40494,48.856185],[2.404552,48.856864],[2.403921,48.85762],[2.405836,48.858893],[2.405897,48.858843],[2.40601,48.858855]]]}},{"type":"Feature","properties":{"code":"751104008","name":"Hôpital Saint-Louis 8","arrondissement":"Paris 10e Arrondissement","green_per_cap":8.082,"income":26480.0,"population":3213.44460783228},"geometry":{"type":"Polygon","coordinates":[[[2.362825,48.87447],[2.362884,48.874205],[2.361407,48.87455],[2.359606,48.875133],[2.359219,48.875399],[2.359522,48.875947],[2.360302,48.875826],[2.360376,48.875885],[2.360559,48.876092],[2.361911,48.87836],[2.362323,48.87891],[2.362524,48.878986],[2.362897,48.879236],[2.364449,48.878445],[2.36541,48.877687],[2.363104,48.875052],[2.362825,48.87447]]]}},{"type":"Feature","properties":{"code":"751187105","name":"Goutte d'Or 5","arrondissement":"Paris 18e Arrondissement","green_per_cap":null,"income":19650.0,"population":1861.96546763937},"geometry":{"type":"Polygon","coordinates":[[[2.353566,48.888475],[2.356051,48.888706],[2.35632,48.887336],[2.353448,48.887105],[2.353566,48.888475]]]}},{"type":"Feature","properties":{"code":"751197516","name":"Amérique 16","arrondissement":"Paris 19e Arrondissement","green_per_cap":0.128,"income":16230.0,"population":1599.95637945902},"geometry":{"type":"Polygon","coordinates":[[[2.393378,48.88225],[2.393225,48.882136],[2.393283,48.882095],[2.393264,48.881985],[2.392886,48.881932],[2.392812,48.881988],[2.392836,48.88207],[2.38835,48.883058],[2.387906,48.883224],[2.38841,48.883286],[2.388838,48.883395],[2.391281,48.884342],[2.393378,48.88225]]]}},{"type":"Feature","properties":{"code":"751124888","name":"Bassin de l'Arsenal","arrondissement":"Paris 12e Arrondissement","green_per_cap":null,"income":null,"population":0.0},"geometry":{"type":"Polygon","coordinates":[[[2.366042,48.847083],[2.366444,48.84731],[2.368972,48.852845],[2.369094,48.852823],[2.369371,48.852243],[2.369525,48.852126],[2.366989,48.846589],[2.366877,48.846435],[2.366042,48.847083]]]}},{"type":"Feature","properties":{"code":"751031103","name":"Les Archives 3","arrondissement":"Paris 3e Arrondissement","green_per_cap":3.792,"income":38890.0,"population":1621.08204581162},"geometry":{"type":"Polygon","coordinates":[[[2.364314,48.856458],[2.361768,48.857244],[2.359345,48.858339],[2.356864,48.860084],[2.358186,48.861239],[2.360775,48.859949],[2.36214,48.859208],[2.362214,48.858953],[2.362279,48.858898],[2.364478,48.858156],[2.364427,48.856675],[2.364314,48.856458]]]}},{"type":"Feature","properties":{"code":"751041501","name":"Arsenal 1","arrondissement":"Paris 4e Arrondissement","green_per_cap":0.379,"income":30860.0,"population":3654.21152247144},"geometry":{"type":"Polygon","coordinates":[[[2.366042,48.847083],[2.36538,48.846709],[2.364792,48.847376],[2.361642,48.849509],[2.361458,48.849923],[2.361432,48.85082],[2.363691,48.85154],[2.367437,48.852676],[2.368428,48.852931],[2.368069,48.852572],[2.36591,48.847809],[2.365754,48.847608],[2.365541,48.847467],[2.366042,48.847083]]]}},{"type":"Feature","properties":{"code":"751114405","name":"Sainte-Marguerite 5","arrondissement":"Paris 11e Arrondissement","green_per_cap":0.163,"income":28830.0,"population":1963.05223845721},"geometry":{"type":"Polygon","coordinates":[[[2.379387,48.850555],[2.378555,48.850704],[2.37879,48.851515],[2.377943,48.851646],[2.377925,48.851717],[2.378275,48.852657],[2.378463,48.852744],[2.37852,48.853294],[2.379445,48.853397],[2.380429,48.85359],[2.381143,48.852584],[2.380311,48.851124],[2.380115,48.850455],[2.379387,48.850555]]]}},{"type":"Feature","properties":{"code":"751135002","name":"Gare 2","arrondissement":"Paris 13e Arrondissement","green_per_cap":1.814,"income":17010.0,"population":1922.38158641803},"geometry":{"type":"Polygon","coordinates":[[[2.375761,48.820056],[2.366927,48.817248],[2.364739,48.820006],[2.367299,48.820841],[2.370992,48.822151],[2.373153,48.822856],[2.373086,48.822641],[2.372477,48.821549],[2.373241,48.821686],[2.374924,48.822089],[2.37573,48.820701],[2.375761,48.820056]]]}},{"type":"Feature","properties":{"code":"751145507","name":"Petit Montrouge 7","arrondissement":"Paris 14e Arrondissement","green_per_cap":0.079,"income":36620.0,"population":1891.48822085552},"geometry":{"type":"Polygon","coordinates":[[[2.326771,48.827839],[2.32701,48.827877],[2.327254,48.82785],[2.32899,48.827847],[2.328371,48.826901],[2.32937,48.826361],[2.326339,48.824936],[2.325936,48.824816],[2.326226,48.82609],[2.326797,48.827796],[2.326771,48.827839]]]}},{"type":"Feature","properties":{"code":"751155918","name":"Grenelle 18","arrondissement":"Paris 15e Arrondissement","green_per_cap":0.0,"income":38300.0,"population":3116.66927218858},"geometry":{"type":"Polygon","coordinates":[[[2.291053,48.857475],[2.295381,48.854707],[2.293738,48.853456],[2.291685,48.851778],[2.29141,48.851656],[2.290579,48.852504],[2.290652,48.852596],[2.288763,48.854508],[2.289297,48.854939],[2.289551,48.855303],[2.290042,48.856469],[2.290273,48.856842],[2.290593,48.857158],[2.291053,48.857475]]]}},{"type":"Feature","properties":{"code":"751166114","name":"Auteuil 14","arrondissement":"Paris 16e Arrondissement","green_per_cap":null,"income":29680.0,"population":2100.37479546214},"geometry":{"type":"Polygon","coordinates":[[[2.268023,48.842273],[2.265113,48.840772],[2.264042,48.841252],[2.263798,48.841402],[2.264832,48.843103],[2.264984,48.843258],[2.265152,48.84321],[2.265576,48.843298],[2.26584,48.843313],[2.266246,48.84324],[2.266857,48.842983],[2.268023,48.842273]]]}},{"type":"Feature","properties":{"code":"751166306","name":"Porte Dauphine 6","arrondissement":"Paris 16e Arrondissement","green_per_cap":26.182,"income":46350.0,"population":2528.41448603135},"geometry":{"type":"Polygon","coordinates":[[[2.276661,48.871587],[2.278982,48.87106],[2.277013,48.867625],[2.274173,48.868598],[2.275985,48.870966],[2.276394,48.871556],[2.276472,48.871795],[2.276661,48.871587]]]}},{"type":"Feature","properties":{"code":"751186910","name":"Grandes Carrières 10","arrondissement":"Paris 18e Arrondissement","green_per_cap":0.009,"income":39090.0,"population":2563.90933952047},"geometry":{"type":"Polygon","coordinates":[[[2.335777,48.890348],[2.335716,48.890091],[2.3358,48.888956],[2.335573,48.888779],[2.335474,48.888614],[2.335568,48.88835],[2.334762,48.887685],[2.334558,48.887721],[2.334302,48.887634],[2.333733,48.887892],[2.33305,48.888486],[2.334305,48.890557],[2.335777,48.890348]]]}},{"type":"Feature","properties":{"code":"751187201","name":"Chapelle 1","arrondissement":"Paris 18e Arrondissement","green_per_cap":19.151,"income":17800.0,"population":2765.44249014698},"geometry":{"type":"Polygon","coordinates":[[[2.368128,48.889701],[2.367561,48.888624],[2.36706,48.887332],[2.366704,48.886563],[2.364714,48.884366],[2.3615,48.884407],[2.361052,48.886519],[2.363095,48.889926],[2.364716,48.889897],[2.368128,48.889701]]]}},{"type":"Feature","properties":{"code":"751062302","name":"Notre-Dame des Champs 2","arrondissement":"Paris 6e Arrondissement","green_per_cap":null,"income":48510.0,"population":1636.63426441898},"geometry":{"type":"Polygon","coordinates":[[[2.33241,48.844858],[2.334856,48.842338],[2.334079,48.841951],[2.333042,48.841311],[2.332239,48.841876],[2.331526,48.843131],[2.331244,48.843445],[2.330605,48.843977],[2.33241,48.844858]]]}},{"type":"Feature","properties":{"code":"751114314","name":"Roquette 14","arrondissement":"Paris 11e Arrondissement","green_per_cap":null,"income":32790.0,"population":1986.55074003134},"geometry":{"type":"Polygon","coordinates":[[[2.371646,48.85569],[2.376995,48.857933],[2.377877,48.856776],[2.374432,48.855529],[2.373053,48.854943],[2.372457,48.855549],[2.372015,48.855352],[2.371646,48.85569]]]}},{"type":"Feature","properties":{"code":"751010206","name":"Les Halles 6","arrondissement":"Paris 1er Arrondissement","green_per_cap":null,"income":null,"population":643.846108764393},"geometry":{"type":"Polygon","coordinates":[[[2.341202,48.865744],[2.343083,48.865285],[2.344975,48.864825],[2.342742,48.863636],[2.342376,48.863846],[2.340446,48.864741],[2.341202,48.865744]]]}},{"type":"Feature","properties":{"code":"751082906","name":"Champs Élysées 6","arrondissement":"Paris 8e Arrondissement","green_per_cap":null,"income":null,"population":15.8969806097446},"geometry":{"type":"Polygon","coordinates":[[[2.29621,48.872494],[2.295543,48.873303],[2.295032,48.873773],[2.295831,48.873537],[2.302318,48.871442],[2.302598,48.871377],[2.301876,48.870559],[2.299986,48.871397],[2.296749,48.872421],[2.296666,48.872411],[2.296513,48.872471],[2.296421,48.872583],[2.29621,48.872494]]]}},{"type":"Feature","properties":{"code":"751197525","name":"Amérique 25","arrondissement":"Paris 19e Arrondissement","green_per_cap":321.886,"income":null,"population":124.76484212095},"geometry":{"type":"Polygon","coordinates":[[[2.407934,48.877572],[2.406583,48.877114],[2.406266,48.877526],[2.405946,48.877673],[2.40241,48.87835],[2.401616,48.878641],[2.401849,48.878675],[2.401927,48.878737],[2.401789,48.879138],[2.401707,48.879208],[2.4015,48.879718],[2.401445,48.880121],[2.40149,48.880475],[2.401714,48.881093],[2.402114,48.88159],[2.402657,48.881323],[2.403259,48.881096],[2.40527,48.880524],[2.405883,48.880314],[2.406488,48.880045],[2.406995,48.879734],[2.407708,48.879135],[2.407973,48.878688],[2.408191,48.878508],[2.408575,48.877963],[2.408207,48.877828],[2.407934,48.877572]]]}},{"type":"Feature","properties":{"code":"751072606","name":"Invalides 6","arrondissement":"Paris 7e Arrondissement","green_per_cap":255.447,"income":null,"population":239.998949828347},"geometry":{"type":"Polygon","coordinates":[[[2.314734,48.8537],[2.309534,48.853958],[2.30996,48.857279],[2.311131,48.858099],[2.311606,48.861885],[2.31166,48.862805],[2.31519,48.862892],[2.314614,48.858127],[2.314752,48.858041],[2.31522,48.857982],[2.314734,48.8537]]]}},{"type":"Feature","properties":{"code":"751093503","name":"Faubourg Montmartre 3","arrondissement":"Paris 9e Arrondissement","green_per_cap":0.085,"income":39170.0,"population":4079.18671669465},"geometry":{"type":"Polygon","coordinates":[[[2.348666,48.87662],[2.348227,48.875785],[2.347901,48.874019],[2.34242,48.874035],[2.342325,48.874101],[2.343716,48.875896],[2.344345,48.876536],[2.346113,48.876566],[2.346171,48.876474],[2.347291,48.876753],[2.347392,48.87664],[2.347479,48.876614],[2.348666,48.87662]]]}},{"type":"Feature","properties":{"code":"751103901","name":"Porte Saint-Martin 1","arrondissement":"Paris 10e Arrondissement","green_per_cap":0.0,"income":29430.0,"population":2072.64474360608},"geometry":{"type":"Polygon","coordinates":[[[2.369358,48.869485],[2.367611,48.868819],[2.365942,48.870985],[2.367916,48.871749],[2.369358,48.869485]]]}},{"type":"Feature","properties":{"code":"751103903","name":"Porte Saint-Martin 3","arrondissement":"Paris 10e Arrondissement","green_per_cap":null,"income":35120.0,"population":1634.41322536761},"geometry":{"type":"Polygon","coordinates":[[[2.36542,48.868153],[2.364356,48.867745],[2.363008,48.868516],[2.361193,48.870549],[2.361399,48.87084],[2.362099,48.871497],[2.362852,48.871106],[2.36438,48.869152],[2.36542,48.868153]]]}},{"type":"Feature","properties":{"code":"751103907","name":"Porte Saint-Martin 7","arrondissement":"Paris 10e Arrondissement","green_per_cap":0.0,"income":31170.0,"population":2066.97874745185},"geometry":{"type":"Polygon","coordinates":[[[2.360026,48.870217],[2.357203,48.871759],[2.358325,48.873769],[2.360825,48.870958],[2.360026,48.870217]]]}},{"type":"Feature","properties":{"code":"751114202","name":"Saint-Ambroise 2","arrondissement":"Paris 11e Arrondissement","green_per_cap":0.72,"income":29170.0,"population":2097.74996291983},"geometry":{"type":"Polygon","coordinates":[[[2.387201,48.863086],[2.387378,48.862898],[2.385213,48.862297],[2.384135,48.862081],[2.382571,48.861578],[2.381177,48.863941],[2.381199,48.864007],[2.383384,48.863576],[2.38685,48.862937],[2.38707,48.86307],[2.387201,48.863086]]]}},{"type":"Feature","properties":{"code":"751114310","name":"Roquette 10","arrondissement":"Paris 11e Arrondissement","green_per_cap":null,"income":36790.0,"population":1809.83484074569},"geometry":{"type":"Polygon","coordinates":[[[2.37274,48.854809],[2.374432,48.855529],[2.375096,48.855764],[2.3769,48.853432],[2.376928,48.853339],[2.37684,48.853271],[2.375544,48.853303],[2.375086,48.853205],[2.3729,48.854567],[2.37274,48.854809]]]}},{"type":"Feature","properties":{"code":"751124508","name":"Bel-Air 8","arrondissement":"Paris 12e Arrondissement","green_per_cap":9.087,"income":34530.0,"population":2090.88905004319},"geometry":{"type":"Polygon","coordinates":[[[2.405367,48.843311],[2.405743,48.844724],[2.410318,48.844318],[2.409469,48.841732],[2.409224,48.841763],[2.408325,48.841739],[2.408832,48.843883],[2.408316,48.843962],[2.407908,48.842919],[2.406546,48.843157],[2.405367,48.843311]]]}},{"type":"Feature","properties":{"code":"751135202","name":"Croulebarbe 2","arrondissement":"Paris 13e Arrondissement","green_per_cap":1.137,"income":25410.0,"population":1657.18613503801},"geometry":{"type":"Polygon","coordinates":[[[2.354457,48.831039],[2.350005,48.829648],[2.349249,48.829711],[2.347192,48.830287],[2.348164,48.830982],[2.349907,48.832079],[2.350392,48.831729],[2.350567,48.831652],[2.350716,48.831655],[2.351112,48.831906],[2.351633,48.832083],[2.351757,48.832069],[2.352752,48.831668],[2.352648,48.830643],[2.35438,48.831203],[2.354457,48.831039]]]}},{"type":"Feature","properties":{"code":"751145505","name":"Petit Montrouge 5","arrondissement":"Paris 14e Arrondissement","green_per_cap":1.32,"income":27420.0,"population":3605.61341332461},"geometry":{"type":"Polygon","coordinates":[[[2.319585,48.826177],[2.32231,48.828882],[2.322663,48.829313],[2.326376,48.827948],[2.326771,48.827839],[2.32169,48.82562],[2.321023,48.82585],[2.319585,48.826177]]]}},{"type":"Feature","properties":{"code":"751156013","name":"Javel 13","arrondissement":"Paris 15e Arrondissement","green_per_cap":0.201,"income":36730.0,"population":2303.66923970341},"geometry":{"type":"Polygon","coordinates":[[[2.276938,48.846081],[2.277094,48.846192],[2.27732,48.846199],[2.277439,48.846125],[2.279514,48.846236],[2.280787,48.845575],[2.281345,48.84607],[2.283085,48.845124],[2.283905,48.844764],[2.282748,48.843442],[2.276938,48.846081]]]}},{"type":"Feature","properties":{"code":"751166102","name":"Auteuil 2","arrondissement":"Paris 16e Arrondissement","green_per_cap":0.036,"income":28220.0,"population":2472.1624156164},"geometry":{"type":"Polygon","coordinates":[[[2.262969,48.839698],[2.265113,48.840772],[2.267322,48.839801],[2.2663,48.838747],[2.265566,48.838096],[2.263778,48.83636],[2.263732,48.83652],[2.263609,48.83662],[2.262926,48.836723],[2.263539,48.837269],[2.263574,48.837437],[2.26276,48.837789],[2.263186,48.838108],[2.262001,48.838539],[2.263336,48.839609],[2.262969,48.839698]]]}},{"type":"Feature","properties":{"code":"751166122","name":"Auteuil 22","arrondissement":"Paris 16e Arrondissement","green_per_cap":null,"income":50840.0,"population":2679.89133550492},"geometry":{"type":"Polygon","coordinates":[[[2.264775,48.855851],[2.266089,48.855545],[2.265779,48.855117],[2.265429,48.853969],[2.265267,48.853656],[2.264252,48.85214],[2.265243,48.851392],[2.265846,48.850362],[2.264708,48.849914],[2.264023,48.850523],[2.263829,48.850755],[2.263538,48.85122],[2.263399,48.851687],[2.263262,48.851743],[2.262972,48.85168],[2.262342,48.851723],[2.262483,48.852736],[2.262864,48.853618],[2.263669,48.854861],[2.264369,48.855568],[2.264775,48.855851]]]}},{"type":"Feature","properties":{"code":"751176512","name":"Ternes 12","arrondissement":"Paris 17e Arrondissement","green_per_cap":0.974,"income":40300.0,"population":2680.33591358896},"geometry":{"type":"Polygon","coordinates":[[[2.29099,48.885375],[2.292295,48.886171],[2.293235,48.885527],[2.293121,48.885465],[2.293432,48.885425],[2.293548,48.88528],[2.294499,48.884464],[2.294397,48.884417],[2.296392,48.882923],[2.295544,48.881263],[2.293733,48.882888],[2.29298,48.883598],[2.291062,48.885107],[2.290948,48.885252],[2.29099,48.885375]]]}},{"type":"Feature","properties":{"code":"751187001","name":"Clignancourt 1","arrondissement":"Paris 18e Arrondissement","green_per_cap":0.067,"income":28200.0,"population":2979.49867055481},"geometry":{"type":"Polygon","coordinates":[[[2.349465,48.883725],[2.346909,48.883414],[2.347201,48.884601],[2.347669,48.886926],[2.348013,48.888387],[2.349238,48.887454],[2.34934,48.887423],[2.349571,48.887427],[2.349465,48.883725]]]}},{"type":"Feature","properties":{"code":"751062205","name":"Jardin du Luxembourg","arrondissement":"Paris 6e Arrondissement","green_per_cap":null,"income":null,"population":0.0},"geometry":{"type":"Polygon","coordinates":[[[2.340634,48.846972],[2.338983,48.843924],[2.337584,48.844254],[2.336186,48.844313],[2.332902,48.844357],[2.33241,48.844858],[2.332467,48.844885],[2.33269,48.848692],[2.335445,48.849242],[2.337328,48.849298],[2.337783,48.849283],[2.33841,48.849187],[2.338716,48.849061],[2.339119,48.848803],[2.340448,48.84727],[2.340508,48.847037],[2.340634,48.846972]]]}},{"type":"Feature","properties":{"code":"751156021","name":"Javel 21","arrondissement":"Paris 15e Arrondissement","green_per_cap":null,"income":null,"population":0.0},"geometry":{"type":"Polygon","coordinates":[[[2.269582,48.838773],[2.269695,48.838783],[2.269826,48.838857],[2.269995,48.839054],[2.270059,48.839254],[2.270896,48.840136],[2.271078,48.840227],[2.27133,48.840276],[2.271501,48.840259],[2.271673,48.840159],[2.271883,48.840163],[2.271958,48.840063],[2.272784,48.839722],[2.273726,48.839756],[2.274569,48.839408],[2.274744,48.839373],[2.275459,48.839402],[2.276101,48.839146],[2.276161,48.839092],[2.276226,48.838692],[2.275198,48.837711],[2.276291,48.837392],[2.277256,48.837159],[2.278636,48.83686],[2.278252,48.836086],[2.274883,48.836853],[2.274055,48.837087],[2.271473,48.837946],[2.269582,48.838773]]]}},{"type":"Feature","properties":{"code":"751062311","name":"Notre-Dame des Champs 11","arrondissement":"Paris 6e Arrondissement","green_per_cap":0.0,"income":48580.0,"population":1748.67382602036},"geometry":{"type":"Polygon","coordinates":[[[2.331664,48.848412],[2.328125,48.847397],[2.327918,48.848096],[2.331796,48.852309],[2.331969,48.852225],[2.331919,48.851381],[2.332049,48.851367],[2.331807,48.850261],[2.331664,48.848412]]]}},{"type":"Feature","properties":{"code":"751104007","name":"Hôpital Saint-Louis 7","arrondissement":"Paris 10e Arrondissement","green_per_cap":0.604,"income":25190.0,"population":3035.03152653962},"geometry":{"type":"Polygon","coordinates":[[[2.370287,48.878464],[2.37029,48.877991],[2.370576,48.877734],[2.370389,48.877632],[2.370066,48.877685],[2.369907,48.877562],[2.36854,48.876152],[2.367497,48.875375],[2.36494,48.873705],[2.363569,48.874051],[2.363465,48.874423],[2.363624,48.87481],[2.365126,48.876494],[2.366164,48.877764],[2.366346,48.877646],[2.366738,48.877599],[2.367599,48.87773],[2.367851,48.877984],[2.368102,48.877891],[2.368144,48.877968],[2.368294,48.878013],[2.368474,48.87797],[2.36851,48.877883],[2.36936,48.877883],[2.369452,48.877851],[2.369528,48.8779],[2.369884,48.877952],[2.36987,48.87815],[2.369927,48.878339],[2.370087,48.878467],[2.370287,48.878464]]]}},{"type":"Feature","properties":{"code":"751124606","name":"Picpus 6","arrondissement":"Paris 12e Arrondissement","green_per_cap":null,"income":25590.0,"population":2638.53876459857},"geometry":{"type":"Polygon","coordinates":[[[2.396787,48.839145],[2.402263,48.837132],[2.399628,48.83581],[2.39844,48.836719],[2.39669,48.838232],[2.396246,48.838699],[2.39587,48.839174],[2.39582,48.839298],[2.396787,48.839145]]]}},{"type":"Feature","properties":{"code":"751124609","name":"Picpus 9","arrondissement":"Paris 12e Arrondissement","green_per_cap":0.012,"income":19660.0,"population":2433.79168154243},"geometry":{"type":"Polygon","coordinates":[[[2.393176,48.836627],[2.394376,48.837834],[2.396246,48.838699],[2.39669,48.838232],[2.39844,48.836719],[2.397088,48.835626],[2.393176,48.836627]]]}},{"type":"Feature","properties":{"code":"751124801","name":"Quinze-Vingts 1","arrondissement":"Paris 12e Arrondissement","green_per_cap":14.159,"income":28240.0,"population":3165.01295356258},"geometry":{"type":"Polygon","coordinates":[[[2.37748,48.846276],[2.383782,48.847006],[2.383371,48.844864],[2.382949,48.844819],[2.38165,48.844319],[2.377753,48.846202],[2.37748,48.846276]]]}},{"type":"Feature","properties":{"code":"751135107","name":"Maison Blanche 7","arrondissement":"Paris 13e Arrondissement","green_per_cap":6.977,"income":24420.0,"population":2267.3206997125},"geometry":{"type":"Polygon","coordinates":[[[2.358512,48.822205],[2.359505,48.818998],[2.358446,48.819085],[2.357721,48.819293],[2.357225,48.819567],[2.356272,48.82029],[2.356487,48.822111],[2.358512,48.822205]]]}},{"type":"Feature","properties":{"code":"751145401","name":"Parc de Montsouris 1","arrondissement":"Paris 14e Arrondissement","green_per_cap":0.156,"income":null,"population":4836.99216466114},"geometry":{"type":"Polygon","coordinates":[[[2.344587,48.819399],[2.344129,48.817772],[2.343903,48.815767],[2.343013,48.816085],[2.341684,48.81633],[2.337275,48.816558],[2.333711,48.816771],[2.331898,48.817011],[2.332461,48.818247],[2.329296,48.818951],[2.329666,48.819315],[2.329591,48.81938],[2.329535,48.81955],[2.329676,48.820128],[2.329907,48.821026],[2.330366,48.822175],[2.340707,48.819887],[2.34141,48.819774],[2.344587,48.819399]]]}},{"type":"Feature","properties":{"code":"751176606","name":"Plaine Monceau 6","arrondissement":"Paris 17e Arrondissement","green_per_cap":null,"income":56110.0,"population":2156.95563330834},"geometry":{"type":"Polygon","coordinates":[[[2.303142,48.87915],[2.300837,48.878658],[2.300834,48.878779],[2.29887,48.880052],[2.299652,48.880481],[2.298559,48.88131],[2.300551,48.881725],[2.303142,48.87915]]]}},{"type":"Feature","properties":{"code":"751093305","name":"Saint-Georges 5","arrondissement":"Paris 9e Arrondissement","green_per_cap":0.16,"income":44430.0,"population":2247.03008256707},"geometry":{"type":"Polygon","coordinates":[[[2.327165,48.883455],[2.327423,48.883508],[2.327548,48.883366],[2.329349,48.879355],[2.330352,48.877777],[2.330945,48.876533],[2.326964,48.877848],[2.327165,48.883455]]]}},{"type":"Feature","properties":{"code":"751114203","name":"Saint-Ambroise 3","arrondissement":"Paris 11e Arrondissement","green_per_cap":0.476,"income":34350.0,"population":2581.72441960504},"geometry":{"type":"Polygon","coordinates":[[[2.382571,48.861578],[2.381124,48.861095],[2.379308,48.86307],[2.378007,48.864602],[2.381199,48.864007],[2.381177,48.863941],[2.382571,48.861578]]]}},{"type":"Feature","properties":{"code":"751114320","name":"Roquette 20","arrondissement":"Paris 11e Arrondissement","green_per_cap":0.214,"income":26930.0,"population":2651.66318604762},"geometry":{"type":"Polygon","coordinates":[[[2.382053,48.860167],[2.381124,48.861095],[2.384135,48.862081],[2.385213,48.862297],[2.385961,48.8625],[2.386575,48.861377],[2.382053,48.860167]]]}},{"type":"Feature","properties":{"code":"751135123","name":"Maison Blanche 23","arrondissement":"Paris 13e Arrondissement","green_per_cap":0.879,"income":29560.0,"population":2165.67021316381},"geometry":{"type":"Polygon","coordinates":[[[2.352733,48.828127],[2.352358,48.828049],[2.349413,48.827656],[2.351088,48.829079],[2.352372,48.830053],[2.352593,48.830446],[2.354457,48.831039],[2.35451,48.83093],[2.354849,48.830734],[2.352733,48.828127]]]}},{"type":"Feature","properties":{"code":"751155810","name":"Necker 10","arrondissement":"Paris 15e Arrondissement","green_per_cap":0.344,"income":29410.0,"population":5085.25243672728},"geometry":{"type":"Polygon","coordinates":[[[2.298539,48.843691],[2.295774,48.843605],[2.296452,48.844269],[2.297668,48.845232],[2.301574,48.847934],[2.302565,48.84287],[2.302678,48.842606],[2.302453,48.842759],[2.298539,48.843691]]]}},{"type":"Feature","properties":{"code":"751176505","name":"Ternes 5","arrondissement":"Paris 17e Arrondissement","green_per_cap":34.966,"income":25660.0,"population":1791.9175454943},"geometry":{"type":"Polygon","coordinates":[[[2.281134,48.878197],[2.279949,48.878573],[2.280897,48.882792],[2.281108,48.883041],[2.284538,48.885574],[2.28446,48.885639],[2.285642,48.886555],[2.290529,48.888956],[2.291148,48.889302],[2.29178,48.889473],[2.291741,48.88942],[2.292563,48.887856],[2.291828,48.887499],[2.290469,48.886662],[2.290285,48.88659],[2.290057,48.88657],[2.289095,48.886001],[2.288696,48.885576],[2.286247,48.884072],[2.284127,48.882717],[2.283901,48.882218],[2.283345,48.881898],[2.283998,48.881151],[2.284303,48.880872],[2.284089,48.88083],[2.283892,48.880598],[2.281803,48.879003],[2.281204,48.878353],[2.281134,48.878197]]]}},{"type":"Feature","properties":{"code":"751197614","name":"Combat 14","arrondissement":"Paris 19e Arrondissement","green_per_cap":0.013,"income":26900.0,"population":2374.47502856036},"geometry":{"type":"Polygon","coordinates":[[[2.375666,48.882794],[2.378703,48.884495],[2.379023,48.884651],[2.379668,48.884881],[2.381702,48.882545],[2.380342,48.882576],[2.375666,48.882794]]]}},{"type":"Feature","properties":{"code":"751166411","name":"Chaillot 11","arrondissement":"Paris 16e Arrondissement","green_per_cap":null,"income":null,"population":402.138180777778},"geometry":{"type":"Polygon","coordinates":[[[2.295543,48.873303],[2.297501,48.870939],[2.296171,48.869801],[2.295737,48.869548],[2.295124,48.873207],[2.295543,48.873303]]]}},{"type":"Feature","properties":{"code":"751062103","name":"Monnaie 3","arrondissement":"Paris 6e Arrondissement","green_per_cap":0.018,"income":36680.0,"population":1766.55249527987},"geometry":{"type":"Polygon","coordinates":[[[2.344281,48.853757],[2.343821,48.852762],[2.343243,48.852906],[2.343266,48.853111],[2.343063,48.853238],[2.342311,48.853317],[2.340187,48.853449],[2.339149,48.85355],[2.338389,48.853673],[2.338486,48.853716],[2.340473,48.856061],[2.342289,48.854739],[2.344281,48.853757]]]}},{"type":"Feature","properties":{"code":"751072604","name":"Invalides 4","arrondissement":"Paris 7e Arrondissement","green_per_cap":2.048,"income":50930.0,"population":1222.18760634956},"geometry":{"type":"Polygon","coordinates":[[[2.325305,48.860792],[2.322425,48.857794],[2.318003,48.859232],[2.318286,48.86033],[2.318122,48.86039],[2.31803,48.860509],[2.318022,48.860803],[2.318815,48.860733],[2.319668,48.86212],[2.319285,48.862459],[2.319039,48.862583],[2.319373,48.862546],[2.320048,48.862368],[2.325305,48.860792]]]}},{"type":"Feature","properties":{"code":"751072803","name":"Gros Caillou 3","arrondissement":"Paris 7e Arrondissement","green_per_cap":null,"income":34860.0,"population":1479.14014215987},"geometry":{"type":"Polygon","coordinates":[[[2.305939,48.857687],[2.306503,48.856591],[2.30709,48.856735],[2.307641,48.855695],[2.305808,48.854489],[2.305472,48.854704],[2.304314,48.857141],[2.305939,48.857687]]]}},{"type":"Feature","properties":{"code":"751083001","name":"Faubourg du Roule 1","arrondissement":"Paris 8e Arrondissement","green_per_cap":1.904,"income":48330.0,"population":2039.81683592128},"geometry":{"type":"Polygon","coordinates":[[[2.295032,48.873773],[2.297908,48.877745],[2.298428,48.877644],[2.298746,48.877625],[2.300141,48.877228],[2.304376,48.875373],[2.30523,48.875032],[2.30548,48.874888],[2.295904,48.873831],[2.295831,48.873537],[2.295032,48.873773]]]}},{"type":"Feature","properties":{"code":"751103910","name":"Porte Saint-Martin 10","arrondissement":"Paris 10e Arrondissement","green_per_cap":0.853,"income":33770.0,"population":2248.22601127995},"geometry":{"type":"Polygon","coordinates":[[[2.358763,48.873275],[2.357299,48.874915],[2.357485,48.875163],[2.357866,48.876215],[2.359522,48.875947],[2.359219,48.875399],[2.359606,48.875133],[2.361407,48.87455],[2.362884,48.874205],[2.363044,48.873809],[2.363551,48.873166],[2.363344,48.873133],[2.360806,48.873173],[2.358763,48.873275]]]}},{"type":"Feature","properties":{"code":"751114208","name":"Saint-Ambroise 8","arrondissement":"Paris 11e Arrondissement","green_per_cap":0.304,"income":38400.0,"population":2092.15177947047},"geometry":{"type":"Polygon","coordinates":[[[2.367612,48.859479],[2.367328,48.860672],[2.370087,48.861358],[2.372154,48.861937],[2.372275,48.861153],[2.37223,48.860805],[2.372044,48.860247],[2.371899,48.860236],[2.368657,48.859407],[2.368542,48.859579],[2.367612,48.859479]]]}},{"type":"Feature","properties":{"code":"751124621","name":"Picpus 21","arrondissement":"Paris 12e Arrondissement","green_per_cap":1.66,"income":28610.0,"population":2829.60270305712},"geometry":{"type":"Polygon","coordinates":[[[2.384458,48.850127],[2.384708,48.850084],[2.389497,48.849346],[2.38943,48.849237],[2.388718,48.848674],[2.387347,48.847646],[2.387208,48.847524],[2.387143,48.847384],[2.383782,48.847006],[2.384327,48.849993],[2.384458,48.850127]]]}},{"type":"Feature","properties":{"code":"751134907","name":"Salpêtrière 7","arrondissement":"Paris 13e Arrondissement","green_per_cap":1.075,"income":31690.0,"population":1928.07341305067},"geometry":{"type":"Polygon","coordinates":[[[2.357052,48.838447],[2.361745,48.839941],[2.361589,48.839658],[2.358827,48.835947],[2.358616,48.836011],[2.35775,48.837236],[2.357266,48.837987],[2.357052,48.838447]]]}},{"type":"Feature","properties":{"code":"751135015","name":"Gare 15","arrondissement":"Paris 13e Arrondissement","green_per_cap":3.546,"income":24060.0,"population":2346.53709334767},"geometry":{"type":"MultiPolygon","coordinates":[[[[2.376961,48.824599],[2.377118,48.824704],[2.37783,48.824941],[2.378091,48.825085],[2.378334,48.825093],[2.379359,48.825435],[2.379169,48.825601],[2.378546,48.826005],[2.378035,48.826284],[2.378023,48.826372],[2.376964,48.827736],[2.37882,48.828508],[2.380879,48.826303],[2.381102,48.826227],[2.381858,48.825804],[2.376885,48.824109],[2.376414,48.824409],[2.376961,48.824599]]],[[[2.37649,48.82848],[2.375575,48.829761],[2.375507,48.829681],[2.375392,48.829831],[2.375291,48.829978],[2.375398,48.829985],[2.375233,48.830208],[2.374716,48.830779],[2.374365,48.831031],[2.371032,48.832621],[2.371044,48.832838],[2.369588,48.834422],[2.368962,48.835238],[2.369696,48.835497],[2.370744,48.835948],[2.371417,48.836288],[2.37149,48.836216],[2.371456,48.836089],[2.378083,48.829127],[2.37649,48.82848]]]]}},{"type":"Feature","properties":{"code":"751145306","name":"Montparnasse 6","arrondissement":"Paris 14e Arrondissement","green_per_cap":0.497,"income":37680.0,"population":2081.40561478104},"geometry":{"type":"Polygon","coordinates":[[[2.321833,48.84011],[2.321472,48.840965],[2.321549,48.841098],[2.324244,48.843262],[2.324883,48.841286],[2.322609,48.838558],[2.322067,48.839906],[2.321988,48.840025],[2.321833,48.84011]]]}},{"type":"Feature","properties":{"code":"751145508","name":"Petit Montrouge 8","arrondissement":"Paris 14e Arrondissement","green_per_cap":0.055,"income":34420.0,"population":3208.30803948768},"geometry":{"type":"Polygon","coordinates":[[[2.325917,48.82469],[2.325936,48.824816],[2.326339,48.824936],[2.332115,48.82762],[2.332474,48.827648],[2.331675,48.825939],[2.330971,48.823962],[2.328292,48.824468],[2.325917,48.82469]]]}},{"type":"Feature","properties":{"code":"751155715","name":"Saint-Lambert 15","arrondissement":"Paris 15e Arrondissement","green_per_cap":null,"income":31890.0,"population":3744.98026793586},"geometry":{"type":"Polygon","coordinates":[[[2.298061,48.836757],[2.300856,48.83595],[2.300698,48.835514],[2.300345,48.835085],[2.299628,48.83435],[2.29868,48.833503],[2.295666,48.834481],[2.297236,48.836131],[2.298061,48.836757]]]}},{"type":"Feature","properties":{"code":"751155917","name":"Grenelle 17","arrondissement":"Paris 15e Arrondissement","green_per_cap":0.01,"income":37490.0,"population":2754.52634472796},"geometry":{"type":"Polygon","coordinates":[[[2.295381,48.854707],[2.299301,48.852194],[2.299142,48.852119],[2.29655,48.851351],[2.295975,48.851719],[2.295875,48.851653],[2.295419,48.851992],[2.295647,48.852168],[2.295623,48.852228],[2.293738,48.853456],[2.295381,48.854707]]]}},{"type":"Feature","properties":{"code":"751176707","name":"Batignolles 7","arrondissement":"Paris 17e Arrondissement","green_per_cap":0.326,"income":40480.0,"population":1956.85474580817},"geometry":{"type":"Polygon","coordinates":[[[2.320494,48.882106],[2.31648,48.881341],[2.31642,48.881402],[2.316029,48.881468],[2.316171,48.881598],[2.316147,48.881665],[2.31565,48.882106],[2.31653,48.882517],[2.317052,48.882711],[2.319258,48.88329],[2.320494,48.882106]]]}},{"type":"Feature","properties":{"code":"751186904","name":"Grandes Carrières 4","arrondissement":"Paris 18e Arrondissement","green_per_cap":78.737,"income":34870.0,"population":2713.31998498721},"geometry":{"type":"Polygon","coordinates":[[[2.329638,48.884559],[2.329541,48.88459],[2.328121,48.883707],[2.327423,48.883508],[2.326382,48.885798],[2.328601,48.887266],[2.32856,48.887353],[2.327614,48.888182],[2.327504,48.888327],[2.32872,48.889766],[2.329279,48.890061],[2.331779,48.888768],[2.331854,48.888559],[2.332734,48.887942],[2.332503,48.88687],[2.332602,48.886632],[2.332436,48.886485],[2.330798,48.885437],[2.329638,48.884559]]]}},{"type":"Feature","properties":{"code":"751187002","name":"Clignancourt 2","arrondissement":"Paris 18e Arrondissement","green_per_cap":1.559,"income":31490.0,"population":2350.88190830337},"geometry":{"type":"Polygon","coordinates":[[[2.346909,48.883414],[2.341959,48.882445],[2.34173,48.883448],[2.341443,48.88399],[2.341588,48.884079],[2.342643,48.884317],[2.344841,48.884452],[2.344894,48.884824],[2.347201,48.884601],[2.346909,48.883414]]]}},{"type":"Feature","properties":{"code":"751093407","name":"Chaussée d'Antin 7","arrondissement":"Paris 9e Arrondissement","green_per_cap":0.051,"income":38590.0,"population":1173.99591814322},"geometry":{"type":"Polygon","coordinates":[[[2.339244,48.876766],[2.339333,48.876718],[2.339054,48.875953],[2.338748,48.875973],[2.338079,48.874149],[2.337434,48.874187],[2.337181,48.874128],[2.337045,48.874184],[2.335266,48.874243],[2.335197,48.875197],[2.335445,48.876826],[2.336669,48.876718],[2.337065,48.876718],[2.338297,48.876848],[2.339244,48.876766]]]}},{"type":"Feature","properties":{"code":"751010102","name":"Saint-Germain l'Auxerrois 2","arrondissement":"Paris 1er Arrondissement","green_per_cap":15.585,"income":null,"population":169.071514661747},"geometry":{"type":"Polygon","coordinates":[[[2.346476,48.85619],[2.345837,48.855257],[2.344918,48.854356],[2.343377,48.855026],[2.341289,48.856863],[2.341545,48.857153],[2.343996,48.856851],[2.345145,48.856639],[2.346476,48.85619]]]}},{"type":"Feature","properties":{"code":"751124677","name":"Bois de Vincennes 2","arrondissement":"Paris 12e Arrondissement","green_per_cap":159.14,"income":null,"population":713.022059748778},"geometry":{"type":"Polygon","coordinates":[[[2.465712,48.826174],[2.46532,48.824979],[2.465189,48.824957],[2.465299,48.824705],[2.465044,48.824084],[2.462867,48.820178],[2.462697,48.819369],[2.462529,48.819246],[2.462696,48.81906],[2.459115,48.817365],[2.459414,48.816848],[2.459119,48.816997],[2.458717,48.817034],[2.454203,48.817116],[2.453283,48.817172],[2.450807,48.817729],[2.449671,48.817893],[2.447786,48.817966],[2.444181,48.817875],[2.442326,48.817904],[2.439854,48.818291],[2.437329,48.818177],[2.437442,48.819111],[2.436925,48.819365],[2.436028,48.819593],[2.434902,48.819669],[2.434144,48.819216],[2.434288,48.820158],[2.43248,48.821426],[2.43289,48.821693],[2.432634,48.821901],[2.432195,48.82162],[2.430371,48.822877],[2.430628,48.823157],[2.429227,48.823622],[2.426983,48.824047],[2.425132,48.824186],[2.422878,48.82413],[2.421718,48.824056],[2.419963,48.82408],[2.418915,48.824241],[2.417872,48.824503],[2.415976,48.824777],[2.413111,48.824718],[2.411932,48.824786],[2.410907,48.82494],[2.409955,48.825183],[2.409175,48.825502],[2.407707,48.82635],[2.405145,48.828302],[2.403814,48.82906],[2.402237,48.82959],[2.401027,48.829207],[2.401266,48.82952],[2.397795,48.831759],[2.399924,48.832601],[2.402176,48.833404],[2.403894,48.832295],[2.404584,48.832346],[2.405091,48.832318],[2.406247,48.832143],[2.407079,48.831962],[2.407762,48.831715],[2.408349,48.83144],[2.408806,48.831131],[2.409254,48.830701],[2.410763,48.829868],[2.411456,48.829525],[2.411568,48.829512],[2.412175,48.829222],[2.413508,48.828673],[2.414975,48.828184],[2.416086,48.827934],[2.417229,48.827758],[2.418206,48.82777],[2.419345,48.828045],[2.419341,48.828141],[2.419585,48.828543],[2.419688,48.828831],[2.420255,48.829753],[2.42123,48.829502],[2.421727,48.829437],[2.425194,48.82927],[2.426251,48.82907],[2.426836,48.828869],[2.428141,48.830631],[2.428576,48.831319],[2.429368,48.832271],[2.42937,48.832591],[2.429466,48.832986],[2.429647,48.833407],[2.430129,48.834268],[2.430422,48.834583],[2.43113,48.83506],[2.43125,48.835042],[2.431319,48.835115],[2.431423,48.835111],[2.431461,48.835448],[2.437486,48.834753],[2.437569,48.834626],[2.437746,48.834565],[2.43792,48.834566],[2.437932,48.834693],[2.438107,48.834771],[2.444198,48.834047],[2.444654,48.83394],[2.444966,48.833794],[2.445117,48.833858],[2.445196,48.833801],[2.445563,48.834013],[2.447119,48.834244],[2.448181,48.834443],[2.449989,48.834862],[2.451733,48.835369],[2.453159,48.835842],[2.453754,48.835184],[2.454483,48.834477],[2.455513,48.8336],[2.456806,48.832674],[2.459053,48.831212],[2.462423,48.828918],[2.463774,48.827874],[2.4644,48.82726],[2.464493,48.827272],[2.464598,48.827217],[2.465712,48.826174]]]}},{"type":"Feature","properties":{"code":"751010101","name":"Saint-Germain l'Auxerrois 1","arrondissement":"Paris 1er Arrondissement","green_per_cap":null,"income":null,"population":1088.85780463271},"geometry":{"type":"Polygon","coordinates":[[[2.348223,48.858517],[2.347574,48.857359],[2.347329,48.857181],[2.342672,48.85842],[2.343212,48.859102],[2.343981,48.85989],[2.348223,48.858517]]]}},{"type":"Feature","properties":{"code":"751124807","name":"Quinze-Vingts 7","arrondissement":"Paris 12e Arrondissement","green_per_cap":1.302,"income":32380.0,"population":3050.42323295014},"geometry":{"type":"Polygon","coordinates":[[[2.370255,48.853271],[2.371719,48.852487],[2.373813,48.851874],[2.377805,48.85089],[2.376166,48.84856],[2.376049,48.84853],[2.376005,48.848354],[2.374994,48.848934],[2.374405,48.849507],[2.370908,48.852602],[2.370255,48.853271]]]}},{"type":"Feature","properties":{"code":"751155718","name":"Saint-Lambert 18","arrondissement":"Paris 15e Arrondissement","green_per_cap":null,"income":31940.0,"population":1976.00874091193},"geometry":{"type":"Polygon","coordinates":[[[2.302979,48.832133],[2.305181,48.834726],[2.306459,48.834351],[2.305259,48.831835],[2.304776,48.831918],[2.303791,48.831984],[2.302979,48.832133]]]}},{"type":"Feature","properties":{"code":"751155806","name":"Necker 6","arrondissement":"Paris 15e Arrondissement","green_per_cap":1.346,"income":35270.0,"population":3120.24714287437},"geometry":{"type":"Polygon","coordinates":[[[2.307929,48.841502],[2.30425,48.840406],[2.302678,48.842606],[2.306394,48.843713],[2.307929,48.841502]]]}},{"type":"Feature","properties":{"code":"751166301","name":"Porte Dauphine 1","arrondissement":"Paris 16e Arrondissement","green_per_cap":3.464,"income":40500.0,"population":2293.32338071262},"geometry":{"type":"Polygon","coordinates":[[[2.286938,48.863481],[2.287032,48.86299],[2.286066,48.862993],[2.281566,48.863505],[2.283234,48.865391],[2.283434,48.86542],[2.283467,48.865483],[2.283387,48.865551],[2.284277,48.866846],[2.286223,48.866251],[2.286938,48.863481]]]}},{"type":"Feature","properties":{"code":"751176615","name":"Plaine Monceau 15","arrondissement":"Paris 17e Arrondissement","green_per_cap":0.296,"income":18250.0,"population":3545.80255732847},"geometry":{"type":"Polygon","coordinates":[[[2.302601,48.891028],[2.303666,48.890234],[2.303697,48.890079],[2.303841,48.889857],[2.301813,48.888896],[2.301544,48.888786],[2.301327,48.888814],[2.299699,48.888036],[2.299567,48.888134],[2.297864,48.888844],[2.301698,48.890647],[2.302344,48.890991],[2.302601,48.891028]]]}},{"type":"Feature","properties":{"code":"751186919","name":"Grandes Carrières 19","arrondissement":"Paris 18e Arrondissement","green_per_cap":0.005,"income":30220.0,"population":3819.12469546634},"geometry":{"type":"Polygon","coordinates":[[[2.341356,48.895764],[2.340735,48.894823],[2.340207,48.893097],[2.336379,48.893641],[2.337599,48.895338],[2.339531,48.895759],[2.341356,48.895764]]]}},{"type":"Feature","properties":{"code":"751051706","name":"Saint-Victor 6","arrondissement":"Paris 5e Arrondissement","green_per_cap":13.69,"income":null,"population":50.8398861512994},"geometry":{"type":"Polygon","coordinates":[[[2.35604,48.849371],[2.35679,48.849405],[2.357465,48.849197],[2.357717,48.849054],[2.360988,48.846847],[2.35698,48.844823],[2.355251,48.846023],[2.355209,48.846134],[2.354962,48.846317],[2.35454,48.846575],[2.354446,48.846581],[2.3534,48.847287],[2.353106,48.847387],[2.35534,48.848806],[2.355972,48.849274],[2.35604,48.849371]]]}},{"type":"Feature","properties":{"code":"751072707","name":"École Militaire 7","arrondissement":"Paris 7e Arrondissement","green_per_cap":26.345,"income":null,"population":141.999378648439},"geometry":{"type":"Polygon","coordinates":[[[2.306042,48.847979],[2.301228,48.851062],[2.300912,48.851176],[2.301985,48.851932],[2.305448,48.854272],[2.306404,48.854101],[2.310065,48.851748],[2.307822,48.849542],[2.307577,48.849514],[2.306042,48.847979]]]}},{"type":"Feature","properties":{"code":"751082903","name":"Champs Élysées 3","arrondissement":"Paris 8e Arrondissement","green_per_cap":0.161,"income":null,"population":471.683983698247},"geometry":{"type":"Polygon","coordinates":[[[2.301364,48.870168],[2.301876,48.870559],[2.302598,48.871377],[2.309196,48.869274],[2.309074,48.869098],[2.309064,48.868965],[2.309156,48.868703],[2.30929,48.868569],[2.306296,48.867026],[2.301424,48.870064],[2.301364,48.870168]]]}},{"type":"Feature","properties":{"code":"751134999","name":"Seine et Berges 1","arrondissement":"Paris 13e Arrondissement","green_per_cap":null,"income":null,"population":0.0},"geometry":{"type":"Polygon","coordinates":[[[2.364902,48.844113],[2.365127,48.844413],[2.366088,48.844968],[2.37355,48.839329],[2.374863,48.838054],[2.373758,48.837463],[2.373164,48.838031],[2.37239,48.838644],[2.367333,48.842297],[2.366293,48.843109],[2.365438,48.843623],[2.365075,48.844014],[2.364902,48.844113]]]}},{"type":"Feature","properties":{"code":"751020804","name":"Bonne Nouvelle 4","arrondissement":"Paris 2e Arrondissement","green_per_cap":null,"income":30890.0,"population":1959.62526414292},"geometry":{"type":"Polygon","coordinates":[[[2.352048,48.869822],[2.352661,48.869685],[2.352197,48.868912],[2.351547,48.86734],[2.35113,48.86653],[2.34732,48.867368],[2.347396,48.867888],[2.349729,48.868587],[2.349461,48.868952],[2.351983,48.869732],[2.352048,48.869822]]]}},{"type":"Feature","properties":{"code":"751072701","name":"École Militaire 1","arrondissement":"Paris 7e Arrondissement","green_per_cap":null,"income":41560.0,"population":2555.25962822117},"geometry":{"type":"Polygon","coordinates":[[[2.320555,48.848425],[2.319421,48.847858],[2.316713,48.846863],[2.316221,48.847432],[2.315132,48.84944],[2.318546,48.850367],[2.319566,48.850524],[2.320555,48.848425]]]}},{"type":"Feature","properties":{"code":"751124510","name":"Bel-Air 10","arrondissement":"Paris 12e Arrondissement","green_per_cap":11.196,"income":20470.0,"population":2275.76410530602},"geometry":{"type":"Polygon","coordinates":[[[2.415299,48.84385],[2.414047,48.83976],[2.413898,48.839773],[2.413913,48.839855],[2.413739,48.839852],[2.413062,48.839954],[2.413206,48.840383],[2.413285,48.840921],[2.413195,48.841196],[2.413118,48.841229],[2.412535,48.841125],[2.412511,48.841205],[2.412059,48.841075],[2.41145,48.841083],[2.410763,48.840851],[2.410392,48.840766],[2.40915,48.840731],[2.410318,48.844318],[2.411675,48.844158],[2.415299,48.84385]]]}},{"type":"Feature","properties":{"code":"751135017","name":"Gare 17","arrondissement":"Paris 13e Arrondissement","green_per_cap":2.505,"income":null,"population":926.29936688268},"geometry":{"type":"Polygon","coordinates":[[[2.378083,48.829127],[2.376724,48.830555],[2.37977,48.832234],[2.381741,48.830664],[2.378083,48.829127]]]}},{"type":"Feature","properties":{"code":"751156019","name":"Javel 19","arrondissement":"Paris 15e Arrondissement","green_per_cap":2.597,"income":37380.0,"population":3786.15284461704},"geometry":{"type":"Polygon","coordinates":[[[2.287983,48.845644],[2.292792,48.843757],[2.291962,48.842778],[2.290369,48.84208],[2.289921,48.842385],[2.289309,48.842677],[2.286367,48.843762],[2.287983,48.845644]]]}},{"type":"Feature","properties":{"code":"751166219","name":"Muette 19","arrondissement":"Paris 16e Arrondissement","green_per_cap":9.261,"income":46480.0,"population":2723.88945447159},"geometry":{"type":"Polygon","coordinates":[[[2.281033,48.860232],[2.27931,48.861208],[2.280971,48.862811],[2.281566,48.863505],[2.286066,48.862993],[2.287032,48.86299],[2.287403,48.862769],[2.286823,48.862457],[2.286802,48.862341],[2.286591,48.86206],[2.281033,48.860232]]]}},{"type":"Feature","properties":{"code":"751176701","name":"Batignolles 1","arrondissement":"Paris 17e Arrondissement","green_per_cap":0.95,"income":35100.0,"population":2269.70255333941},"geometry":{"type":"Polygon","coordinates":[[[2.325596,48.887508],[2.327423,48.883508],[2.326846,48.883391],[2.326783,48.883637],[2.325324,48.885135],[2.325398,48.885201],[2.324323,48.886093],[2.323044,48.886972],[2.324645,48.888036],[2.325596,48.887508]]]}},{"type":"Feature","properties":{"code":"751186926","name":"Grandes Carrières 26","arrondissement":"Paris 18e Arrondissement","green_per_cap":5.897,"income":16170.0,"population":2529.85163317016},"geometry":{"type":"Polygon","coordinates":[[[2.335171,48.901147],[2.344128,48.901328],[2.344299,48.901193],[2.344124,48.900686],[2.344176,48.898614],[2.344108,48.898186],[2.344148,48.898064],[2.341689,48.897984],[2.341531,48.897891],[2.340848,48.897876],[2.340799,48.89923],[2.336296,48.899132],[2.335461,48.900523],[2.335171,48.901147]]]}},{"type":"Feature","properties":{"code":"751051705","name":"Saint-Victor 5","arrondissement":"Paris 5e Arrondissement","green_per_cap":0.227,"income":36710.0,"population":2161.12355906056},"geometry":{"type":"Polygon","coordinates":[[[2.35679,48.849405],[2.35604,48.849371],[2.350374,48.849652],[2.348992,48.849981],[2.348664,48.850401],[2.348835,48.850485],[2.349565,48.851776],[2.350871,48.851264],[2.35679,48.849405]]]}},{"type":"Feature","properties":{"code":"751072502","name":"Saint-Thomas d'Aquin 2","arrondissement":"Paris 7e Arrondissement","green_per_cap":2.929,"income":52800.0,"population":1421.0008483955},"geometry":{"type":"Polygon","coordinates":[[[2.323516,48.851709],[2.323846,48.853996],[2.323906,48.854219],[2.32426,48.854675],[2.324885,48.855315],[2.325594,48.855883],[2.325711,48.855759],[2.32667,48.852457],[2.326769,48.851737],[2.323516,48.851709]]]}},{"type":"Feature","properties":{"code":"751072807","name":"Gros Caillou 7","arrondissement":"Paris 7e Arrondissement","green_per_cap":278.833,"income":58600.0,"population":1764.89802147524},"geometry":{"type":"Polygon","coordinates":[[[2.300912,48.851176],[2.291053,48.857475],[2.291636,48.85793],[2.29356,48.856676],[2.294073,48.857026],[2.301985,48.851932],[2.300912,48.851176]]]}},{"type":"Feature","properties":{"code":"751093309","name":"Saint-Georges 9","arrondissement":"Paris 9e Arrondissement","green_per_cap":0.076,"income":32910.0,"population":2058.44385689791},"geometry":{"type":"Polygon","coordinates":[[[2.337005,48.87885],[2.334798,48.879285],[2.334968,48.879661],[2.335731,48.880932],[2.336163,48.881213],[2.337212,48.881991],[2.337749,48.880915],[2.336837,48.878994],[2.337005,48.87885]]]}},{"type":"Feature","properties":{"code":"751124608","name":"Picpus 8","arrondissement":"Paris 12e Arrondissement","green_per_cap":1.032,"income":32970.0,"population":1965.82971983342},"geometry":{"type":"Polygon","coordinates":[[[2.394864,48.839637],[2.395011,48.839939],[2.395371,48.840089],[2.395521,48.839992],[2.396463,48.839781],[2.39647,48.839665],[2.39712,48.839567],[2.399644,48.839647],[2.40011,48.839742],[2.401328,48.838554],[2.40212,48.83756],[2.402203,48.837305],[2.402124,48.837181],[2.396787,48.839145],[2.39582,48.839298],[2.395244,48.839429],[2.394964,48.839406],[2.394864,48.839637]]]}},{"type":"Feature","properties":{"code":"751134902","name":"Salpêtrière 2","arrondissement":"Paris 13e Arrondissement","green_per_cap":1.569,"income":24500.0,"population":3174.31725732346},"geometry":{"type":"Polygon","coordinates":[[[2.363501,48.833422],[2.361896,48.832886],[2.361661,48.833246],[2.361463,48.833251],[2.361367,48.833314],[2.361355,48.833445],[2.357815,48.834587],[2.359291,48.836572],[2.363408,48.833529],[2.363501,48.833422]]]}},{"type":"Feature","properties":{"code":"751134903","name":"Salpêtrière 3","arrondissement":"Paris 13e Arrondissement","green_per_cap":13.747,"income":30730.0,"population":1942.16748401491},"geometry":{"type":"Polygon","coordinates":[[[2.356252,48.830853],[2.356127,48.830989],[2.356134,48.83115],[2.355577,48.83147],[2.355785,48.831876],[2.357815,48.834587],[2.361355,48.833445],[2.361367,48.833314],[2.361463,48.833251],[2.361661,48.833246],[2.361896,48.832886],[2.356999,48.831252],[2.357082,48.831148],[2.356982,48.831091],[2.356252,48.830853]]]}},{"type":"Feature","properties":{"code":"751135103","name":"Maison Blanche 3","arrondissement":"Paris 13e Arrondissement","green_per_cap":3.06,"income":23530.0,"population":2437.97144171051},"geometry":{"type":"Polygon","coordinates":[[[2.358512,48.822205],[2.36058,48.822514],[2.360891,48.821083],[2.362023,48.819262],[2.359505,48.818998],[2.358512,48.822205]]]}},{"type":"Feature","properties":{"code":"751135109","name":"Maison Blanche 9","arrondissement":"Paris 13e Arrondissement","green_per_cap":6.735,"income":19460.0,"population":2608.40855507602},"geometry":{"type":"Polygon","coordinates":[[[2.352573,48.820881],[2.352557,48.821716],[2.352684,48.822152],[2.353228,48.823642],[2.353087,48.823695],[2.353011,48.823854],[2.35311,48.824007],[2.35339,48.824046],[2.353897,48.825476],[2.353648,48.82599],[2.355158,48.82607],[2.355227,48.825926],[2.355376,48.824855],[2.35533,48.82481],[2.35541,48.824742],[2.355453,48.824102],[2.355434,48.822973],[2.355247,48.820833],[2.354836,48.820894],[2.352573,48.820881]]]}},{"type":"Feature","properties":{"code":"751135113","name":"Maison Blanche 13","arrondissement":"Paris 13e Arrondissement","green_per_cap":0.478,"income":30380.0,"population":2283.99643522391},"geometry":{"type":"Polygon","coordinates":[[[2.346587,48.82576],[2.34736,48.825656],[2.350391,48.825817],[2.348559,48.824037],[2.346797,48.822275],[2.346587,48.82576]]]}},{"type":"Feature","properties":{"code":"751145616","name":"Plaisance 16","arrondissement":"Paris 14e Arrondissement","green_per_cap":null,"income":27330.0,"population":2795.1318883043},"geometry":{"type":"Polygon","coordinates":[[[2.312864,48.83223],[2.314972,48.833715],[2.31618,48.833009],[2.317813,48.831801],[2.319301,48.830512],[2.317164,48.831149],[2.313724,48.831908],[2.312864,48.83223]]]}},{"type":"Feature","properties":{"code":"751155813","name":"Necker 13","arrondissement":"Paris 15e Arrondissement","green_per_cap":3.742,"income":50030.0,"population":2089.76161741071},"geometry":{"type":"Polygon","coordinates":[[[2.307354,48.847133],[2.308218,48.847433],[2.310495,48.847976],[2.311972,48.847044],[2.311792,48.845346],[2.310885,48.845072],[2.310792,48.84517],[2.309969,48.84538],[2.309479,48.84588],[2.308731,48.846344],[2.308355,48.846491],[2.307354,48.847133]]]}},{"type":"Feature","properties":{"code":"751166208","name":"Muette 8","arrondissement":"Paris 16e Arrondissement","green_per_cap":0.018,"income":59150.0,"population":2289.54958215067},"geometry":{"type":"Polygon","coordinates":[[[2.26917,48.862968],[2.269331,48.862969],[2.269997,48.863108],[2.271303,48.863649],[2.272423,48.864009],[2.272449,48.863534],[2.272783,48.862616],[2.273656,48.861295],[2.273861,48.860873],[2.273901,48.860179],[2.273867,48.859842],[2.273705,48.859334],[2.27349,48.859024],[2.273203,48.858721],[2.27274,48.858409],[2.272633,48.858272],[2.270943,48.859928],[2.271801,48.860345],[2.271655,48.860421],[2.26917,48.862968]]]}},{"type":"Feature","properties":{"code":"751197305","name":"Villette 5","arrondissement":"Paris 19e Arrondissement","green_per_cap":0.213,"income":27230.0,"population":3187.95255786042},"geometry":{"type":"Polygon","coordinates":[[[2.370848,48.885697],[2.374101,48.888373],[2.375966,48.888275],[2.377256,48.888046],[2.369962,48.884379],[2.369459,48.88429],[2.369193,48.884381],[2.370848,48.885697]]]}},{"type":"Feature","properties":{"code":"751197501","name":"Amérique 1","arrondissement":"Paris 19e Arrondissement","green_per_cap":0.013,"income":24880.0,"population":2565.81728073732},"geometry":{"type":"Polygon","coordinates":[[[2.406583,48.877114],[2.406011,48.877013],[2.402562,48.875999],[2.40184,48.87755],[2.401616,48.878641],[2.40241,48.87835],[2.405946,48.877673],[2.406266,48.877526],[2.406583,48.877114]]]}},{"type":"Feature","properties":{"code":"751197608","name":"Combat 8","arrondissement":"Paris 19e Arrondissement","green_per_cap":1.065,"income":24130.0,"population":2815.87697264902},"geometry":{"type":"Polygon","coordinates":[[[2.375092,48.873677],[2.372341,48.876149],[2.37245,48.876162],[2.372142,48.876434],[2.372822,48.876743],[2.373111,48.876514],[2.373211,48.876491],[2.373806,48.876781],[2.374145,48.877193],[2.374263,48.876989],[2.374599,48.876698],[2.374949,48.876515],[2.375327,48.876395],[2.375707,48.87634],[2.376075,48.876338],[2.376852,48.876425],[2.376638,48.875808],[2.376156,48.874726],[2.376005,48.874524],[2.375547,48.874082],[2.375136,48.873891],[2.375147,48.87375],[2.375092,48.873677]]]}},{"type":"Feature","properties":{"code":"751207705","name":"Belleville 5","arrondissement":"Paris 20e Arrondissement","green_per_cap":4.926,"income":20660.0,"population":2030.23579622292},"geometry":{"type":"Polygon","coordinates":[[[2.386231,48.868491],[2.385324,48.869608],[2.384539,48.870139],[2.384493,48.870215],[2.388158,48.870529],[2.388262,48.870564],[2.389163,48.870244],[2.388772,48.869619],[2.388531,48.869545],[2.388582,48.869474],[2.388259,48.869215],[2.388293,48.869142],[2.388253,48.869057],[2.386298,48.868558],[2.386231,48.868491]]]}},{"type":"Feature","properties":{"code":"751208023","name":"Charonne 23","arrondissement":"Paris 20e Arrondissement","green_per_cap":3.891,"income":23250.0,"population":2192.84551261099},"geometry":{"type":"Polygon","coordinates":[[[2.407264,48.859545],[2.406224,48.859038],[2.40601,48.858855],[2.405897,48.858843],[2.405836,48.858893],[2.403921,48.85762],[2.402144,48.859148],[2.404316,48.86035],[2.404806,48.860792],[2.404875,48.861055],[2.404973,48.861072],[2.405628,48.861728],[2.405815,48.861797],[2.405873,48.861859],[2.406465,48.861138],[2.406794,48.860483],[2.407011,48.860188],[2.407236,48.859728],[2.407264,48.859545]]]}},{"type":"Feature","properties":{"code":"751051809","name":"Jardin des Plantes","arrondissement":"Paris 5e Arrondissement","green_per_cap":null,"income":null,"population":4.00000541527001},"geometry":{"type":"Polygon","coordinates":[[[2.364902,48.844113],[2.364158,48.843185],[2.36386,48.843202],[2.363171,48.843039],[2.35596,48.841183],[2.355073,48.843589],[2.354921,48.843835],[2.355247,48.843939],[2.360988,48.846847],[2.364245,48.844588],[2.36455,48.844445],[2.364902,48.844113]]]}},{"type":"Feature","properties":{"code":"751051902","name":"Val de Grâce 2","arrondissement":"Paris 5e Arrondissement","green_per_cap":9.693,"income":38910.0,"population":1753.96403168262},"geometry":{"type":"Polygon","coordinates":[[[2.345521,48.837633],[2.342086,48.838343],[2.339695,48.838864],[2.341132,48.841095],[2.341223,48.841402],[2.341301,48.842109],[2.346,48.840304],[2.345521,48.837633]]]}},{"type":"Feature","properties":{"code":"751052004","name":"Sorbonne 4","arrondissement":"Paris 5e Arrondissement","green_per_cap":1.79,"income":35820.0,"population":3093.13192253261},"geometry":{"type":"Polygon","coordinates":[[[2.346818,48.853065],[2.348262,48.852356],[2.349565,48.851776],[2.348835,48.850485],[2.348664,48.850401],[2.349062,48.849889],[2.34852,48.848625],[2.344886,48.849588],[2.346818,48.853065]]]}},{"type":"Feature","properties":{"code":"751093303","name":"Saint-Georges 3","arrondissement":"Paris 9e Arrondissement","green_per_cap":0.0,"income":38640.0,"population":1920.34970468083},"geometry":{"type":"Polygon","coordinates":[[[2.334798,48.879285],[2.334517,48.878655],[2.334347,48.877999],[2.334196,48.876901],[2.33287,48.876832],[2.33232,48.876707],[2.332344,48.876839],[2.331428,48.879164],[2.331411,48.880413],[2.331455,48.880636],[2.333085,48.880378],[2.332805,48.879725],[2.334798,48.879285]]]}},{"type":"Feature","properties":{"code":"751103706","name":"Saint-Vincent de Paul 6","arrondissement":"Paris 10e Arrondissement","green_per_cap":0.343,"income":31790.0,"population":2400.56787989406},"geometry":{"type":"Polygon","coordinates":[[[2.349836,48.881097],[2.3496,48.88348],[2.349465,48.883725],[2.351243,48.883859],[2.351127,48.88219],[2.351177,48.882127],[2.354015,48.881778],[2.354225,48.881785],[2.354332,48.881864],[2.354151,48.881149],[2.353694,48.880256],[2.35243,48.880493],[2.352283,48.880485],[2.352323,48.880526],[2.352287,48.880587],[2.35217,48.880621],[2.349836,48.881097]]]}},{"type":"Feature","properties":{"code":"751103909","name":"Porte Saint-Martin 9","arrondissement":"Paris 10e Arrondissement","green_per_cap":null,"income":29460.0,"population":1906.84133710687},"geometry":{"type":"Polygon","coordinates":[[[2.365942,48.870985],[2.363569,48.874051],[2.36494,48.873705],[2.366584,48.87273],[2.366767,48.872491],[2.367916,48.871749],[2.365942,48.870985]]]}},{"type":"Feature","properties":{"code":"751114114","name":"Folie Méricourt 14","arrondissement":"Paris 11e Arrondissement","green_per_cap":0.087,"income":30040.0,"population":1616.16099223711},"geometry":{"type":"Polygon","coordinates":[[[2.371544,48.870163],[2.372897,48.87057],[2.374928,48.868433],[2.373368,48.868103],[2.372994,48.868072],[2.372444,48.868092],[2.37205,48.868623],[2.372659,48.868897],[2.371544,48.870163]]]}},{"type":"Feature","properties":{"code":"751114313","name":"Roquette 13","arrondissement":"Paris 11e Arrondissement","green_per_cap":null,"income":36050.0,"population":2010.51831614675},"geometry":{"type":"MultiPolygon","coordinates":[[[[2.369893,48.855492],[2.369318,48.855936],[2.369213,48.855928],[2.368857,48.857124],[2.370941,48.857793],[2.369893,48.855492]]],[[[2.371983,48.858142],[2.37349,48.856455],[2.371646,48.85569],[2.370486,48.855457],[2.371629,48.85803],[2.371983,48.858142]]]]}},{"type":"Feature","properties":{"code":"751114318","name":"Roquette 18","arrondissement":"Paris 11e Arrondissement","green_per_cap":0.814,"income":31160.0,"population":2056.40230997125},"geometry":{"type":"Polygon","coordinates":[[[2.379417,48.858259],[2.380179,48.858473],[2.380844,48.858894],[2.381254,48.859034],[2.380699,48.859753],[2.382053,48.860167],[2.383633,48.858523],[2.381077,48.85787],[2.380476,48.857795],[2.380394,48.857665],[2.380238,48.857646],[2.38009,48.857693],[2.379773,48.857539],[2.379706,48.857444],[2.379332,48.858148],[2.379417,48.858259]]]}},{"type":"Feature","properties":{"code":"751124705","name":"Bercy 5","arrondissement":"Paris 12e Arrondissement","green_per_cap":7.982,"income":25330.0,"population":3716.6626187103},"geometry":{"type":"Polygon","coordinates":[[[2.378717,48.843237],[2.382949,48.844819],[2.383371,48.844864],[2.385344,48.843247],[2.385913,48.842652],[2.386582,48.841891],[2.384997,48.842637],[2.384339,48.842375],[2.384864,48.842134],[2.385048,48.842006],[2.388113,48.838943],[2.379703,48.840407],[2.379611,48.84045],[2.379247,48.840492],[2.379023,48.840422],[2.378775,48.840559],[2.377691,48.841346],[2.377536,48.841462],[2.377533,48.841516],[2.376423,48.842113],[2.37676,48.842332],[2.378717,48.843237]]]}},{"type":"Feature","properties":{"code":"751166106","name":"Auteuil 6","arrondissement":"Paris 16e Arrondissement","green_per_cap":0.129,"income":37900.0,"population":2733.02051971647},"geometry":{"type":"Polygon","coordinates":[[[2.265113,48.840772],[2.262969,48.839698],[2.262519,48.839494],[2.262347,48.839471],[2.261458,48.839191],[2.261368,48.839328],[2.261667,48.839757],[2.26112,48.839939],[2.261682,48.840808],[2.261351,48.840904],[2.261452,48.84109],[2.258998,48.841704],[2.260212,48.843177],[2.260638,48.842932],[2.261551,48.842507],[2.261993,48.842211],[2.263798,48.841402],[2.264042,48.841252],[2.265113,48.840772]]]}},{"type":"Feature","properties":{"code":"751176804","name":"Épinettes 4","arrondissement":"Paris 17e Arrondissement","green_per_cap":0.108,"income":33420.0,"population":2277.90750829802},"geometry":{"type":"Polygon","coordinates":[[[2.327446,48.89304],[2.326633,48.890593],[2.322337,48.891948],[2.323086,48.892055],[2.327446,48.89304]]]}},{"type":"Feature","properties":{"code":"751186915","name":"Grandes Carrières 15","arrondissement":"Paris 18e Arrondissement","green_per_cap":null,"income":28830.0,"population":2058.94007378312},"geometry":{"type":"Polygon","coordinates":[[[2.326876,48.891338],[2.327446,48.89304],[2.330264,48.892499],[2.32943,48.891139],[2.326876,48.891338]]]}},{"type":"Feature","properties":{"code":"751207704","name":"Belleville 4","arrondissement":"Paris 20e Arrondissement","green_per_cap":2.755,"income":24330.0,"population":2109.1107103239},"geometry":{"type":"Polygon","coordinates":[[[2.386046,48.871368],[2.386046,48.871602],[2.387312,48.872166],[2.387841,48.872321],[2.388343,48.872404],[2.389316,48.872821],[2.389479,48.872858],[2.38992,48.87194],[2.390194,48.871585],[2.389995,48.871259],[2.389163,48.870244],[2.388262,48.870564],[2.388158,48.870529],[2.386785,48.870417],[2.386724,48.870709],[2.386046,48.871368]]]}},{"type":"Feature","properties":{"code":"751114201","name":"Saint-Ambroise 1","arrondissement":"Paris 11e Arrondissement","green_per_cap":0.851,"income":25410.0,"population":1760.28008947271},"geometry":{"type":"Polygon","coordinates":[[[2.383069,48.867035],[2.383584,48.866267],[2.387201,48.863086],[2.38707,48.86307],[2.38685,48.862937],[2.383384,48.863576],[2.383741,48.864403],[2.383356,48.864318],[2.383146,48.864339],[2.382956,48.864738],[2.38268,48.865092],[2.382206,48.865342],[2.381297,48.866615],[2.383069,48.867035]]]}},{"type":"Feature","properties":{"code":"751155903","name":"Grenelle 3","arrondissement":"Paris 15e Arrondissement","green_per_cap":1.684,"income":33170.0,"population":2446.25474664359},"geometry":{"type":"Polygon","coordinates":[[[2.293006,48.843677],[2.290499,48.844668],[2.292421,48.846879],[2.295757,48.847065],[2.295945,48.84709],[2.293006,48.843677]]]}},{"type":"Feature","properties":{"code":"751155909","name":"Grenelle 9","arrondissement":"Paris 15e Arrondissement","green_per_cap":null,"income":34280.0,"population":2108.52537869268},"geometry":{"type":"Polygon","coordinates":[[[2.290168,48.848099],[2.287627,48.849065],[2.288383,48.849945],[2.292407,48.850712],[2.290919,48.849003],[2.290168,48.848099]]]}},{"type":"Feature","properties":{"code":"751166130","name":"Auteuil 30","arrondissement":"Paris 16e Arrondissement","green_per_cap":0.0,"income":33350.0,"population":1987.55550390991},"geometry":{"type":"Polygon","coordinates":[[[2.278329,48.851416],[2.279094,48.850909],[2.277388,48.849719],[2.277082,48.849864],[2.275762,48.848498],[2.275051,48.848726],[2.276001,48.849677],[2.274923,48.850138],[2.275974,48.851224],[2.278329,48.851416]]]}},{"type":"Feature","properties":{"code":"751083103","name":"Madeleine 3","arrondissement":"Paris 8e Arrondissement","green_per_cap":null,"income":null,"population":817.141130035571},"geometry":{"type":"Polygon","coordinates":[[[2.31076,48.872822],[2.312293,48.873325],[2.319436,48.874531],[2.319824,48.87462],[2.319974,48.874719],[2.320818,48.873525],[2.317926,48.873243],[2.315991,48.872878],[2.312863,48.872146],[2.312461,48.872259],[2.31076,48.872822]]]}},{"type":"Feature","properties":{"code":"751010301","name":"Palais Royal 1","arrondissement":"Paris 1er Arrondissement","green_per_cap":0.0,"income":37570.0,"population":2739.30398148076},"geometry":{"type":"Polygon","coordinates":[[[2.333661,48.867507],[2.338669,48.866336],[2.338554,48.866125],[2.339245,48.865968],[2.338157,48.863915],[2.33977,48.863541],[2.339144,48.862206],[2.335572,48.863144],[2.332703,48.864568],[2.332107,48.863762],[2.331356,48.863988],[2.333661,48.867507]]]}},{"type":"Feature","properties":{"code":"751062102","name":"Monnaie 2","arrondissement":"Paris 6e Arrondissement","green_per_cap":0.341,"income":33650.0,"population":1956.30178687161},"geometry":{"type":"Polygon","coordinates":[[[2.338389,48.853673],[2.337365,48.85384],[2.336966,48.853855],[2.336523,48.857133],[2.33643,48.857408],[2.336111,48.8576],[2.33626,48.857873],[2.336486,48.85785],[2.338161,48.857422],[2.339912,48.856433],[2.340473,48.856061],[2.338486,48.853716],[2.338389,48.853673]]]}},{"type":"Feature","properties":{"code":"751062303","name":"Notre-Dame des Champs 3","arrondissement":"Paris 6e Arrondissement","green_per_cap":0.514,"income":44360.0,"population":1897.79457270539},"geometry":{"type":"Polygon","coordinates":[[[2.329832,48.841908],[2.329575,48.841994],[2.329364,48.842423],[2.328453,48.845527],[2.328644,48.845591],[2.329993,48.84626],[2.331027,48.846289],[2.33241,48.844858],[2.330605,48.843977],[2.331244,48.843445],[2.331526,48.843131],[2.331758,48.842703],[2.329885,48.841962],[2.329832,48.841908]]]}},{"type":"Feature","properties":{"code":"751114409","name":"Sainte-Marguerite 9","arrondissement":"Paris 11e Arrondissement","green_per_cap":1.519,"income":30480.0,"population":3178.26334518413},"geometry":{"type":"Polygon","coordinates":[[[2.388617,48.852752],[2.3927,48.853576],[2.394489,48.850685],[2.392516,48.850403],[2.388617,48.852752]]]}},{"type":"Feature","properties":{"code":"751124503","name":"Bel-Air 3","arrondissement":"Paris 12e Arrondissement","green_per_cap":40.412,"income":30210.0,"population":2369.0380501041},"geometry":{"type":"Polygon","coordinates":[[[2.403808,48.837688],[2.404465,48.840053],[2.406406,48.840102],[2.407887,48.840352],[2.409041,48.840378],[2.408564,48.838908],[2.408152,48.838837],[2.403808,48.837688]]]}},{"type":"Feature","properties":{"code":"751156009","name":"Javel 9","arrondissement":"Paris 15e Arrondissement","green_per_cap":null,"income":26220.0,"population":1661.28696053131},"geometry":{"type":"Polygon","coordinates":[[[2.277609,48.842421],[2.277898,48.840865],[2.277641,48.840831],[2.277061,48.841047],[2.276977,48.841135],[2.276888,48.84165],[2.276825,48.84172],[2.275067,48.842424],[2.274978,48.842551],[2.274828,48.843291],[2.27488,48.843416],[2.277609,48.842421]]]}},{"type":"Feature","properties":{"code":"751166403","name":"Chaillot 3","arrondissement":"Paris 16e Arrondissement","green_per_cap":4.043,"income":42330.0,"population":2758.74003822881},"geometry":{"type":"Polygon","coordinates":[[[2.290469,48.863926],[2.287952,48.863235],[2.287403,48.862769],[2.287032,48.86299],[2.286938,48.863481],[2.287246,48.863502],[2.287579,48.863451],[2.291574,48.868985],[2.294777,48.868046],[2.295342,48.867896],[2.29556,48.867896],[2.295119,48.86736],[2.292658,48.865685],[2.290322,48.864017],[2.290469,48.863926]]]}},{"type":"Feature","properties":{"code":"751186925","name":"Grandes Carrières 25","arrondissement":"Paris 18e Arrondissement","green_per_cap":4.187,"income":18020.0,"population":3092.70545397051},"geometry":{"type":"Polygon","coordinates":[[[2.342295,48.897242],[2.338472,48.896748],[2.332975,48.896061],[2.333994,48.897583],[2.334038,48.897721],[2.341531,48.897891],[2.341689,48.897984],[2.342753,48.898021],[2.342295,48.897242]]]}},{"type":"Feature","properties":{"code":"751187012","name":"Clignancourt 12","arrondissement":"Paris 18e Arrondissement","green_per_cap":null,"income":34270.0,"population":2359.03634614278},"geometry":{"type":"Polygon","coordinates":[[[2.342937,48.889799],[2.340179,48.889691],[2.340648,48.89127],[2.341947,48.891274],[2.343639,48.891207],[2.343523,48.89069],[2.343373,48.89038],[2.342937,48.889799]]]}},{"type":"Feature","properties":{"code":"751187108","name":"Goutte d'Or 8","arrondissement":"Paris 18e Arrondissement","green_per_cap":null,"income":19220.0,"population":2350.48781237277},"geometry":{"type":"Polygon","coordinates":[[[2.355804,48.890412],[2.355943,48.889196],[2.356051,48.888706],[2.353566,48.888475],[2.353593,48.888962],[2.353366,48.889757],[2.353318,48.890372],[2.3532,48.890897],[2.355804,48.890412]]]}},{"type":"Feature","properties":{"code":"751207802","name":"Saint-Fargeau 2","arrondissement":"Paris 20e Arrondissement","green_per_cap":0.267,"income":27240.0,"population":3794.6520671631},"geometry":{"type":"Polygon","coordinates":[[[2.409011,48.868084],[2.408742,48.864515],[2.408507,48.864504],[2.408541,48.864388],[2.408204,48.864279],[2.406332,48.862352],[2.405008,48.86279],[2.404612,48.862978],[2.404061,48.863385],[2.404003,48.863497],[2.40407,48.863745],[2.404344,48.864365],[2.40414,48.864682],[2.404637,48.864668],[2.405913,48.866105],[2.407746,48.867351],[2.407824,48.867367],[2.40783,48.867416],[2.408554,48.86789],[2.408664,48.867947],[2.4088,48.86795],[2.409011,48.868084]]]}},{"type":"Feature","properties":{"code":"751083003","name":"Faubourg du Roule 3","arrondissement":"Paris 8e Arrondissement","green_per_cap":4.575,"income":null,"population":655.747463622528},"geometry":{"type":"Polygon","coordinates":[[[2.302598,48.871377],[2.302318,48.871442],[2.30411,48.87241],[2.308863,48.870934],[2.311971,48.869924],[2.310306,48.869082],[2.310074,48.869142],[2.309889,48.869049],[2.302598,48.871377]]]}},{"type":"Feature","properties":{"code":"751010104","name":"Saint-Germain l'Auxerrois 4","arrondissement":"Paris 1er Arrondissement","green_per_cap":null,"income":null,"population":0.0},"geometry":{"type":"Polygon","coordinates":[[[2.332107,48.863762],[2.340845,48.860912],[2.339861,48.858996],[2.336388,48.859371],[2.334769,48.859746],[2.333353,48.860126],[2.330695,48.860678],[2.330142,48.860844],[2.330081,48.861002],[2.33149,48.863004],[2.331968,48.863652],[2.332107,48.863762]]]}},{"type":"Feature","properties":{"code":"751020704","name":"Mail 4","arrondissement":"Paris 2e Arrondissement","green_per_cap":null,"income":null,"population":764.167640959471},"geometry":{"type":"Polygon","coordinates":[[[2.343051,48.871485],[2.346737,48.870876],[2.345852,48.869201],[2.344595,48.86955],[2.342795,48.869932],[2.342632,48.870208],[2.343051,48.871485]]]}},{"type":"Feature","properties":{"code":"751083106","name":"Madeleine 6","arrondissement":"Paris 8e Arrondissement","green_per_cap":null,"income":45550.0,"population":1203.20056107207},"geometry":{"type":"Polygon","coordinates":[[[2.326713,48.873128],[2.32647,48.872762],[2.326608,48.872697],[2.326614,48.872598],[2.325888,48.869577],[2.325166,48.869417],[2.324272,48.869264],[2.323927,48.869294],[2.323732,48.869391],[2.323465,48.869827],[2.320818,48.873525],[2.326713,48.873128]]]}},{"type":"Feature","properties":{"code":"751103711","name":"Saint-Vincent de Paul 11","arrondissement":"Paris 10e Arrondissement","green_per_cap":null,"income":null,"population":0.0},"geometry":{"type":"Polygon","coordinates":[[[2.351243,48.883859],[2.35583,48.884184],[2.355599,48.884059],[2.354332,48.881864],[2.354225,48.881785],[2.354015,48.881778],[2.351177,48.882127],[2.351127,48.88219],[2.351243,48.883859]]]}},{"type":"Feature","properties":{"code":"751051704","name":"Saint-Victor 4","arrondissement":"Paris 5e Arrondissement","green_per_cap":0.277,"income":38310.0,"population":2968.49035108697},"geometry":{"type":"Polygon","coordinates":[[[2.35604,48.849371],[2.355972,48.849274],[2.35534,48.848806],[2.353106,48.847387],[2.352834,48.847415],[2.352574,48.847524],[2.350519,48.848069],[2.350468,48.848123],[2.34852,48.848625],[2.349062,48.849889],[2.348992,48.849981],[2.350374,48.849652],[2.35604,48.849371]]]}},{"type":"Feature","properties":{"code":"751093610","name":"Rochechouart 10","arrondissement":"Paris 9e Arrondissement","green_per_cap":0.088,"income":34930.0,"population":2486.35714333504},"geometry":{"type":"Polygon","coordinates":[[[2.346909,48.883414],[2.349465,48.883725],[2.3496,48.88348],[2.349836,48.881097],[2.346597,48.88201],[2.346895,48.88314],[2.346909,48.883414]]]}},{"type":"Feature","properties":{"code":"751124605","name":"Picpus 5","arrondissement":"Paris 12e Arrondissement","green_per_cap":0.0,"income":28230.0,"population":2316.67681172233},"geometry":{"type":"Polygon","coordinates":[[[2.3968,48.834623],[2.395988,48.834963],[2.394202,48.835894],[2.393035,48.83644],[2.393176,48.836627],[2.397088,48.835626],[2.39844,48.836719],[2.399628,48.83581],[2.398593,48.835019],[2.397716,48.834175],[2.3968,48.834623]]]}},{"type":"Feature","properties":{"code":"751135020","name":"Gare 20","arrondissement":"Paris 13e Arrondissement","green_per_cap":1.926,"income":27370.0,"population":3724.60889066681},"geometry":{"type":"Polygon","coordinates":[[[2.374365,48.831031],[2.371565,48.829606],[2.367661,48.832177],[2.369697,48.833301],[2.370376,48.833577],[2.371044,48.832838],[2.371032,48.832621],[2.374365,48.831031]]]}},{"type":"Feature","properties":{"code":"751176609","name":"Plaine Monceau 9","arrondissement":"Paris 17e Arrondissement","green_per_cap":0.136,"income":51380.0,"population":2206.53073457438},"geometry":{"type":"Polygon","coordinates":[[[2.301543,48.886593],[2.303119,48.885351],[2.303496,48.885267],[2.303503,48.885067],[2.304939,48.883927],[2.303004,48.882836],[2.298382,48.8848],[2.297908,48.884861],[2.297879,48.885103],[2.298767,48.885553],[2.299667,48.885952],[2.300395,48.886227],[2.301543,48.886593]]]}},{"type":"Feature","properties":{"code":"751103806","name":"Porte Saint-Denis 6","arrondissement":"Paris 10e Arrondissement","green_per_cap":1.855,"income":35840.0,"population":3650.37051467563},"geometry":{"type":"Polygon","coordinates":[[[2.354396,48.872819],[2.354108,48.872885],[2.352029,48.873587],[2.351563,48.873689],[2.350506,48.873818],[2.351409,48.877101],[2.355675,48.876527],[2.355961,48.87618],[2.3562,48.875968],[2.356048,48.87585],[2.356247,48.875696],[2.354396,48.872819]]]}},{"type":"Feature","properties":{"code":"751114411","name":"Sainte-Marguerite 11","arrondissement":"Paris 11e Arrondissement","green_per_cap":2.663,"income":28620.0,"population":4170.36585023882},"geometry":{"type":"Polygon","coordinates":[[[2.394345,48.85652],[2.396013,48.854331],[2.393208,48.85366],[2.3927,48.853576],[2.388617,48.852752],[2.38844,48.852858],[2.388008,48.853772],[2.390858,48.854358],[2.390262,48.855323],[2.390164,48.855583],[2.392172,48.855889],[2.394345,48.85652]]]}},{"type":"Feature","properties":{"code":"751135019","name":"Gare 19","arrondissement":"Paris 13e Arrondissement","green_per_cap":null,"income":26650.0,"population":3889.97280236397},"geometry":{"type":"Polygon","coordinates":[[[2.371565,48.829606],[2.374365,48.831031],[2.374716,48.830779],[2.375233,48.830208],[2.375398,48.829985],[2.375291,48.829978],[2.375392,48.829831],[2.372929,48.828466],[2.371386,48.827669],[2.369904,48.82864],[2.371565,48.829606]]]}},{"type":"Feature","properties":{"code":"751155902","name":"Grenelle 2","arrondissement":"Paris 15e Arrondissement","green_per_cap":0.049,"income":36750.0,"population":1709.8144121028},"geometry":{"type":"Polygon","coordinates":[[[2.295945,48.84709],[2.295994,48.847011],[2.298702,48.845948],[2.297668,48.845232],[2.296902,48.844629],[2.296222,48.84496],[2.294639,48.845579],[2.295945,48.84709]]]}},{"type":"Feature","properties":{"code":"751155905","name":"Grenelle 5","arrondissement":"Paris 15e Arrondissement","green_per_cap":0.0,"income":37890.0,"population":2532.77278366576},"geometry":{"type":"Polygon","coordinates":[[[2.29341,48.848007],[2.295638,48.84715],[2.295757,48.847065],[2.288911,48.846686],[2.290168,48.848099],[2.290919,48.849003],[2.29341,48.848007]]]}},{"type":"Feature","properties":{"code":"751155732","name":"Saint-Lambert 32","arrondissement":"Paris 15e Arrondissement","green_per_cap":4508.564,"income":null,"population":1.58032571359489},"geometry":{"type":"Polygon","coordinates":[[[2.292192,48.827142],[2.289408,48.828334],[2.282671,48.831153],[2.280391,48.831979],[2.280774,48.832089],[2.283657,48.834064],[2.283992,48.834368],[2.286597,48.833374],[2.28766,48.832841],[2.288705,48.832401],[2.289418,48.832172],[2.292293,48.830928],[2.292301,48.828065],[2.292413,48.827779],[2.292217,48.827662],[2.292144,48.827555],[2.292161,48.827397],[2.29226,48.827261],[2.292192,48.827142]]]}},{"type":"Feature","properties":{"code":"751041399","name":"Seine et Berges 1","arrondissement":"Paris 4e Arrondissement","green_per_cap":null,"income":null,"population":0.0},"geometry":{"type":"Polygon","coordinates":[[[2.346789,48.85671],[2.347115,48.857241],[2.348926,48.856712],[2.351173,48.855898],[2.351977,48.855585],[2.352058,48.855507],[2.352603,48.855268],[2.35239,48.854572],[2.350941,48.855326],[2.349352,48.855952],[2.346789,48.85671]]]}},{"type":"Feature","properties":{"code":"751051799","name":"Seine et Berges 1","arrondissement":"Paris 5e Arrondissement","green_per_cap":null,"income":null,"population":0.0},"geometry":{"type":"Polygon","coordinates":[[[2.349934,48.852076],[2.351598,48.851615],[2.354597,48.850986],[2.358614,48.849697],[2.361058,48.848556],[2.362492,48.847642],[2.362367,48.847619],[2.360988,48.846847],[2.357717,48.849054],[2.357465,48.849197],[2.350871,48.851264],[2.349565,48.851776],[2.349828,48.85204],[2.349934,48.852076]]]}},{"type":"Feature","properties":{"code":"751051803","name":"Jardin des Plantes 3","arrondissement":"Paris 5e Arrondissement","green_per_cap":1.509,"income":34480.0,"population":1933.96180518854},"geometry":{"type":"Polygon","coordinates":[[[2.351871,48.836805],[2.349069,48.837073],[2.349002,48.837112],[2.350011,48.839237],[2.349941,48.839293],[2.349805,48.839679],[2.349764,48.840242],[2.349642,48.840857],[2.349633,48.841454],[2.350017,48.841484],[2.350072,48.841347],[2.350747,48.841169],[2.350715,48.841033],[2.35188,48.840848],[2.351574,48.840205],[2.350812,48.838858],[2.350696,48.838474],[2.351871,48.836805]]]}},{"type":"Feature","properties":{"code":"751124601","name":"Picpus 1","arrondissement":"Paris 12e Arrondissement","green_per_cap":16.981,"income":29040.0,"population":3570.98930429952},"geometry":{"type":"Polygon","coordinates":[[[2.402263,48.837132],[2.402911,48.836225],[2.404451,48.834236],[2.402176,48.833404],[2.401512,48.83393],[2.399628,48.83581],[2.402263,48.837132]]]}},{"type":"Feature","properties":{"code":"751135016","name":"Gare 16","arrondissement":"Paris 13e Arrondissement","green_per_cap":7.142,"income":21980.0,"population":2551.00869652464},"geometry":{"type":"Polygon","coordinates":[[[2.37649,48.82848],[2.381741,48.830664],[2.383837,48.829001],[2.384637,48.828286],[2.385764,48.827383],[2.383987,48.826549],[2.381858,48.825804],[2.381102,48.826227],[2.380879,48.826303],[2.37882,48.828508],[2.376964,48.827736],[2.37649,48.82848]]]}},{"type":"Feature","properties":{"code":"751135116","name":"Maison Blanche 16","arrondissement":"Paris 13e Arrondissement","green_per_cap":0.0,"income":32130.0,"population":2872.76124083791},"geometry":{"type":"Polygon","coordinates":[[[2.342047,48.822109],[2.34173,48.822688],[2.341489,48.823583],[2.341542,48.824621],[2.341785,48.826416],[2.34456,48.824054],[2.344062,48.822758],[2.343959,48.822624],[2.343636,48.822776],[2.342047,48.822109]]]}},{"type":"Feature","properties":{"code":"751145619","name":"Plaisance 19","arrondissement":"Paris 14e Arrondissement","green_per_cap":2.026,"income":25990.0,"population":2034.87405261278},"geometry":{"type":"Polygon","coordinates":[[[2.316841,48.834752],[2.317785,48.835282],[2.318916,48.834389],[2.320317,48.835116],[2.322071,48.834259],[2.321568,48.833777],[2.321069,48.833193],[2.320548,48.832448],[2.316841,48.834752]]]}},{"type":"Feature","properties":{"code":"751166207","name":"Muette 7","arrondissement":"Paris 16e Arrondissement","green_per_cap":1.495,"income":46420.0,"population":1526.82694338336},"geometry":{"type":"Polygon","coordinates":[[[2.267366,48.863719],[2.267568,48.863483],[2.267849,48.863285],[2.268541,48.863123],[2.268177,48.862717],[2.267771,48.862025],[2.268211,48.859755],[2.267628,48.858638],[2.266498,48.857004],[2.266191,48.85699],[2.265805,48.857039],[2.263008,48.857816],[2.265096,48.86109],[2.265196,48.861498],[2.265137,48.862061],[2.265183,48.862224],[2.26551,48.862633],[2.267366,48.863719]]]}},{"type":"Feature","properties":{"code":"751176702","name":"Batignolles 2","arrondissement":"Paris 17e Arrondissement","green_per_cap":0.792,"income":38900.0,"population":2437.62640832042},"geometry":{"type":"Polygon","coordinates":[[[2.326846,48.883391],[2.320494,48.882106],[2.319258,48.88329],[2.32118,48.883762],[2.324081,48.884333],[2.325324,48.885135],[2.326783,48.883637],[2.326846,48.883391]]]}},{"type":"Feature","properties":{"code":"751187025","name":"Clignancourt 25","arrondissement":"Paris 18e Arrondissement","green_per_cap":5.318,"income":27050.0,"population":2338.49716414428},"geometry":{"type":"Polygon","coordinates":[[[2.344341,48.898074],[2.344721,48.89766],[2.344672,48.897541],[2.346126,48.895844],[2.343407,48.895812],[2.341356,48.895764],[2.342295,48.897242],[2.342753,48.898021],[2.344341,48.898074]]]}},{"type":"Feature","properties":{"code":"751187207","name":"Chapelle 7","arrondissement":"Paris 18e Arrondissement","green_per_cap":0.523,"income":19530.0,"population":2740.50167029136},"geometry":{"type":"Polygon","coordinates":[[[2.371344,48.895738],[2.371792,48.895393],[2.370457,48.894527],[2.370035,48.894005],[2.368128,48.889701],[2.364716,48.889897],[2.363095,48.889926],[2.363529,48.893153],[2.363571,48.893263],[2.365978,48.894332],[2.366497,48.894496],[2.371058,48.89562],[2.371344,48.895738]]]}},{"type":"Feature","properties":{"code":"751093403","name":"Chaussée d'Antin 3","arrondissement":"Paris 9e Arrondissement","green_per_cap":0.0,"income":39500.0,"population":1360.48584335416},"geometry":{"type":"Polygon","coordinates":[[[2.329973,48.870265],[2.325888,48.869577],[2.326614,48.872598],[2.326608,48.872697],[2.32647,48.872762],[2.326713,48.873128],[2.327025,48.873781],[2.331142,48.873227],[2.33107,48.872854],[2.329918,48.870415],[2.329973,48.870265]]]}},{"type":"Feature","properties":{"code":"751103710","name":"Saint-Vincent de Paul 10","arrondissement":"Paris 10e Arrondissement","green_per_cap":null,"income":null,"population":0.0},"geometry":{"type":"Polygon","coordinates":[[[2.362323,48.87891],[2.361911,48.87836],[2.360559,48.876092],[2.360302,48.875826],[2.357506,48.876272],[2.357554,48.876519],[2.358313,48.877895],[2.358571,48.878762],[2.35872,48.879619],[2.358671,48.879729],[2.362023,48.880612],[2.362271,48.880007],[2.36237,48.879223],[2.362323,48.87891]]]}},{"type":"Feature","properties":{"code":"751114311","name":"Roquette 11","arrondissement":"Paris 11e Arrondissement","green_per_cap":0.012,"income":30420.0,"population":1863.70479201342},"geometry":{"type":"Polygon","coordinates":[[[2.373813,48.851874],[2.371719,48.852487],[2.370255,48.853271],[2.371333,48.854283],[2.37274,48.854809],[2.3729,48.854567],[2.375086,48.853205],[2.374702,48.853034],[2.374578,48.852935],[2.373813,48.851874]]]}},{"type":"Feature","properties":{"code":"751176805","name":"Épinettes 5","arrondissement":"Paris 17e Arrondissement","green_per_cap":null,"income":29450.0,"population":1806.37544890969},"geometry":{"type":"Polygon","coordinates":[[[2.31906,48.891256],[2.322337,48.891948],[2.32302,48.891723],[2.321245,48.889988],[2.31906,48.891256]]]}},{"type":"Feature","properties":{"code":"751197519","name":"Amérique 19","arrondissement":"Paris 19e Arrondissement","green_per_cap":36.511,"income":18900.0,"population":1883.28684616792},"geometry":{"type":"Polygon","coordinates":[[[2.401507,48.882631],[2.404576,48.881269],[2.40936,48.880256],[2.41082,48.878436],[2.407934,48.877572],[2.408207,48.877828],[2.408575,48.877963],[2.408191,48.878508],[2.407973,48.878688],[2.407708,48.879135],[2.406995,48.879734],[2.406488,48.880045],[2.405883,48.880314],[2.40527,48.880524],[2.403259,48.881096],[2.402657,48.881323],[2.402114,48.88159],[2.401714,48.881093],[2.40149,48.880475],[2.401445,48.880121],[2.4015,48.879718],[2.401707,48.879208],[2.401789,48.879138],[2.401927,48.878737],[2.401849,48.878675],[2.401616,48.878641],[2.401604,48.878731],[2.40122,48.879137],[2.401245,48.879182],[2.400031,48.880664],[2.399957,48.880832],[2.399968,48.881081],[2.400482,48.881674],[2.400552,48.881844],[2.400512,48.882098],[2.400399,48.882254],[2.400065,48.88246],[2.399635,48.882601],[2.398317,48.882782],[2.39777,48.882919],[2.397215,48.883255],[2.39697,48.883642],[2.396602,48.884796],[2.396277,48.886828],[2.396158,48.887041],[2.395845,48.888223],[2.396003,48.888781],[2.39579,48.88949],[2.398772,48.890261],[2.399136,48.888532],[2.399252,48.885362],[2.400107,48.883821],[2.401507,48.882631]]]}},{"type":"Feature","properties":{"code":"751207711","name":"Belleville 11","arrondissement":"Paris 20e Arrondissement","green_per_cap":0.17,"income":20790.0,"population":3533.80486155346},"geometry":{"type":"Polygon","coordinates":[[[2.383086,48.873476],[2.384836,48.873725],[2.385386,48.873935],[2.388088,48.8738],[2.389479,48.872858],[2.389316,48.872821],[2.388343,48.872404],[2.387841,48.872321],[2.387312,48.872166],[2.386046,48.871602],[2.386032,48.871478],[2.385708,48.871492],[2.384934,48.871961],[2.383086,48.873476]]]}},{"type":"Feature","properties":{"code":"751093404","name":"Chaussée d'Antin 4","arrondissement":"Paris 9e Arrondissement","green_per_cap":0.0,"income":null,"population":106.616160170572},"geometry":{"type":"Polygon","coordinates":[[[2.327025,48.873781],[2.326937,48.874179],[2.331318,48.874239],[2.331142,48.873227],[2.327025,48.873781]]]}},{"type":"Feature","properties":{"code":"751051908","name":"Val de Grâce 8","arrondissement":"Paris 5e Arrondissement","green_per_cap":0.061,"income":34730.0,"population":2867.80851506069},"geometry":{"type":"Polygon","coordinates":[[[2.348073,48.844416],[2.349246,48.844519],[2.349785,48.842366],[2.349633,48.841454],[2.349642,48.840857],[2.349764,48.840242],[2.349805,48.839679],[2.349941,48.839293],[2.350011,48.839237],[2.349814,48.838804],[2.346,48.840304],[2.3482,48.841523],[2.348245,48.841665],[2.348196,48.842849],[2.348073,48.844416]]]}},{"type":"Feature","properties":{"code":"751052003","name":"Sorbonne 3","arrondissement":"Paris 5e Arrondissement","green_per_cap":3.528,"income":31260.0,"population":1730.47006013142},"geometry":{"type":"Polygon","coordinates":[[[2.342632,48.850348],[2.344281,48.853757],[2.346714,48.853118],[2.346818,48.853065],[2.344886,48.849588],[2.343654,48.849927],[2.342632,48.850348]]]}},{"type":"Feature","properties":{"code":"751083203","name":"Europe 3","arrondissement":"Paris 8e Arrondissement","green_per_cap":54.556,"income":56150.0,"population":1530.82636868768},"geometry":{"type":"Polygon","coordinates":[[[2.303142,48.87915],[2.308779,48.880392],[2.312551,48.880851],[2.316297,48.877783],[2.310691,48.877535],[2.310441,48.877572],[2.3101,48.877511],[2.30666,48.877368],[2.305374,48.877953],[2.305183,48.877951],[2.305142,48.87807],[2.303142,48.87915]]]}},{"type":"Feature","properties":{"code":"751103805","name":"Porte Saint-Denis 5","arrondissement":"Paris 10e Arrondissement","green_per_cap":0.034,"income":30920.0,"population":2472.36458220988},"geometry":{"type":"Polygon","coordinates":[[[2.347901,48.874019],[2.348227,48.875785],[2.348996,48.877208],[2.349545,48.877358],[2.351409,48.877101],[2.350506,48.873818],[2.347901,48.874019]]]}},{"type":"Feature","properties":{"code":"751104002","name":"Hôpital Saint-Louis 2","arrondissement":"Paris 10e Arrondissement","green_per_cap":0.363,"income":22990.0,"population":3233.24148592232},"geometry":{"type":"Polygon","coordinates":[[[2.374534,48.874178],[2.375092,48.873677],[2.375018,48.873643],[2.374425,48.872843],[2.372933,48.872075],[2.371956,48.871802],[2.370601,48.873399],[2.373187,48.874546],[2.37337,48.874522],[2.374007,48.874301],[2.374141,48.874363],[2.374534,48.874178]]]}},{"type":"Feature","properties":{"code":"751114107","name":"Folie Méricourt 7","arrondissement":"Paris 11e Arrondissement","green_per_cap":2.468,"income":34730.0,"population":2443.9478506103},"geometry":{"type":"Polygon","coordinates":[[[2.364858,48.866248],[2.364307,48.867309],[2.363872,48.867516],[2.364356,48.867745],[2.36542,48.868153],[2.367836,48.868904],[2.368122,48.868693],[2.368234,48.868658],[2.369784,48.868479],[2.371235,48.866177],[2.370662,48.866002],[2.365504,48.866977],[2.365165,48.866723],[2.364951,48.866595],[2.364878,48.866452],[2.364858,48.866248]]]}},{"type":"Feature","properties":{"code":"751208008","name":"Charonne 8","arrondissement":"Paris 20e Arrondissement","green_per_cap":5.172,"income":16960.0,"population":2609.44805969138},"geometry":{"type":"Polygon","coordinates":[[[2.415437,48.854386],[2.416341,48.849234],[2.414339,48.849273],[2.413071,48.849113],[2.413054,48.849164],[2.411498,48.849127],[2.411361,48.849097],[2.411359,48.849342],[2.410661,48.853506],[2.413002,48.853911],[2.413184,48.853689],[2.413431,48.853572],[2.413827,48.853501],[2.414068,48.853528],[2.414387,48.853627],[2.41453,48.853735],[2.414664,48.853934],[2.414671,48.854139],[2.415437,48.854386]]]}},{"type":"Feature","properties":{"code":"751051899","name":"Seine et Berges 2","arrondissement":"Paris 5e Arrondissement","green_per_cap":946.942,"income":null,"population":70.0000947672252},"geometry":{"type":"Polygon","coordinates":[[[2.362492,48.847642],[2.366088,48.844968],[2.365127,48.844413],[2.364902,48.844113],[2.36455,48.844445],[2.364245,48.844588],[2.360988,48.846847],[2.362367,48.847619],[2.362492,48.847642]]]}},{"type":"Feature","properties":{"code":"751062499","name":"Seine et Berges 2","arrondissement":"Paris 6e Arrondissement","green_per_cap":null,"income":null,"population":0.0},"geometry":{"type":"Polygon","coordinates":[[[2.33327,48.858291],[2.332452,48.858531],[2.332916,48.859335],[2.336388,48.858625],[2.336486,48.85785],[2.33626,48.857873],[2.335183,48.857824],[2.334888,48.85787],[2.33327,48.858291]]]}},{"type":"Feature","properties":{"code":"751197617","name":"Buttes Chaumont","arrondissement":"Paris 19e Arrondissement","green_per_cap":70381.558,"income":null,"population":3.51393188746073},"geometry":{"type":"Polygon","coordinates":[[[2.381878,48.875587],[2.381318,48.875976],[2.380167,48.876232],[2.379564,48.876454],[2.379114,48.876715],[2.378806,48.876977],[2.378434,48.877466],[2.378277,48.87793],[2.378265,48.878206],[2.37834,48.878629],[2.37847,48.878885],[2.378955,48.879602],[2.379619,48.880401],[2.380884,48.881569],[2.381506,48.882007],[2.381945,48.882237],[2.382449,48.882458],[2.383647,48.882744],[2.384529,48.882884],[2.385564,48.88299],[2.388405,48.880499],[2.389497,48.879596],[2.389316,48.879526],[2.386779,48.879504],[2.385585,48.879448],[2.384693,48.879344],[2.383151,48.879022],[2.382472,48.878791],[2.382079,48.878597],[2.38155,48.878114],[2.381262,48.877693],[2.38117,48.877343],[2.381151,48.876989],[2.381242,48.876486],[2.381389,48.876187],[2.381878,48.875587]]]}},{"type":"Feature","properties":{"code":"751062202","name":"Odéon 2","arrondissement":"Paris 6e Arrondissement","green_per_cap":1.007,"income":43450.0,"population":1313.05479008535},"geometry":{"type":"Polygon","coordinates":[[[2.337057,48.851471],[2.337328,48.849298],[2.335445,48.849242],[2.33269,48.848692],[2.331664,48.848412],[2.331807,48.850261],[2.332049,48.851367],[2.332895,48.851299],[2.332911,48.851192],[2.33369,48.851253],[2.333911,48.851232],[2.334864,48.851325],[2.335665,48.851316],[2.337057,48.851471]]]}},{"type":"Feature","properties":{"code":"751062307","name":"Notre-Dame des Champs 7","arrondissement":"Paris 6e Arrondissement","green_per_cap":null,"income":45110.0,"population":1801.63565428775},"geometry":{"type":"Polygon","coordinates":[[[2.322782,48.847558],[2.325416,48.848987],[2.326663,48.84697],[2.326858,48.846953],[2.325614,48.845661],[2.324531,48.845753],[2.324192,48.846261],[2.32411,48.846239],[2.322782,48.847558]]]}},{"type":"Feature","properties":{"code":"751103802","name":"Porte Saint-Denis 2","arrondissement":"Paris 10e Arrondissement","green_per_cap":0.0,"income":23430.0,"population":1430.31156831479},"geometry":{"type":"Polygon","coordinates":[[[2.354253,48.869324],[2.352661,48.869685],[2.352641,48.869766],[2.353638,48.871578],[2.354396,48.872819],[2.354557,48.872785],[2.355906,48.872244],[2.354253,48.869324]]]}},{"type":"Feature","properties":{"code":"751114112","name":"Folie Méricourt 12","arrondissement":"Paris 11e Arrondissement","green_per_cap":0.055,"income":15140.0,"population":1813.78089110192},"geometry":{"type":"Polygon","coordinates":[[[2.374664,48.871249],[2.375887,48.871676],[2.376719,48.871133],[2.37652,48.870266],[2.376766,48.870333],[2.377485,48.869227],[2.376305,48.868841],[2.375421,48.869934],[2.375573,48.869981],[2.374664,48.871249]]]}},{"type":"Feature","properties":{"code":"751114408","name":"Sainte-Marguerite 8","arrondissement":"Paris 11e Arrondissement","green_per_cap":0.198,"income":34200.0,"population":3027.68846363948},"geometry":{"type":"Polygon","coordinates":[[[2.38623,48.852939],[2.387718,48.853282],[2.392516,48.850403],[2.390578,48.850472],[2.386555,48.850455],[2.38623,48.852939]]]}},{"type":"Feature","properties":{"code":"751135125","name":"Maison Blanche 25","arrondissement":"Paris 13e Arrondissement","green_per_cap":0.713,"income":27050.0,"population":2901.9692968356},"geometry":{"type":"Polygon","coordinates":[[[2.357269,48.826183],[2.353648,48.82599],[2.352936,48.827567],[2.352733,48.828127],[2.353339,48.827607],[2.353717,48.827457],[2.353985,48.827502],[2.35514,48.827916],[2.356234,48.828237],[2.356611,48.828313],[2.356767,48.827788],[2.357357,48.827864],[2.358451,48.828086],[2.35973,48.826438],[2.359988,48.826163],[2.357269,48.826183]]]}},{"type":"Feature","properties":{"code":"751155801","name":"Necker 1","arrondissement":"Paris 15e Arrondissement","green_per_cap":3.135,"income":18490.0,"population":3228.77277541778},"geometry":{"type":"Polygon","coordinates":[[[2.317386,48.838433],[2.314831,48.836303],[2.3129,48.834854],[2.312219,48.835141],[2.311284,48.835691],[2.310091,48.836351],[2.310231,48.836377],[2.3115,48.838496],[2.314546,48.838677],[2.314702,48.83865],[2.315703,48.838745],[2.316074,48.838792],[2.316572,48.839016],[2.316777,48.838832],[2.317021,48.838811],[2.317386,48.838433]]]}},{"type":"Feature","properties":{"code":"751166110","name":"Auteuil 10","arrondissement":"Paris 16e Arrondissement","green_per_cap":0.031,"income":35430.0,"population":2267.37102755109},"geometry":{"type":"Polygon","coordinates":[[[2.258951,48.844402],[2.258787,48.844755],[2.258695,48.845135],[2.258717,48.845994],[2.259015,48.846705],[2.259661,48.847732],[2.259732,48.847915],[2.262188,48.847944],[2.261862,48.847359],[2.259464,48.843747],[2.259266,48.843939],[2.258951,48.844402]]]}},{"type":"Feature","properties":{"code":"751166212","name":"Muette 12","arrondissement":"Paris 16e Arrondissement","green_per_cap":0.081,"income":42190.0,"population":2003.23533126384},"geometry":{"type":"Polygon","coordinates":[[[2.279592,48.854842],[2.27788,48.856208],[2.277517,48.857953],[2.278912,48.857752],[2.279948,48.857752],[2.280228,48.856923],[2.280546,48.85693],[2.281653,48.856211],[2.280473,48.855176],[2.279592,48.854842]]]}},{"type":"Feature","properties":{"code":"751166302","name":"Porte Dauphine 2","arrondissement":"Paris 16e Arrondissement","green_per_cap":0.005,"income":40430.0,"population":3349.3106853937},"geometry":{"type":"Polygon","coordinates":[[[2.277372,48.863952],[2.279185,48.865431],[2.279752,48.866043],[2.280992,48.867803],[2.281066,48.867834],[2.284277,48.866846],[2.283387,48.865551],[2.283467,48.865483],[2.283434,48.86542],[2.283234,48.865391],[2.281566,48.863505],[2.278861,48.863816],[2.277372,48.863952]]]}},{"type":"Feature","properties":{"code":"751176612","name":"Plaine Monceau 12","arrondissement":"Paris 17e Arrondissement","green_per_cap":5.417,"income":49660.0,"population":3067.07472636985},"geometry":{"type":"Polygon","coordinates":[[[2.297989,48.887249],[2.301327,48.888814],[2.301544,48.888786],[2.301813,48.888896],[2.303841,48.889857],[2.303997,48.889732],[2.304634,48.887623],[2.304491,48.887545],[2.304416,48.887405],[2.304424,48.887264],[2.30453,48.887172],[2.302659,48.886874],[2.301543,48.886593],[2.300395,48.886227],[2.299667,48.885952],[2.298767,48.885553],[2.297879,48.885103],[2.297659,48.885293],[2.297267,48.885377],[2.297257,48.885827],[2.297311,48.886119],[2.29747,48.886506],[2.297638,48.886743],[2.297991,48.887082],[2.297989,48.887249]]]}},{"type":"Feature","properties":{"code":"751093308","name":"Saint-Georges 8","arrondissement":"Paris 9e Arrondissement","green_per_cap":4.171,"income":30770.0,"population":1946.79421124384},"geometry":{"type":"Polygon","coordinates":[[[2.332303,48.883868],[2.336109,48.882763],[2.337773,48.882329],[2.337528,48.882054],[2.337409,48.881999],[2.337212,48.881991],[2.336163,48.881213],[2.332056,48.88279],[2.332404,48.883617],[2.332255,48.883714],[2.332303,48.883868]]]}},{"type":"Feature","properties":{"code":"751093606","name":"Rochechouart 6","arrondissement":"Paris 9e Arrondissement","green_per_cap":0.0,"income":39070.0,"population":2008.31616567822},"geometry":{"type":"Polygon","coordinates":[[[2.34953,48.87969],[2.349253,48.878867],[2.349095,48.877429],[2.346846,48.877878],[2.347294,48.879018],[2.345964,48.878624],[2.345314,48.87877],[2.345962,48.879671],[2.348713,48.879439],[2.34953,48.87969]]]}},{"type":"Feature","properties":{"code":"751114106","name":"Folie Méricourt 6","arrondissement":"Paris 11e Arrondissement","green_per_cap":0.299,"income":33750.0,"population":2527.20968539889},"geometry":{"type":"Polygon","coordinates":[[[2.366889,48.862473],[2.366686,48.863203],[2.364858,48.866248],[2.364878,48.866452],[2.364951,48.866595],[2.365165,48.866723],[2.370124,48.86377],[2.366889,48.862473]]]}},{"type":"Feature","properties":{"code":"751114406","name":"Sainte-Marguerite 6","arrondissement":"Paris 11e Arrondissement","green_per_cap":1.53,"income":31400.0,"population":2938.2230512738},"geometry":{"type":"Polygon","coordinates":[[[2.384708,48.850084],[2.384458,48.850127],[2.381426,48.850408],[2.380115,48.850455],[2.380311,48.851124],[2.381143,48.852584],[2.380429,48.85359],[2.382406,48.854013],[2.383248,48.852517],[2.384449,48.850473],[2.384708,48.850084]]]}},{"type":"Feature","properties":{"code":"751135105","name":"Maison Blanche 5","arrondissement":"Paris 13e Arrondissement","green_per_cap":null,"income":30670.0,"population":2838.53791456854},"geometry":{"type":"Polygon","coordinates":[[[2.361868,48.823692],[2.35834,48.822807],[2.357269,48.826183],[2.359988,48.826163],[2.360037,48.82602],[2.361868,48.823692]]]}},{"type":"Feature","properties":{"code":"751135122","name":"Maison Blanche 22","arrondissement":"Paris 13e Arrondissement","green_per_cap":0.219,"income":35580.0,"population":3290.89837613706},"geometry":{"type":"Polygon","coordinates":[[[2.353648,48.82599],[2.34736,48.825656],[2.346587,48.82576],[2.346585,48.826483],[2.347273,48.82787],[2.348732,48.827389],[2.349013,48.827598],[2.352358,48.828049],[2.352733,48.828127],[2.352936,48.827567],[2.353648,48.82599]]]}},{"type":"Feature","properties":{"code":"751145618","name":"Plaisance 18","arrondissement":"Paris 14e Arrondissement","green_per_cap":8.923,"income":21310.0,"population":2881.91411747169},"geometry":{"type":"Polygon","coordinates":[[[2.312769,48.83475],[2.314831,48.836303],[2.317386,48.838433],[2.317652,48.838163],[2.31774,48.837883],[2.318147,48.837445],[2.317956,48.837339],[2.317898,48.837225],[2.317912,48.837089],[2.318021,48.836972],[2.318148,48.836922],[2.318464,48.836923],[2.319068,48.835993],[2.314972,48.833715],[2.314338,48.833964],[2.313102,48.834635],[2.312769,48.83475]]]}},{"type":"Feature","properties":{"code":"751155906","name":"Grenelle 6","arrondissement":"Paris 15e Arrondissement","green_per_cap":0.032,"income":39290.0,"population":2538.07525803604},"geometry":{"type":"Polygon","coordinates":[[[2.287627,48.849065],[2.290168,48.848099],[2.288911,48.846686],[2.286025,48.846539],[2.285651,48.846776],[2.287627,48.849065]]]}},{"type":"Feature","properties":{"code":"751176708","name":"Batignolles 8","arrondissement":"Paris 17e Arrondissement","green_per_cap":null,"income":36150.0,"population":2318.31116561116},"geometry":{"type":"Polygon","coordinates":[[[2.316825,48.885673],[2.319258,48.88329],[2.317654,48.882866],[2.315486,48.884878],[2.316825,48.885673]]]}},{"type":"Feature","properties":{"code":"751176712","name":"Batignolles 12","arrondissement":"Paris 17e Arrondissement","green_per_cap":8.913,"income":40910.0,"population":1882.78420927008},"geometry":{"type":"Polygon","coordinates":[[[2.31937,48.887155],[2.318446,48.886633],[2.318517,48.886542],[2.318457,48.886435],[2.31834,48.886398],[2.318107,48.886427],[2.316825,48.885673],[2.316414,48.886048],[2.315684,48.886595],[2.314646,48.887151],[2.314087,48.887352],[2.314268,48.887428],[2.314974,48.887921],[2.316682,48.889698],[2.317969,48.888938],[2.31726,48.888422],[2.31937,48.887155]]]}},{"type":"Feature","properties":{"code":"751186901","name":"Grandes Carrières 1","arrondissement":"Paris 18e Arrondissement","green_per_cap":4.05,"income":30050.0,"population":2640.99890649721},"geometry":{"type":"Polygon","coordinates":[[[2.3378,48.882325],[2.336109,48.882763],[2.336766,48.883861],[2.336948,48.88436],[2.334311,48.885393],[2.334771,48.885833],[2.33613,48.885423],[2.337726,48.884765],[2.338444,48.884231],[2.339127,48.883936],[2.3378,48.882325]]]}},{"type":"Feature","properties":{"code":"751187107","name":"Goutte d'Or 7","arrondissement":"Paris 18e Arrondissement","green_per_cap":0.057,"income":21840.0,"population":2194.89058559811},"geometry":{"type":"Polygon","coordinates":[[[2.3532,48.890897],[2.353318,48.890372],[2.353366,48.889757],[2.353593,48.888962],[2.353566,48.888475],[2.351531,48.888299],[2.351636,48.889057],[2.351459,48.890465],[2.351633,48.891188],[2.3532,48.890897]]]}},{"type":"Feature","properties":{"code":"751082904","name":"Champs Élysées 4","arrondissement":"Paris 8e Arrondissement","green_per_cap":null,"income":null,"population":215.290960551889},"geometry":{"type":"Polygon","coordinates":[[[2.300991,48.864741],[2.300298,48.865008],[2.299842,48.864987],[2.299838,48.865537],[2.298906,48.868535],[2.301009,48.869933],[2.301449,48.864977],[2.301361,48.864715],[2.300991,48.864741]]]}},{"type":"Feature","properties":{"code":"751145407","name":"Parc de Montsouris 7","arrondissement":"Paris 14e Arrondissement","green_per_cap":null,"income":null,"population":354.57526724551},"geometry":{"type":"Polygon","coordinates":[[[2.341283,48.830275],[2.3416,48.828353],[2.341592,48.82649],[2.336683,48.827217],[2.336515,48.827853],[2.336705,48.830369],[2.341283,48.830275]]]}},{"type":"Feature","properties":{"code":"751166131","name":"Auteuil 31","arrondissement":"Paris 16e Arrondissement","green_per_cap":831.734,"income":null,"population":42.4137991414452},"geometry":{"type":"Polygon","coordinates":[[[2.261492,48.83407],[2.255144,48.83481],[2.252305,48.838142],[2.25193,48.838616],[2.251709,48.838822],[2.251216,48.84289],[2.252478,48.845486],[2.255873,48.845383],[2.255833,48.845131],[2.255299,48.84416],[2.254669,48.8427],[2.254757,48.842631],[2.254734,48.842555],[2.254633,48.842527],[2.254631,48.842471],[2.254846,48.841401],[2.254664,48.841112],[2.254501,48.840948],[2.254454,48.840785],[2.254707,48.839288],[2.255357,48.838594],[2.25514,48.838328],[2.256436,48.838226],[2.256369,48.838031],[2.256437,48.837792],[2.256526,48.837677],[2.256811,48.837508],[2.256597,48.837137],[2.25663,48.837059],[2.256496,48.83661],[2.256858,48.836361],[2.257003,48.836295],[2.258872,48.836201],[2.258991,48.836227],[2.259242,48.836464],[2.261575,48.835563],[2.261756,48.835578],[2.262926,48.836723],[2.263609,48.83662],[2.263732,48.83652],[2.263778,48.83636],[2.261978,48.834639],[2.261492,48.83407]]]}},{"type":"Feature","properties":{"code":"751051805","name":"Jardin des Plantes 5","arrondissement":"Paris 5e Arrondissement","green_per_cap":0.174,"income":30380.0,"population":3280.05521773162},"geometry":{"type":"Polygon","coordinates":[[[2.364158,48.843185],[2.361966,48.840242],[2.36166,48.840342],[2.35933,48.840279],[2.358339,48.840031],[2.356601,48.839705],[2.356355,48.840095],[2.35596,48.841183],[2.363171,48.843039],[2.36386,48.843202],[2.364158,48.843185]]]}},{"type":"Feature","properties":{"code":"751114410","name":"Sainte-Marguerite 10","arrondissement":"Paris 11e Arrondissement","green_per_cap":0.242,"income":30030.0,"population":4292.41709452398},"geometry":{"type":"Polygon","coordinates":[[[2.396013,48.854331],[2.398395,48.851302],[2.395169,48.850746],[2.394489,48.850685],[2.3927,48.853576],[2.393208,48.85366],[2.396013,48.854331]]]}},{"type":"Feature","properties":{"code":"751135018","name":"Gare 18","arrondissement":"Paris 13e Arrondissement","green_per_cap":4.272,"income":27810.0,"population":1908.11961719921},"geometry":{"type":"Polygon","coordinates":[[[2.371973,48.836593],[2.373758,48.837463],[2.374335,48.836778],[2.375535,48.835518],[2.379066,48.832713],[2.37977,48.832234],[2.376724,48.830555],[2.371456,48.836089],[2.37149,48.836216],[2.371417,48.836288],[2.371973,48.836593]]]}},{"type":"Feature","properties":{"code":"751145608","name":"Plaisance 8","arrondissement":"Paris 14e Arrondissement","green_per_cap":null,"income":30500.0,"population":1843.76040748308},"geometry":{"type":"Polygon","coordinates":[[[2.312326,48.830964],[2.313343,48.830157],[2.313828,48.830395],[2.31429,48.830695],[2.317301,48.829221],[2.315632,48.82809],[2.311745,48.830683],[2.312326,48.830964]]]}},{"type":"Feature","properties":{"code":"751155915","name":"Grenelle 15","arrondissement":"Paris 15e Arrondissement","green_per_cap":2.393,"income":35390.0,"population":2023.2978951648},"geometry":{"type":"Polygon","coordinates":[[[2.295082,48.849961],[2.292407,48.850712],[2.291528,48.85154],[2.291929,48.851538],[2.293045,48.851384],[2.294773,48.851123],[2.294942,48.851028],[2.295975,48.851719],[2.29655,48.851351],[2.29645,48.851266],[2.297031,48.850897],[2.29699,48.850704],[2.297408,48.850285],[2.298549,48.849518],[2.297917,48.849066],[2.295082,48.849961]]]}},{"type":"Feature","properties":{"code":"751166217","name":"Muette 17","arrondissement":"Paris 16e Arrondissement","green_per_cap":null,"income":46740.0,"population":2735.77452813807},"geometry":{"type":"Polygon","coordinates":[[[2.278339,48.861749],[2.281033,48.860232],[2.278032,48.859492],[2.274939,48.858322],[2.275231,48.859626],[2.275026,48.860417],[2.275451,48.861248],[2.277041,48.860579],[2.278339,48.861749]]]}},{"type":"Feature","properties":{"code":"751166401","name":"Chaillot 1","arrondissement":"Paris 16e Arrondissement","green_per_cap":4.889,"income":42560.0,"population":1551.32504968936},"geometry":{"type":"Polygon","coordinates":[[[2.298906,48.868535],[2.299838,48.865537],[2.299842,48.864987],[2.300298,48.865008],[2.301635,48.864491],[2.301662,48.864195],[2.301533,48.864181],[2.301399,48.86425],[2.301214,48.864231],[2.301175,48.864337],[2.300884,48.864296],[2.300931,48.864168],[2.298916,48.863865],[2.296379,48.863296],[2.294026,48.862533],[2.29327,48.862067],[2.292555,48.862537],[2.294129,48.863348],[2.295825,48.864346],[2.295536,48.864934],[2.295875,48.864946],[2.295788,48.86568],[2.296012,48.865795],[2.296657,48.866552],[2.297619,48.867457],[2.298906,48.868535]]]}},{"type":"Feature","properties":{"code":"751176810","name":"Épinettes 10","arrondissement":"Paris 17e Arrondissement","green_per_cap":1.596,"income":33420.0,"population":2124.24568498338},"geometry":{"type":"Polygon","coordinates":[[[2.325366,48.893467],[2.324801,48.89356],[2.323423,48.893517],[2.322713,48.893588],[2.3245,48.895852],[2.326626,48.895609],[2.325366,48.893467]]]}},{"type":"Feature","properties":{"code":"751186905","name":"Grandes Carrières 5","arrondissement":"Paris 18e Arrondissement","green_per_cap":null,"income":30790.0,"population":2432.34129247283},"geometry":{"type":"Polygon","coordinates":[[[2.326382,48.885798],[2.325596,48.887508],[2.326284,48.889575],[2.327884,48.888804],[2.327504,48.888327],[2.327614,48.888182],[2.32856,48.887353],[2.328601,48.887266],[2.326382,48.885798]]]}},{"type":"Feature","properties":{"code":"751197513","name":"Amérique 13","arrondissement":"Paris 19e Arrondissement","green_per_cap":20.937,"income":18690.0,"population":2333.46891655598},"geometry":{"type":"Polygon","coordinates":[[[2.398971,48.879916],[2.398874,48.87992],[2.398222,48.880159],[2.397417,48.880346],[2.397111,48.880396],[2.396754,48.880404],[2.396866,48.8808],[2.397115,48.880989],[2.396656,48.881306],[2.395854,48.88141],[2.393264,48.881985],[2.393283,48.882095],[2.393225,48.882136],[2.394674,48.883109],[2.394975,48.883266],[2.395164,48.883325],[2.39697,48.883642],[2.397215,48.883255],[2.39777,48.882919],[2.398317,48.882782],[2.399635,48.882601],[2.400065,48.88246],[2.400399,48.882254],[2.400512,48.882098],[2.400552,48.881844],[2.400482,48.881674],[2.399968,48.881081],[2.399957,48.880832],[2.400031,48.880664],[2.398585,48.880157],[2.398971,48.879916]]]}},{"type":"Feature","properties":{"code":"751197517","name":"Amérique 17","arrondissement":"Paris 19e Arrondissement","green_per_cap":0.009,"income":18360.0,"population":4008.03496964685},"geometry":{"type":"Polygon","coordinates":[[[2.394336,48.886849],[2.394311,48.886529],[2.394367,48.886432],[2.394301,48.886346],[2.394359,48.88613],[2.394451,48.884895],[2.394975,48.883266],[2.394674,48.883109],[2.393378,48.88225],[2.391281,48.884342],[2.392097,48.884692],[2.39275,48.885082],[2.39347,48.885722],[2.393991,48.886368],[2.39397,48.8865],[2.394336,48.886849]]]}},{"type":"Feature","properties":{"code":"751207805","name":"Saint-Fargeau 5","arrondissement":"Paris 20e Arrondissement","green_per_cap":0.169,"income":29300.0,"population":3060.54038142121},"geometry":{"type":"Polygon","coordinates":[[[2.40542,48.869225],[2.406832,48.869983],[2.407004,48.870032],[2.407995,48.870506],[2.408155,48.870519],[2.408323,48.870666],[2.408698,48.870831],[2.408824,48.86908],[2.409011,48.868084],[2.4088,48.86795],[2.408664,48.867947],[2.408554,48.86789],[2.40783,48.867416],[2.407824,48.867367],[2.407746,48.867351],[2.40632,48.866397],[2.405709,48.867513],[2.4055,48.868974],[2.40542,48.869225]]]}},{"type":"Feature","properties":{"code":"751124577","name":"Bois de Vincennes 1","arrondissement":"Paris 12e Arrondissement","green_per_cap":1115.484,"income":null,"population":402.550937725409},"geometry":{"type":"Polygon","coordinates":[[[2.466164,48.840423],[2.467913,48.838448],[2.469473,48.837048],[2.469803,48.836547],[2.469834,48.835798],[2.469496,48.834471],[2.468618,48.833588],[2.466939,48.832749],[2.466273,48.832296],[2.465627,48.831634],[2.465273,48.831018],[2.464702,48.829277],[2.464647,48.827781],[2.464662,48.827623],[2.465095,48.827541],[2.465232,48.827667],[2.466178,48.827328],[2.465712,48.826174],[2.464598,48.827217],[2.464493,48.827272],[2.4644,48.82726],[2.463774,48.827874],[2.462423,48.828918],[2.459053,48.831212],[2.456806,48.832674],[2.455513,48.8336],[2.454483,48.834477],[2.453754,48.835184],[2.453159,48.835842],[2.451733,48.835369],[2.449989,48.834862],[2.448181,48.834443],[2.447119,48.834244],[2.445563,48.834013],[2.445196,48.833801],[2.445117,48.833858],[2.444966,48.833794],[2.444654,48.83394],[2.444198,48.834047],[2.438107,48.834771],[2.437932,48.834693],[2.43792,48.834566],[2.437746,48.834565],[2.437569,48.834626],[2.437486,48.834753],[2.431461,48.835448],[2.431423,48.835111],[2.431319,48.835115],[2.43125,48.835042],[2.43113,48.83506],[2.430422,48.834583],[2.430129,48.834268],[2.429647,48.833407],[2.429466,48.832986],[2.42937,48.832591],[2.429368,48.832271],[2.428576,48.831319],[2.428141,48.830631],[2.426836,48.828869],[2.426251,48.82907],[2.425194,48.82927],[2.421727,48.829437],[2.42123,48.829502],[2.420255,48.829753],[2.419688,48.828831],[2.419585,48.828543],[2.419341,48.828141],[2.419345,48.828045],[2.418206,48.82777],[2.417229,48.827758],[2.416086,48.827934],[2.414975,48.828184],[2.413508,48.828673],[2.412175,48.829222],[2.411568,48.829512],[2.411456,48.829525],[2.410763,48.829868],[2.409254,48.830701],[2.408806,48.831131],[2.408349,48.83144],[2.407762,48.831715],[2.407079,48.831962],[2.406247,48.832143],[2.405091,48.832318],[2.404584,48.832346],[2.403894,48.832295],[2.404178,48.832501],[2.404436,48.832951],[2.40553,48.833242],[2.40725,48.834142],[2.40756,48.834322],[2.407781,48.834549],[2.407979,48.834876],[2.40817,48.83496],[2.409774,48.834408],[2.40983,48.83433],[2.410271,48.834141],[2.41088,48.833983],[2.413505,48.833723],[2.41547,48.833794],[2.417338,48.834189],[2.419796,48.834983],[2.422139,48.835798],[2.421476,48.837096],[2.421062,48.838891],[2.420773,48.839687],[2.420394,48.84044],[2.419539,48.841449],[2.419357,48.842498],[2.419849,48.843102],[2.41986,48.843456],[2.421848,48.844437],[2.422435,48.844058],[2.423492,48.842656],[2.423948,48.842196],[2.424347,48.84195],[2.42492,48.841808],[2.433545,48.841046],[2.43367,48.841198],[2.437184,48.840893],[2.437958,48.844664],[2.44052,48.84444],[2.440616,48.844892],[2.440801,48.844879],[2.440864,48.845252],[2.440681,48.845247],[2.440758,48.845964],[2.446646,48.845802],[2.446497,48.844968],[2.447853,48.844863],[2.457844,48.84355],[2.459873,48.843181],[2.461794,48.842731],[2.463741,48.842023],[2.465259,48.841174],[2.466164,48.840423]]]}},{"type":"Feature","properties":{"code":"751114209","name":"Saint-Ambroise 9","arrondissement":"Paris 11e Arrondissement","green_per_cap":null,"income":32970.0,"population":2447.22896078407},"geometry":{"type":"Polygon","coordinates":[[[2.367328,48.860672],[2.366889,48.862473],[2.370124,48.86377],[2.371434,48.862987],[2.371868,48.862502],[2.372154,48.861937],[2.370087,48.861358],[2.367328,48.860672]]]}},{"type":"Feature","properties":{"code":"751124624","name":"Picpus 24","arrondissement":"Paris 12e Arrondissement","green_per_cap":3.632,"income":40340.0,"population":2196.36373207634},"geometry":{"type":"Polygon","coordinates":[[[2.397516,48.848235],[2.399121,48.848098],[2.399023,48.847516],[2.399094,48.847366],[2.402301,48.845175],[2.402257,48.845014],[2.401845,48.844995],[2.398384,48.845297],[2.398116,48.845568],[2.397105,48.847007],[2.396707,48.847475],[2.396981,48.847605],[2.397274,48.847827],[2.39743,48.847985],[2.397516,48.848235]]]}},{"type":"Feature","properties":{"code":"751134905","name":"Salpêtrière 5","arrondissement":"Paris 13e Arrondissement","green_per_cap":9.0,"income":33160.0,"population":2786.26222812509},"geometry":{"type":"Polygon","coordinates":[[[2.351871,48.836805],[2.353043,48.837169],[2.353578,48.836431],[2.353254,48.836233],[2.354155,48.83555],[2.354669,48.835926],[2.354863,48.836305],[2.355104,48.836218],[2.35775,48.837236],[2.358317,48.836437],[2.355787,48.835405],[2.354726,48.834864],[2.356825,48.833257],[2.355785,48.831876],[2.355577,48.83147],[2.353209,48.834902],[2.352866,48.8353],[2.351871,48.836805]]]}},{"type":"Feature","properties":{"code":"751166406","name":"Chaillot 6","arrondissement":"Paris 16e Arrondissement","green_per_cap":null,"income":44670.0,"population":1848.23832963192},"geometry":{"type":"Polygon","coordinates":[[[2.285402,48.869465],[2.285318,48.86987],[2.284692,48.872193],[2.287223,48.872467],[2.291574,48.868985],[2.291513,48.868883],[2.285646,48.869635],[2.285564,48.869535],[2.285402,48.869465]]]}},{"type":"Feature","properties":{"code":"751176817","name":"Épinettes 17","arrondissement":"Paris 17e Arrondissement","green_per_cap":74.816,"income":17400.0,"population":1602.82035153496},"geometry":{"type":"Polygon","coordinates":[[[2.309534,48.896703],[2.312451,48.897782],[2.31852,48.899638],[2.320434,48.900776],[2.32327,48.900813],[2.325836,48.900954],[2.330147,48.901044],[2.329467,48.899023],[2.324053,48.89888],[2.32389,48.898853],[2.323809,48.898735],[2.323334,48.898724],[2.323039,48.898728],[2.322094,48.898943],[2.321654,48.898742],[2.314667,48.896077],[2.314553,48.896071],[2.313665,48.896476],[2.312557,48.895609],[2.311979,48.895232],[2.310653,48.896],[2.310585,48.896084],[2.31045,48.896099],[2.31019,48.896237],[2.31,48.896278],[2.309534,48.896703]]]}},{"type":"Feature","properties":{"code":"751187109","name":"Goutte d'Or 9","arrondissement":"Paris 18e Arrondissement","green_per_cap":0.014,"income":19450.0,"population":1953.90696388799},"geometry":{"type":"Polygon","coordinates":[[[2.359897,48.890252],[2.359881,48.889047],[2.356051,48.888706],[2.355943,48.889196],[2.355804,48.890412],[2.356343,48.890359],[2.359897,48.890252]]]}},{"type":"Feature","properties":{"code":"751197520","name":"Amérique 20","arrondissement":"Paris 19e Arrondissement","green_per_cap":1.51,"income":24960.0,"population":3323.72262213299},"geometry":{"type":"Polygon","coordinates":[[[2.39579,48.88949],[2.396003,48.888781],[2.395845,48.888223],[2.395529,48.888169],[2.395383,48.888064],[2.394336,48.886849],[2.39397,48.8865],[2.393991,48.886368],[2.39347,48.885722],[2.39275,48.885082],[2.392097,48.884692],[2.390443,48.884015],[2.390226,48.884299],[2.389994,48.885477],[2.389806,48.886089],[2.393457,48.886407],[2.393713,48.887221],[2.393113,48.888844],[2.395359,48.889441],[2.395478,48.889398],[2.39579,48.88949]]]}},{"type":"Feature","properties":{"code":"751031204","name":"Sainte-Avoye 4","arrondissement":"Paris 3e Arrondissement","green_per_cap":null,"income":31030.0,"population":2027.36798707507},"geometry":{"type":"Polygon","coordinates":[[[2.350955,48.863402],[2.351511,48.864427],[2.353317,48.864835],[2.355158,48.864264],[2.354247,48.862638],[2.350955,48.863402]]]}},{"type":"Feature","properties":{"code":"751104006","name":"Hôpital Saint-Louis 6","arrondissement":"Paris 10e Arrondissement","green_per_cap":2.038,"income":26360.0,"population":2497.5941478876},"geometry":{"type":"Polygon","coordinates":[[[2.370576,48.877734],[2.373301,48.875285],[2.373175,48.875283],[2.37249,48.87466],[2.371427,48.874838],[2.370318,48.875223],[2.370328,48.874058],[2.370056,48.874132],[2.36854,48.876152],[2.369907,48.877562],[2.370066,48.877685],[2.370389,48.877632],[2.370576,48.877734]]]}},{"type":"Feature","properties":{"code":"751114102","name":"Folie Méricourt 2","arrondissement":"Paris 11e Arrondissement","green_per_cap":0.0,"income":24210.0,"population":2367.82424022147},"geometry":{"type":"Polygon","coordinates":[[[2.378565,48.867983],[2.37993,48.866651],[2.380197,48.866336],[2.377337,48.865649],[2.375904,48.867296],[2.378565,48.867983]]]}},{"type":"Feature","properties":{"code":"751114309","name":"Roquette 9","arrondissement":"Paris 11e Arrondissement","green_per_cap":0.764,"income":28940.0,"population":1562.19247841098},"geometry":{"type":"Polygon","coordinates":[[[2.378734,48.853317],[2.378214,48.853267],[2.37684,48.853271],[2.376928,48.853339],[2.3769,48.853432],[2.375096,48.855764],[2.376788,48.856392],[2.377599,48.855333],[2.378067,48.854606],[2.377967,48.854432],[2.378162,48.854367],[2.378734,48.853317]]]}},{"type":"Feature","properties":{"code":"751124623","name":"Picpus 23","arrondissement":"Paris 12e Arrondissement","green_per_cap":12.002,"income":37510.0,"population":2457.59984947199},"geometry":{"type":"Polygon","coordinates":[[[2.391973,48.848969],[2.395958,48.848378],[2.397516,48.848235],[2.39743,48.847985],[2.397274,48.847827],[2.396981,48.847605],[2.396707,48.847475],[2.397105,48.847007],[2.398116,48.845568],[2.398384,48.845297],[2.395381,48.845617],[2.395171,48.845457],[2.393684,48.847147],[2.391973,48.848969]]]}},{"type":"Feature","properties":{"code":"751124702","name":"Bercy 2","arrondissement":"Paris 12e Arrondissement","green_per_cap":null,"income":27930.0,"population":2782.89522380702},"geometry":{"type":"Polygon","coordinates":[[[2.386775,48.83607],[2.385348,48.835297],[2.382037,48.837938],[2.381796,48.838183],[2.381097,48.838675],[2.379593,48.839867],[2.379023,48.840422],[2.379247,48.840492],[2.379611,48.84045],[2.379703,48.840407],[2.388113,48.838943],[2.390022,48.837053],[2.38768,48.83648],[2.387639,48.836366],[2.38706,48.836046],[2.386916,48.836021],[2.386775,48.83607]]]}},{"type":"Feature","properties":{"code":"751124802","name":"Quinze-Vingts 2","arrondissement":"Paris 12e Arrondissement","green_per_cap":0.676,"income":25490.0,"population":2202.81444977937},"geometry":{"type":"Polygon","coordinates":[[[2.37748,48.846276],[2.377753,48.846202],[2.38165,48.844319],[2.379801,48.843631],[2.379531,48.843776],[2.379428,48.843706],[2.377145,48.844523],[2.375995,48.845144],[2.375783,48.844968],[2.375599,48.844952],[2.374417,48.845573],[2.374203,48.845843],[2.374388,48.845941],[2.37748,48.846276]]]}},{"type":"Feature","properties":{"code":"751135013","name":"Gare 13","arrondissement":"Paris 13e Arrondissement","green_per_cap":1.338,"income":17220.0,"population":2204.57112009991},"geometry":{"type":"Polygon","coordinates":[[[2.378035,48.826284],[2.378546,48.826005],[2.379169,48.825601],[2.379359,48.825435],[2.378334,48.825093],[2.378091,48.825085],[2.37783,48.824941],[2.377118,48.824704],[2.376961,48.824599],[2.376414,48.824409],[2.374578,48.825584],[2.374779,48.825629],[2.37477,48.826038],[2.374273,48.827075],[2.377357,48.826427],[2.377495,48.826392],[2.377578,48.826246],[2.378035,48.826284]]]}},{"type":"Feature","properties":{"code":"751145621","name":"Plaisance 21","arrondissement":"Paris 14e Arrondissement","green_per_cap":0.136,"income":27260.0,"population":1945.40008010888},"geometry":{"type":"Polygon","coordinates":[[[2.324961,48.832535],[2.324712,48.832032],[2.322696,48.832626],[2.323223,48.833254],[2.321568,48.833777],[2.322071,48.834259],[2.321778,48.834402],[2.322992,48.835441],[2.323739,48.835496],[2.324961,48.832535]]]}},{"type":"Feature","properties":{"code":"751155713","name":"Saint-Lambert 13","arrondissement":"Paris 15e Arrondissement","green_per_cap":null,"income":41000.0,"population":1669.75693499347},"geometry":{"type":"Polygon","coordinates":[[[2.293688,48.835965],[2.291955,48.837388],[2.293846,48.838254],[2.293942,48.838337],[2.296441,48.837226],[2.293997,48.836084],[2.293688,48.835965]]]}},{"type":"Feature","properties":{"code":"751155731","name":"Saint-Lambert 31","arrondissement":"Paris 15e Arrondissement","green_per_cap":1.303,"income":28840.0,"population":2611.85172213238},"geometry":{"type":"Polygon","coordinates":[[[2.307817,48.837694],[2.306624,48.836447],[2.306491,48.836458],[2.306415,48.8364],[2.303259,48.836779],[2.302834,48.836856],[2.302736,48.836963],[2.304668,48.838366],[2.306259,48.839098],[2.3069,48.838446],[2.307817,48.837694]]]}},{"type":"Feature","properties":{"code":"751176508","name":"Ternes 8","arrondissement":"Paris 17e Arrondissement","green_per_cap":0.142,"income":50690.0,"population":3277.46987101243},"geometry":{"type":"Polygon","coordinates":[[[2.288393,48.879985],[2.293733,48.882888],[2.295216,48.881558],[2.290716,48.879452],[2.288393,48.879985]]]}},{"type":"Feature","properties":{"code":"751186906","name":"Grandes Carrières 6","arrondissement":"Paris 18e Arrondissement","green_per_cap":0.0,"income":30420.0,"population":2458.59068414156},"geometry":{"type":"Polygon","coordinates":[[[2.326284,48.889575],[2.326876,48.891338],[2.32943,48.891139],[2.328885,48.890273],[2.329279,48.890061],[2.32872,48.889766],[2.327884,48.888804],[2.326284,48.889575]]]}},{"type":"Feature","properties":{"code":"751208017","name":"Charonne 17","arrondissement":"Paris 20e Arrondissement","green_per_cap":1.454,"income":25180.0,"population":2454.55959912172},"geometry":{"type":"Polygon","coordinates":[[[2.403921,48.85762],[2.404552,48.856864],[2.40494,48.856185],[2.404752,48.856211],[2.404403,48.855955],[2.403855,48.855055],[2.403058,48.854596],[2.402881,48.854279],[2.402627,48.853965],[2.401211,48.855499],[2.401052,48.855461],[2.400877,48.855468],[2.40074,48.855523],[2.400637,48.855624],[2.400638,48.855859],[2.400805,48.855972],[2.401073,48.856009],[2.401306,48.855929],[2.402229,48.85656],[2.403921,48.85762]]]}},{"type":"Feature","properties":{"code":"751083005","name":"Faubourg du Roule 5","arrondissement":"Paris 8e Arrondissement","green_per_cap":null,"income":31950.0,"population":1247.95977116197},"geometry":{"type":"Polygon","coordinates":[[[2.305643,48.874899],[2.305936,48.874806],[2.306462,48.874532],[2.30745,48.874199],[2.302318,48.871442],[2.295831,48.873537],[2.295904,48.873831],[2.305643,48.874899]]]}},{"type":"Feature","properties":{"code":"751093409","name":"Chaussée d'Antin 9","arrondissement":"Paris 9e Arrondissement","green_per_cap":0.0,"income":null,"population":666.812387480002},"geometry":{"type":"Polygon","coordinates":[[[2.326937,48.874179],[2.326666,48.875544],[2.330201,48.875988],[2.331078,48.876163],[2.331404,48.875093],[2.331318,48.874239],[2.326937,48.874179]]]}},{"type":"Feature","properties":{"code":"751166377","name":"Bois de Boulogne 3","arrondissement":"Paris 16e Arrondissement","green_per_cap":606.262,"income":null,"population":121.280973166342},"geometry":{"type":"Polygon","coordinates":[[[2.25541,48.874264],[2.258467,48.880387],[2.277487,48.877968],[2.27947,48.878532],[2.279949,48.878573],[2.283618,48.877406],[2.283469,48.877256],[2.283281,48.87716],[2.283194,48.877032],[2.282627,48.87664],[2.282354,48.876359],[2.282094,48.876194],[2.281704,48.876032],[2.280705,48.875713],[2.279517,48.875214],[2.279242,48.875085],[2.279113,48.874978],[2.278806,48.874851],[2.278542,48.874838],[2.277445,48.873804],[2.277144,48.873681],[2.276197,48.872865],[2.275971,48.872635],[2.275822,48.872379],[2.275424,48.872081],[2.275083,48.872183],[2.274738,48.872203],[2.274412,48.872128],[2.274143,48.871968],[2.274067,48.871835],[2.27409,48.871548],[2.274341,48.871279],[2.273881,48.87101],[2.273103,48.870469],[2.272553,48.870033],[2.27223,48.86971],[2.272178,48.869551],[2.271995,48.869393],[2.270299,48.867424],[2.26848,48.865004],[2.267366,48.863719],[2.267123,48.863992],[2.266978,48.864073],[2.266396,48.864599],[2.265428,48.865626],[2.26502,48.866315],[2.264993,48.866757],[2.265151,48.867074],[2.265661,48.867712],[2.265779,48.868109],[2.265711,48.868259],[2.265532,48.868403],[2.265378,48.868362],[2.264581,48.868477],[2.263176,48.868401],[2.262851,48.868412],[2.262677,48.868429],[2.262415,48.868534],[2.262011,48.868621],[2.261865,48.868648],[2.261831,48.868596],[2.26157,48.868678],[2.260942,48.869183],[2.260152,48.869962],[2.259324,48.870582],[2.25942,48.87062],[2.258619,48.871241],[2.258555,48.871232],[2.25713,48.872495],[2.255271,48.873989],[2.255372,48.87406],[2.25541,48.874264]]]}},{"type":"Feature","properties":{"code":"751031203","name":"Sainte-Avoye 3","arrondissement":"Paris 3e Arrondissement","green_per_cap":0.075,"income":30830.0,"population":1724.16785515778},"geometry":{"type":"Polygon","coordinates":[[[2.350164,48.861985],[2.350955,48.863402],[2.354247,48.862638],[2.3535,48.861213],[2.350164,48.861985]]]}},{"type":"Feature","properties":{"code":"751052001","name":"Sorbonne 1","arrondissement":"Paris 5e Arrondissement","green_per_cap":0.037,"income":32050.0,"population":2700.59703900436},"geometry":{"type":"Polygon","coordinates":[[[2.349246,48.844519],[2.348073,48.844416],[2.345585,48.845054],[2.345036,48.845232],[2.344544,48.845486],[2.34487,48.846061],[2.344473,48.846551],[2.345427,48.846891],[2.345522,48.846896],[2.346394,48.846694],[2.347071,48.848098],[2.346566,48.848361],[2.346271,48.848577],[2.346648,48.849122],[2.34852,48.848625],[2.348515,48.847509],[2.348616,48.847358],[2.348642,48.847173],[2.348854,48.847003],[2.348981,48.846617],[2.349089,48.846163],[2.349106,48.845334],[2.349246,48.844519]]]}},{"type":"Feature","properties":{"code":"751072805","name":"Gros Caillou 5","arrondissement":"Paris 7e Arrondissement","green_per_cap":null,"income":37140.0,"population":2881.27596693127},"geometry":{"type":"Polygon","coordinates":[[[2.303513,48.858804],[2.305472,48.854704],[2.305808,48.854489],[2.305448,48.854272],[2.300173,48.857652],[2.30259,48.858548],[2.303513,48.858804]]]}},{"type":"Feature","properties":{"code":"751145406","name":"Parc de Montsouris 6","arrondissement":"Paris 14e Arrondissement","green_per_cap":0.0,"income":40170.0,"population":3690.44244542262},"geometry":{"type":"Polygon","coordinates":[[[2.341157,48.831788],[2.34125,48.831589],[2.341283,48.830275],[2.336705,48.830369],[2.336736,48.830886],[2.33597,48.830602],[2.334668,48.831005],[2.336072,48.833161],[2.336457,48.833093],[2.341157,48.831788]]]}},{"type":"Feature","properties":{"code":"751166405","name":"Chaillot 5","arrondissement":"Paris 16e Arrondissement","green_per_cap":null,"income":43890.0,"population":2367.61429225384},"geometry":{"type":"Polygon","coordinates":[[[2.285402,48.869465],[2.285564,48.869535],[2.285646,48.869635],[2.289814,48.86911],[2.287683,48.867088],[2.286468,48.866236],[2.286223,48.866251],[2.285402,48.869465]]]}},{"type":"Feature","properties":{"code":"751083107","name":"Madeleine 7","arrondissement":"Paris 8e Arrondissement","green_per_cap":16.835,"income":null,"population":249.419701542082},"geometry":{"type":"Polygon","coordinates":[[[2.327025,48.873781],[2.326713,48.873128],[2.320818,48.873525],[2.319974,48.874719],[2.327025,48.873781]]]}},{"type":"Feature","properties":{"code":"751051808","name":"Jardin des Plantes 8","arrondissement":"Paris 5e Arrondissement","green_per_cap":null,"income":38000.0,"population":1556.63857919649},"geometry":{"type":"Polygon","coordinates":[[[2.352068,48.842184],[2.352304,48.843784],[2.353016,48.843688],[2.355007,48.843663],[2.355073,48.843589],[2.35583,48.841581],[2.354699,48.841413],[2.354488,48.84241],[2.353584,48.842381],[2.353637,48.842248],[2.352068,48.842184]]]}},{"type":"Feature","properties":{"code":"751072504","name":"Saint-Thomas d'Aquin 4","arrondissement":"Paris 7e Arrondissement","green_per_cap":null,"income":43550.0,"population":1412.62505006436},"geometry":{"type":"Polygon","coordinates":[[[2.321122,48.856473],[2.323113,48.858512],[2.324486,48.857073],[2.325861,48.856047],[2.325594,48.855883],[2.324885,48.855315],[2.32426,48.854675],[2.323906,48.854219],[2.323846,48.853996],[2.319955,48.854952],[2.321122,48.856473]]]}},{"type":"Feature","properties":{"code":"751093501","name":"Faubourg Montmartre 1","arrondissement":"Paris 9e Arrondissement","green_per_cap":0.032,"income":31770.0,"population":2984.06737033099},"geometry":{"type":"Polygon","coordinates":[[[2.347901,48.874019],[2.347884,48.872474],[2.347918,48.870688],[2.343051,48.871485],[2.343195,48.872114],[2.343173,48.872676],[2.342886,48.873539],[2.34242,48.874035],[2.347901,48.874019]]]}},{"type":"Feature","properties":{"code":"751135004","name":"Gare 4","arrondissement":"Paris 13e Arrondissement","green_per_cap":0.0,"income":16750.0,"population":2216.19732019541},"geometry":{"type":"Polygon","coordinates":[[[2.369249,48.821527],[2.367299,48.820841],[2.366557,48.822188],[2.367483,48.822414],[2.369249,48.821527]]]}},{"type":"Feature","properties":{"code":"751135006","name":"Gare 6","arrondissement":"Paris 13e Arrondissement","green_per_cap":1.538,"income":25430.0,"population":2869.78631476398},"geometry":{"type":"Polygon","coordinates":[[[2.365608,48.824382],[2.365138,48.824568],[2.36483,48.824742],[2.363583,48.824382],[2.359988,48.826163],[2.363686,48.82663],[2.363395,48.826255],[2.363863,48.826313],[2.364521,48.826183],[2.365608,48.824382]]]}},{"type":"Feature","properties":{"code":"751166107","name":"Auteuil 7","arrondissement":"Paris 16e Arrondissement","green_per_cap":0.1,"income":39380.0,"population":3515.2923785805},"geometry":{"type":"Polygon","coordinates":[[[2.259266,48.843939],[2.25986,48.843398],[2.260212,48.843177],[2.258998,48.841704],[2.258561,48.841051],[2.258124,48.840266],[2.257281,48.838299],[2.256987,48.838392],[2.256977,48.838529],[2.256314,48.839999],[2.25663,48.840071],[2.257598,48.841322],[2.257148,48.842384],[2.258605,48.844243],[2.258737,48.844348],[2.258951,48.844402],[2.259266,48.843939]]]}},{"type":"Feature","properties":{"code":"751166111","name":"Auteuil 11","arrondissement":"Paris 16e Arrondissement","green_per_cap":null,"income":45270.0,"population":2180.78453960612},"geometry":{"type":"Polygon","coordinates":[[[2.260212,48.843177],[2.25986,48.843398],[2.259464,48.843747],[2.261862,48.847359],[2.262188,48.847944],[2.263356,48.848043],[2.264097,48.847988],[2.263871,48.847654],[2.260212,48.843177]]]}},{"type":"Feature","properties":{"code":"751166308","name":"Porte Dauphine 8","arrondissement":"Paris 16e Arrondissement","green_per_cap":null,"income":42650.0,"population":2577.59406570772},"geometry":{"type":"Polygon","coordinates":[[[2.285318,48.86987],[2.285402,48.869465],[2.286223,48.866251],[2.281066,48.867834],[2.282806,48.870216],[2.285049,48.869707],[2.28512,48.869805],[2.285318,48.86987]]]}},{"type":"Feature","properties":{"code":"751176709","name":"Batignolles 9","arrondissement":"Paris 17e Arrondissement","green_per_cap":null,"income":36050.0,"population":2074.46878450829},"geometry":{"type":"Polygon","coordinates":[[[2.31565,48.882106],[2.313656,48.883801],[2.315486,48.884878],[2.317654,48.882866],[2.317052,48.882711],[2.31653,48.882517],[2.31565,48.882106]]]}},{"type":"Feature","properties":{"code":"751176808","name":"Épinettes 8","arrondissement":"Paris 17e Arrondissement","green_per_cap":0.018,"income":29830.0,"population":2879.29733608554},"geometry":{"type":"Polygon","coordinates":[[[2.32745,48.893052],[2.323086,48.892055],[2.322337,48.891948],[2.321206,48.891706],[2.322713,48.893588],[2.323423,48.893517],[2.324801,48.89356],[2.325366,48.893467],[2.32745,48.893052]]]}},{"type":"Feature","properties":{"code":"751197316","name":"Villette 16","arrondissement":"Paris 19e Arrondissement","green_per_cap":0.122,"income":23360.0,"population":3595.57159615451},"geometry":{"type":"Polygon","coordinates":[[[2.376796,48.893483],[2.37507,48.892158],[2.3769,48.890563],[2.376405,48.890594],[2.372247,48.89133],[2.373321,48.893796],[2.373533,48.893731],[2.376796,48.893483]]]}},{"type":"Feature","properties":{"code":"751197612","name":"Combat 12","arrondissement":"Paris 19e Arrondissement","green_per_cap":0.413,"income":32900.0,"population":2159.6407535688},"geometry":{"type":"Polygon","coordinates":[[[2.37425,48.878412],[2.374395,48.879652],[2.375698,48.880154],[2.375762,48.88023],[2.377911,48.881068],[2.380884,48.881569],[2.379619,48.880401],[2.378955,48.879602],[2.37847,48.878885],[2.37425,48.878412]]]}},{"type":"Feature","properties":{"code":"751031002","name":"Enfants Rouges 2","arrondissement":"Paris 3e Arrondissement","green_per_cap":0.0,"income":37440.0,"population":2173.82305953246},"geometry":{"type":"Polygon","coordinates":[[[2.365426,48.865288],[2.366686,48.863203],[2.367252,48.860991],[2.366969,48.860999],[2.364607,48.861329],[2.364768,48.86471],[2.364728,48.86477],[2.365426,48.865288]]]}},{"type":"Feature","properties":{"code":"751176815","name":"Épinettes 15","arrondissement":"Paris 17e Arrondissement","green_per_cap":1.754,"income":22050.0,"population":2138.0115290208},"geometry":{"type":"Polygon","coordinates":[[[2.32186,48.895803],[2.3232,48.897478],[2.323296,48.897519],[2.327885,48.897599],[2.327468,48.897062],[2.326626,48.895609],[2.3245,48.895852],[2.322983,48.895884],[2.32186,48.895803]]]}},{"type":"Feature","properties":{"code":"751197606","name":"Combat 6","arrondissement":"Paris 19e Arrondissement","green_per_cap":3.641,"income":20950.0,"population":1706.2800839822},"geometry":{"type":"Polygon","coordinates":[[[2.378848,48.872613],[2.376905,48.872048],[2.375092,48.873677],[2.375147,48.87375],[2.375136,48.873891],[2.375547,48.874082],[2.377019,48.874142],[2.378211,48.87446],[2.378326,48.874274],[2.37827,48.874049],[2.378387,48.873732],[2.378363,48.873544],[2.378606,48.873073],[2.378739,48.872931],[2.378848,48.872613]]]}},{"type":"Feature","properties":{"code":"751156008","name":"Javel 8","arrondissement":"Paris 15e Arrondissement","green_per_cap":86.507,"income":26280.0,"population":1740.99285994791},"geometry":{"type":"Polygon","coordinates":[[[2.277995,48.84033],[2.277609,48.842421],[2.279139,48.84185],[2.28086,48.841251],[2.27836,48.838401],[2.278069,48.838447],[2.277025,48.838844],[2.276978,48.838903],[2.276886,48.839426],[2.276917,48.839498],[2.277679,48.840368],[2.277995,48.84033]]]}},{"type":"Feature","properties":{"code":"751187203","name":"Chapelle 3","arrondissement":"Paris 18e Arrondissement","green_per_cap":0.077,"income":25090.0,"population":2083.50845765871},"geometry":{"type":"Polygon","coordinates":[[[2.360228,48.890165],[2.362541,48.889937],[2.363095,48.889926],[2.361052,48.886519],[2.360413,48.889538],[2.360228,48.890165]]]}},{"type":"Feature","properties":{"code":"751208007","name":"Charonne 7","arrondissement":"Paris 20e Arrondissement","green_per_cap":19.618,"income":21350.0,"population":3353.52159953133},"geometry":{"type":"Polygon","coordinates":[[[2.406126,48.852707],[2.410661,48.853506],[2.411359,48.849342],[2.411361,48.849097],[2.411242,48.849061],[2.409264,48.849004],[2.408935,48.850529],[2.407506,48.850358],[2.407017,48.851659],[2.406284,48.851496],[2.406126,48.852707]]]}},{"type":"Feature","properties":{"code":"751124706","name":"Bercy 6","arrondissement":"Paris 12e Arrondissement","green_per_cap":null,"income":null,"population":0.0},"geometry":{"type":"Polygon","coordinates":[[[2.386281,48.830321],[2.38592,48.830681],[2.384199,48.832011],[2.384981,48.832531],[2.386289,48.833512],[2.386241,48.833584],[2.38719,48.834215],[2.388125,48.833429],[2.388987,48.83388],[2.390098,48.833004],[2.390279,48.833009],[2.390289,48.832908],[2.388383,48.831866],[2.386281,48.830321]]]}},{"type":"Feature","properties":{"code":"751134908","name":"Salpêtrière 8","arrondissement":"Paris 13e Arrondissement","green_per_cap":7.821,"income":null,"population":800.833703545293},"geometry":{"type":"Polygon","coordinates":[[[2.361745,48.839941],[2.364158,48.843185],[2.364902,48.844113],[2.365075,48.844014],[2.365438,48.843623],[2.366293,48.843109],[2.367333,48.842297],[2.37239,48.838644],[2.370962,48.838073],[2.370838,48.837948],[2.370858,48.837844],[2.371444,48.837289],[2.371336,48.837194],[2.371356,48.837109],[2.371973,48.836593],[2.370744,48.835948],[2.369696,48.835497],[2.367212,48.83466],[2.366997,48.834723],[2.366319,48.835352],[2.366172,48.835369],[2.363794,48.834474],[2.361559,48.835685],[2.359291,48.836572],[2.361589,48.839658],[2.361745,48.839941]]]}},{"type":"Feature","properties":{"code":"751166223","name":"Muette 23","arrondissement":"Paris 16e Arrondissement","green_per_cap":511.494,"income":null,"population":118.280900758855},"geometry":{"type":"Polygon","coordinates":[[[2.268541,48.863123],[2.269132,48.863095],[2.26917,48.862968],[2.271655,48.860421],[2.271801,48.860345],[2.270943,48.859928],[2.272633,48.858272],[2.270385,48.858365],[2.268211,48.859755],[2.267771,48.862025],[2.268177,48.862717],[2.268541,48.863123]]]}},{"type":"Feature","properties":{"code":"751031202","name":"Sainte-Avoye 2","arrondissement":"Paris 3e Arrondissement","green_per_cap":2.143,"income":33540.0,"population":1890.54716697324},"geometry":{"type":"Polygon","coordinates":[[[2.356864,48.860084],[2.3535,48.861213],[2.354298,48.862724],[2.355844,48.862317],[2.356926,48.861901],[2.357502,48.861635],[2.358186,48.861239],[2.356864,48.860084]]]}},{"type":"Feature","properties":{"code":"751135124","name":"Maison Blanche 24","arrondissement":"Paris 13e Arrondissement","green_per_cap":7.137,"income":35070.0,"population":3026.56392470047},"geometry":{"type":"Polygon","coordinates":[[[2.355577,48.83147],[2.356134,48.83115],[2.356127,48.830989],[2.358451,48.828086],[2.357357,48.827864],[2.356767,48.827788],[2.356611,48.828313],[2.356234,48.828237],[2.35514,48.827916],[2.353985,48.827502],[2.353717,48.827457],[2.353339,48.827607],[2.352733,48.828127],[2.354849,48.830734],[2.35451,48.83093],[2.354457,48.831039],[2.355122,48.831256],[2.355577,48.83147]]]}},{"type":"Feature","properties":{"code":"751186920","name":"Grandes Carrières 20","arrondissement":"Paris 18e Arrondissement","green_per_cap":null,"income":24730.0,"population":2072.50203075916},"geometry":{"type":"Polygon","coordinates":[[[2.338472,48.896748],[2.342295,48.897242],[2.341356,48.895764],[2.339531,48.895759],[2.337599,48.895338],[2.33847,48.896677],[2.338472,48.896748]]]}},{"type":"Feature","properties":{"code":"751197411","name":"Pont de Flandre 11","arrondissement":"Paris 19e Arrondissement","green_per_cap":2.172,"income":26840.0,"population":2606.04618062777},"geometry":{"type":"Polygon","coordinates":[[[2.386203,48.89144],[2.386488,48.891589],[2.386374,48.891886],[2.387939,48.892669],[2.392311,48.888573],[2.389294,48.887785],[2.388581,48.88892],[2.386258,48.888295],[2.385089,48.890017],[2.386903,48.890634],[2.386723,48.890939],[2.386203,48.89144]]]}},{"type":"Feature","properties":{"code":"751072501","name":"Saint-Thomas d'Aquin 1","arrondissement":"Paris 7e Arrondissement","green_per_cap":0.874,"income":51140.0,"population":1759.80143568962},"geometry":{"type":"Polygon","coordinates":[[[2.330464,48.854473],[2.329336,48.852639],[2.328659,48.852056],[2.328657,48.851868],[2.326814,48.851581],[2.32667,48.852457],[2.325711,48.855759],[2.325594,48.855883],[2.325861,48.856047],[2.327643,48.855288],[2.330464,48.854473]]]}},{"type":"Feature","properties":{"code":"751083207","name":"Europe 7","arrondissement":"Paris 8e Arrondissement","green_per_cap":0.263,"income":43720.0,"population":2085.73717644389},"geometry":{"type":"Polygon","coordinates":[[[2.324273,48.88287],[2.327165,48.883455],[2.327009,48.879651],[2.326895,48.879666],[2.326657,48.879617],[2.326566,48.879561],[2.325501,48.879384],[2.324922,48.880456],[2.324932,48.880636],[2.324769,48.880709],[2.324273,48.88287]]]}},{"type":"Feature","properties":{"code":"751124610","name":"Picpus 10","arrondissement":"Paris 12e Arrondissement","green_per_cap":0.086,"income":33810.0,"population":2217.01355018631},"geometry":{"type":"Polygon","coordinates":[[[2.396246,48.838699],[2.394376,48.837834],[2.393472,48.836936],[2.391513,48.837501],[2.394598,48.839432],[2.394935,48.839499],[2.394964,48.839406],[2.395244,48.839429],[2.39582,48.839298],[2.39587,48.839174],[2.396246,48.838699]]]}},{"type":"Feature","properties":{"code":"751145309","name":"Montparnasse 9","arrondissement":"Paris 14e Arrondissement","green_per_cap":0.432,"income":40980.0,"population":1655.43544449338},"geometry":{"type":"Polygon","coordinates":[[[2.329832,48.841908],[2.334862,48.840247],[2.334826,48.84018],[2.333318,48.839212],[2.332503,48.839755],[2.331021,48.838782],[2.330828,48.838699],[2.329645,48.841802],[2.329832,48.841908]]]}},{"type":"Feature","properties":{"code":"751145601","name":"Plaisance 1","arrondissement":"Paris 14e Arrondissement","green_per_cap":16.424,"income":21020.0,"population":2155.61123594494},"geometry":{"type":"Polygon","coordinates":[[[2.314146,48.822291],[2.308348,48.823563],[2.31119,48.825107],[2.312637,48.826087],[2.319328,48.824607],[2.315051,48.822752],[2.314146,48.822291]]]}},{"type":"Feature","properties":{"code":"751155808","name":"Necker 8","arrondissement":"Paris 15e Arrondissement","green_per_cap":null,"income":41400.0,"population":2177.30293810326},"geometry":{"type":"Polygon","coordinates":[[[2.309969,48.84538],[2.310792,48.84517],[2.310885,48.845072],[2.306542,48.843757],[2.304931,48.846117],[2.306008,48.846385],[2.306164,48.846578],[2.308426,48.845934],[2.308619,48.845768],[2.309969,48.84538]]]}},{"type":"Feature","properties":{"code":"751093408","name":"Chaussée d'Antin 8","arrondissement":"Paris 9e Arrondissement","green_per_cap":0.2,"income":null,"population":998.187365807776},"geometry":{"type":"Polygon","coordinates":[[[2.334196,48.876901],[2.335445,48.876826],[2.335197,48.875197],[2.335266,48.874243],[2.332704,48.874287],[2.331318,48.874239],[2.331404,48.875093],[2.331078,48.876163],[2.331036,48.876386],[2.330945,48.876533],[2.331324,48.876451],[2.331784,48.876463],[2.331981,48.876525],[2.33232,48.876707],[2.33287,48.876832],[2.334196,48.876901]]]}},{"type":"Feature","properties":{"code":"751072899","name":"Seine et Berges 3","arrondissement":"Paris 7e Arrondissement","green_per_cap":null,"income":null,"population":0.0},"geometry":{"type":"Polygon","coordinates":[[[2.301737,48.863496],[2.31039,48.863608],[2.310425,48.862596],[2.309212,48.862546],[2.302865,48.862425],[2.301946,48.862454],[2.300179,48.862306],[2.299398,48.862189],[2.298657,48.862031],[2.297925,48.861823],[2.296976,48.86149],[2.296238,48.861123],[2.29548,48.860646],[2.294875,48.860198],[2.291636,48.85793],[2.291053,48.857475],[2.289696,48.858183],[2.291839,48.859968],[2.29369,48.861246],[2.294865,48.861876],[2.296871,48.862619],[2.299222,48.863284],[2.301737,48.863496]]]}},{"type":"Feature","properties":{"code":"751010203","name":"Les Halles 3","arrondissement":"Paris 1er Arrondissement","green_per_cap":36.897,"income":32760.0,"population":2346.53319419688},"geometry":{"type":"Polygon","coordinates":[[[2.341222,48.861708],[2.339144,48.862206],[2.33977,48.863541],[2.340446,48.864741],[2.342376,48.863846],[2.342742,48.863636],[2.34315,48.863516],[2.342976,48.863158],[2.34265,48.863146],[2.342311,48.863035],[2.342241,48.862949],[2.342203,48.862864],[2.342274,48.862818],[2.342308,48.862683],[2.342376,48.862594],[2.342555,48.862507],[2.342444,48.862323],[2.342323,48.862259],[2.342216,48.86226],[2.342298,48.862206],[2.344853,48.861643],[2.345432,48.86155],[2.347662,48.861008],[2.347409,48.860495],[2.346717,48.860581],[2.346621,48.860546],[2.346438,48.860039],[2.345855,48.860667],[2.345239,48.860964],[2.344951,48.861059],[2.342515,48.861436],[2.341222,48.861708]]]}},{"type":"Feature","properties":{"code":"751052002","name":"Sorbonne 2","arrondissement":"Paris 5e Arrondissement","green_per_cap":0.113,"income":44780.0,"population":1519.13718908692},"geometry":{"type":"Polygon","coordinates":[[[2.340849,48.847337],[2.342632,48.850348],[2.343654,48.849927],[2.342439,48.847813],[2.343508,48.847392],[2.344891,48.847128],[2.345522,48.846896],[2.345427,48.846891],[2.344473,48.846551],[2.34487,48.846061],[2.344544,48.845486],[2.343859,48.845861],[2.342952,48.846098],[2.342544,48.846423],[2.34161,48.846665],[2.341951,48.847098],[2.340849,48.847337]]]}},{"type":"Feature","properties":{"code":"751124504","name":"Bel-Air 4","arrondissement":"Paris 12e Arrondissement","green_per_cap":null,"income":31900.0,"population":2469.23597626335},"geometry":{"type":"Polygon","coordinates":[[[2.402263,48.837132],[2.402124,48.837181],[2.402203,48.837305],[2.40212,48.83756],[2.401328,48.838554],[2.40011,48.839742],[2.402519,48.839716],[2.404381,48.839779],[2.403808,48.837688],[2.403452,48.836628],[2.402911,48.836225],[2.402263,48.837132]]]}},{"type":"Feature","properties":{"code":"751135014","name":"Gare 14","arrondissement":"Paris 13e Arrondissement","green_per_cap":0.048,"income":24150.0,"population":3689.62259672148},"geometry":{"type":"Polygon","coordinates":[[[2.376964,48.827736],[2.378023,48.826372],[2.378035,48.826284],[2.377578,48.826246],[2.377495,48.826392],[2.377357,48.826427],[2.374273,48.827075],[2.37477,48.826038],[2.374779,48.825629],[2.374578,48.825584],[2.371386,48.827669],[2.372929,48.828466],[2.375392,48.829831],[2.375507,48.829681],[2.375575,48.829761],[2.37649,48.82848],[2.376964,48.827736]]]}},{"type":"Feature","properties":{"code":"751135201","name":"Croulebarbe 1","arrondissement":"Paris 13e Arrondissement","green_per_cap":7.232,"income":34370.0,"population":3263.95420926587},"geometry":{"type":"Polygon","coordinates":[[[2.355577,48.83147],[2.355122,48.831256],[2.354457,48.831039],[2.35438,48.831203],[2.352648,48.830643],[2.352752,48.831668],[2.351757,48.832069],[2.351633,48.832083],[2.351112,48.831906],[2.350716,48.831655],[2.350567,48.831652],[2.350392,48.831729],[2.349907,48.832079],[2.350843,48.832587],[2.35135,48.832995],[2.351316,48.833069],[2.351414,48.833133],[2.351676,48.833738],[2.35156,48.834157],[2.351191,48.834627],[2.350903,48.834873],[2.350437,48.835182],[2.349974,48.83564],[2.349839,48.835782],[2.349719,48.836108],[2.351423,48.836627],[2.351871,48.836805],[2.352866,48.8353],[2.353209,48.834902],[2.355577,48.83147]]]}},{"type":"Feature","properties":{"code":"751166116","name":"Auteuil 16","arrondissement":"Paris 16e Arrondissement","green_per_cap":18.805,"income":41830.0,"population":2003.8845728274},"geometry":{"type":"Polygon","coordinates":[[[2.268843,48.847248],[2.270541,48.846543],[2.27159,48.845299],[2.269191,48.842933],[2.268976,48.842779],[2.268023,48.842273],[2.266857,48.842983],[2.266246,48.84324],[2.26584,48.843313],[2.265576,48.843298],[2.265152,48.84321],[2.264984,48.843258],[2.266503,48.844824],[2.266745,48.845143],[2.267168,48.845507],[2.268843,48.847248]]]}},{"type":"Feature","properties":{"code":"751176502","name":"Ternes 2","arrondissement":"Paris 17e Arrondissement","green_per_cap":0.0,"income":53190.0,"population":2568.12405752823},"geometry":{"type":"Polygon","coordinates":[[[2.28894,48.875713],[2.285463,48.876818],[2.2856,48.876993],[2.287896,48.87789],[2.287887,48.878001],[2.288009,48.878105],[2.28815,48.878126],[2.28832,48.878043],[2.289587,48.878525],[2.291063,48.876626],[2.289396,48.875991],[2.289185,48.876019],[2.28894,48.875713]]]}},{"type":"Feature","properties":{"code":"751176503","name":"Ternes 3","arrondissement":"Paris 17e Arrondissement","green_per_cap":0.102,"income":42330.0,"population":1948.9812542404},"geometry":{"type":"Polygon","coordinates":[[[2.294213,48.87865],[2.294258,48.878389],[2.2929,48.877438],[2.292207,48.877098],[2.291063,48.876626],[2.289587,48.878525],[2.290979,48.879041],[2.291511,48.87927],[2.294213,48.87865]]]}},{"type":"Feature","properties":{"code":"751176509","name":"Ternes 9","arrondissement":"Paris 17e Arrondissement","green_per_cap":0.011,"income":49890.0,"population":1838.74286120668},"geometry":{"type":"Polygon","coordinates":[[[2.290979,48.879041],[2.290716,48.879452],[2.295216,48.881558],[2.295544,48.881263],[2.294213,48.87865],[2.291511,48.87927],[2.290979,48.879041]]]}},{"type":"Feature","properties":{"code":"751208011","name":"Charonne 11","arrondissement":"Paris 20e Arrondissement","green_per_cap":0.086,"income":16680.0,"population":1752.82983912451},"geometry":{"type":"Polygon","coordinates":[[[2.405862,48.856115],[2.405776,48.856254],[2.405877,48.856297],[2.407576,48.857727],[2.409271,48.856677],[2.40823,48.855739],[2.408059,48.855795],[2.405862,48.856115]]]}},{"type":"Feature","properties":{"code":"751124813","name":"Quinze-Vingts 13","arrondissement":"Paris 12e Arrondissement","green_per_cap":null,"income":null,"population":728.505422438222},"geometry":{"type":"Polygon","coordinates":[[[2.381426,48.850408],[2.384458,48.850127],[2.384327,48.849993],[2.383782,48.847006],[2.381735,48.846763],[2.380626,48.848162],[2.380791,48.848255],[2.381426,48.850408]]]}},{"type":"Feature","properties":{"code":"751104088","name":"Canal Saint-Martin 2","arrondissement":"Paris 10e Arrondissement","green_per_cap":null,"income":null,"population":0.0},"geometry":{"type":"Polygon","coordinates":[[[2.370168,48.882684],[2.37022,48.881963],[2.370067,48.881945],[2.370054,48.881493],[2.369823,48.881469],[2.369667,48.881396],[2.368062,48.879493],[2.367667,48.879414],[2.366164,48.877764],[2.365126,48.876494],[2.363624,48.87481],[2.363465,48.874423],[2.363569,48.874051],[2.363205,48.874142],[2.362852,48.874319],[2.362825,48.87447],[2.363104,48.875052],[2.36541,48.877687],[2.36703,48.879595],[2.367089,48.880025],[2.369165,48.882497],[2.369885,48.88266],[2.370168,48.882684]]]}},{"type":"Feature","properties":{"code":"751104004","name":"Hôpital Saint-Louis 4","arrondissement":"Paris 10e Arrondissement","green_per_cap":null,"income":23760.0,"population":1333.70955705336},"geometry":{"type":"Polygon","coordinates":[[[2.371045,48.870002],[2.369358,48.869485],[2.367916,48.871749],[2.369523,48.872069],[2.371045,48.870002]]]}},{"type":"Feature","properties":{"code":"751114213","name":"Saint-Ambroise 13","arrondissement":"Paris 11e Arrondissement","green_per_cap":0.66,"income":32450.0,"population":1863.07963492876},"geometry":{"type":"Polygon","coordinates":[[[2.381131,48.86402],[2.375341,48.865112],[2.375414,48.865186],[2.379214,48.866091],[2.379725,48.865462],[2.380704,48.865788],[2.381802,48.864354],[2.381195,48.864121],[2.381131,48.86402]]]}},{"type":"Feature","properties":{"code":"751134904","name":"Salpêtrière 4","arrondissement":"Paris 13e Arrondissement","green_per_cap":2.754,"income":20120.0,"population":1935.49392157854},"geometry":{"type":"Polygon","coordinates":[[[2.358827,48.835947],[2.356825,48.833257],[2.354726,48.834864],[2.355787,48.835405],[2.358317,48.836437],[2.358616,48.836011],[2.358827,48.835947]]]}},{"type":"Feature","properties":{"code":"751145511","name":"Petit Montrouge 11","arrondissement":"Paris 14e Arrondissement","green_per_cap":null,"income":36790.0,"population":1814.26125304273},"geometry":{"type":"Polygon","coordinates":[[[2.330344,48.827824],[2.327254,48.82785],[2.32701,48.827877],[2.326771,48.827839],[2.327348,48.828378],[2.329791,48.831204],[2.331354,48.830651],[2.330974,48.830147],[2.331031,48.829702],[2.329834,48.829657],[2.330344,48.827824]]]}},{"type":"Feature","properties":{"code":"751155704","name":"Saint-Lambert 4","arrondissement":"Paris 15e Arrondissement","green_per_cap":34.425,"income":19100.0,"population":2724.09581140242},"geometry":{"type":"Polygon","coordinates":[[[2.295563,48.829848],[2.295802,48.830111],[2.297601,48.832534],[2.29868,48.833503],[2.30048,48.8328],[2.300943,48.832653],[2.302979,48.832133],[2.302057,48.83061],[2.301398,48.828554],[2.295563,48.829848]]]}},{"type":"Feature","properties":{"code":"751156016","name":"Javel 16","arrondissement":"Paris 15e Arrondissement","green_per_cap":0.184,"income":29370.0,"population":2347.44770317991},"geometry":{"type":"Polygon","coordinates":[[[2.283612,48.844431],[2.2854,48.846513],[2.286025,48.846539],[2.286473,48.846263],[2.286857,48.846084],[2.287983,48.845644],[2.287047,48.844567],[2.286088,48.844942],[2.285379,48.844149],[2.284674,48.844441],[2.28438,48.844105],[2.283612,48.844431]]]}},{"type":"Feature","properties":{"code":"751186917","name":"Grandes Carrières 17","arrondissement":"Paris 18e Arrondissement","green_per_cap":0.36,"income":32740.0,"population":1883.66957122242},"geometry":{"type":"Polygon","coordinates":[[[2.334954,48.891681],[2.333503,48.89184],[2.331899,48.892166],[2.332065,48.892615],[2.332802,48.892482],[2.333598,48.892418],[2.333723,48.892993],[2.332612,48.894148],[2.336379,48.893641],[2.334954,48.891681]]]}},{"type":"Feature","properties":{"code":"751197408","name":"Pont de Flandre 8","arrondissement":"Paris 19e Arrondissement","green_per_cap":2.234,"income":16940.0,"population":2422.36273766276},"geometry":{"type":"Polygon","coordinates":[[[2.376163,48.896444],[2.376608,48.89661],[2.376757,48.896622],[2.377577,48.896466],[2.376874,48.895501],[2.376255,48.894971],[2.377681,48.894249],[2.376796,48.893483],[2.373533,48.893731],[2.373321,48.893796],[2.374131,48.894603],[2.375375,48.895666],[2.376163,48.896444]]]}},{"type":"Feature","properties":{"code":"751197518","name":"Amérique 18","arrondissement":"Paris 19e Arrondissement","green_per_cap":0.05,"income":16200.0,"population":3288.60075208291},"geometry":{"type":"Polygon","coordinates":[[[2.395845,48.888223],[2.396158,48.887041],[2.396277,48.886828],[2.396602,48.884796],[2.39697,48.883642],[2.395164,48.883325],[2.394975,48.883266],[2.394451,48.884895],[2.394359,48.88613],[2.394301,48.886346],[2.394367,48.886432],[2.394311,48.886529],[2.394336,48.886849],[2.395383,48.888064],[2.395529,48.888169],[2.395845,48.888223]]]}},{"type":"Feature","properties":{"code":"751145311","name":"Montparnasse 11","arrondissement":"Paris 14e Arrondissement","green_per_cap":null,"income":null,"population":88.9806965767595},"geometry":{"type":"Polygon","coordinates":[[[2.339695,48.838864],[2.342086,48.838343],[2.341672,48.835389],[2.340537,48.835584],[2.337748,48.835872],[2.338919,48.837734],[2.339695,48.838864]]]}},{"type":"Feature","properties":{"code":"751166413","name":"Chaillot 13","arrondissement":"Paris 16e Arrondissement","green_per_cap":null,"income":null,"population":244.143262796278},"geometry":{"type":"Polygon","coordinates":[[[2.283618,48.877406],[2.287203,48.876266],[2.287041,48.876007],[2.283966,48.875092],[2.283494,48.876815],[2.283281,48.87716],[2.283469,48.877256],[2.283618,48.877406]]]}},{"type":"Feature","properties":{"code":"751083108","name":"Madeleine 8","arrondissement":"Paris 8e Arrondissement","green_per_cap":null,"income":null,"population":406.533201115247},"geometry":{"type":"Polygon","coordinates":[[[2.326666,48.875544],[2.327025,48.873781],[2.320427,48.874657],[2.320352,48.874768],[2.320462,48.874927],[2.321586,48.875053],[2.324217,48.875252],[2.326209,48.875546],[2.326666,48.875544]]]}},{"type":"Feature","properties":{"code":"751083205","name":"Europe 5","arrondissement":"Paris 8e Arrondissement","green_per_cap":0.195,"income":51570.0,"population":3277.12000992708},"geometry":{"type":"Polygon","coordinates":[[[2.31648,48.881341],[2.320449,48.882097],[2.322235,48.878753],[2.319828,48.878233],[2.318234,48.879501],[2.31648,48.881341]]]}},{"type":"Feature","properties":{"code":"751114301","name":"Roquette 1","arrondissement":"Paris 11e Arrondissement","green_per_cap":1.144,"income":23790.0,"population":1958.33591114484},"geometry":{"type":"Polygon","coordinates":[[[2.389819,48.858359],[2.392167,48.857667],[2.394345,48.85652],[2.392172,48.855889],[2.39133,48.855758],[2.390098,48.857797],[2.389819,48.858359]]]}},{"type":"Feature","properties":{"code":"751124806","name":"Quinze-Vingts 6","arrondissement":"Paris 12e Arrondissement","green_per_cap":19.648,"income":35310.0,"population":2239.74420607354},"geometry":{"type":"Polygon","coordinates":[[[2.373864,48.846929],[2.373826,48.847808],[2.373985,48.847958],[2.371987,48.848917],[2.373181,48.85057],[2.374405,48.849507],[2.374994,48.848934],[2.376005,48.848354],[2.375168,48.847136],[2.373864,48.846929]]]}},{"type":"Feature","properties":{"code":"751124810","name":"Quinze-Vingts 10","arrondissement":"Paris 12e Arrondissement","green_per_cap":0.315,"income":33830.0,"population":3354.59363286435},"geometry":{"type":"Polygon","coordinates":[[[2.379387,48.850555],[2.380115,48.850455],[2.381426,48.850408],[2.380791,48.848255],[2.380626,48.848162],[2.381735,48.846763],[2.379354,48.846492],[2.378596,48.848588],[2.378767,48.848724],[2.378787,48.848897],[2.37867,48.849022],[2.378288,48.849173],[2.379387,48.850555]]]}},{"type":"Feature","properties":{"code":"751145302","name":"Montparnasse 2","arrondissement":"Paris 14e Arrondissement","green_per_cap":3.383,"income":41540.0,"population":1863.7290713359},"geometry":{"type":"Polygon","coordinates":[[[2.337552,48.839431],[2.339695,48.838864],[2.338919,48.837734],[2.336969,48.834608],[2.338222,48.834665],[2.338047,48.833774],[2.336653,48.834078],[2.336334,48.833576],[2.336532,48.83347],[2.336457,48.833093],[2.3359,48.833208],[2.335896,48.833317],[2.335837,48.833356],[2.333789,48.833942],[2.33367,48.83398],[2.333629,48.834046],[2.333327,48.834102],[2.332628,48.834487],[2.333481,48.835532],[2.335471,48.837556],[2.336319,48.838389],[2.336618,48.838547],[2.337552,48.839431]]]}},{"type":"Feature","properties":{"code":"751155911","name":"Grenelle 11","arrondissement":"Paris 15e Arrondissement","green_per_cap":0.033,"income":38620.0,"population":2543.04105303874},"geometry":{"type":"Polygon","coordinates":[[[2.295757,48.847065],[2.295638,48.84715],[2.29341,48.848007],[2.295082,48.849961],[2.297917,48.849066],[2.296805,48.848088],[2.295945,48.84709],[2.295757,48.847065]]]}},{"type":"Feature","properties":{"code":"751156014","name":"Javel 14","arrondissement":"Paris 15e Arrondissement","green_per_cap":4.949,"income":24580.0,"population":3058.52132013931},"geometry":{"type":"Polygon","coordinates":[[[2.286025,48.846539],[2.277439,48.846125],[2.27732,48.846199],[2.277094,48.846192],[2.27758,48.846487],[2.280748,48.848772],[2.281614,48.849342],[2.284115,48.847699],[2.286025,48.846539]]]}},{"type":"Feature","properties":{"code":"751156015","name":"Javel 15","arrondissement":"Paris 15e Arrondissement","green_per_cap":null,"income":28420.0,"population":1841.58474132811},"geometry":{"type":"Polygon","coordinates":[[[2.2854,48.846513],[2.283905,48.844764],[2.283085,48.845124],[2.281345,48.84607],[2.280787,48.845575],[2.279514,48.846236],[2.2854,48.846513]]]}},{"type":"Feature","properties":{"code":"751166205","name":"Muette 5","arrondissement":"Paris 16e Arrondissement","green_per_cap":null,"income":51830.0,"population":2166.39545355066},"geometry":{"type":"Polygon","coordinates":[[[2.270201,48.855569],[2.269361,48.854689],[2.26871,48.854878],[2.26925,48.855809],[2.269134,48.855838],[2.269299,48.85731],[2.271944,48.857841],[2.272587,48.858017],[2.272633,48.858272],[2.27282,48.858295],[2.273639,48.858209],[2.274405,48.858174],[2.273048,48.857298],[2.270201,48.855569]]]}},{"type":"Feature","properties":{"code":"751176510","name":"Ternes 10","arrondissement":"Paris 17e Arrondissement","green_per_cap":0.011,"income":41850.0,"population":3009.96506167866},"geometry":{"type":"Polygon","coordinates":[[[2.300837,48.878658],[2.298155,48.878077],[2.297908,48.877745],[2.297468,48.877859],[2.297255,48.877954],[2.294213,48.87865],[2.295544,48.881263],[2.296451,48.880451],[2.297764,48.879458],[2.29887,48.880052],[2.300834,48.878779],[2.300837,48.878658]]]}},{"type":"Feature","properties":{"code":"751176607","name":"Plaine Monceau 7","arrondissement":"Paris 17e Arrondissement","green_per_cap":null,"income":51940.0,"population":1874.56636191686},"geometry":{"type":"Polygon","coordinates":[[[2.296392,48.882923],[2.297194,48.884518],[2.297435,48.884528],[2.297652,48.884597],[2.300551,48.881725],[2.298559,48.88131],[2.296392,48.882923]]]}},{"type":"Feature","properties":{"code":"751020601","name":"Vivienne 1","arrondissement":"Paris 2e Arrondissement","green_per_cap":1.938,"income":37560.0,"population":1818.36916505722},"geometry":{"type":"Polygon","coordinates":[[[2.341202,48.865744],[2.335874,48.866979],[2.336693,48.868878],[2.33678,48.869544],[2.341881,48.868546],[2.341896,48.868438],[2.341018,48.866386],[2.341258,48.866288],[2.341441,48.866067],[2.341451,48.866],[2.341202,48.865744]]]}},{"type":"Feature","properties":{"code":"751145622","name":"Plaisance 22","arrondissement":"Paris 14e Arrondissement","green_per_cap":0.086,"income":34130.0,"population":1609.76263832483},"geometry":{"type":"Polygon","coordinates":[[[2.326855,48.834975],[2.32517,48.832692],[2.324877,48.832737],[2.323473,48.83618],[2.324185,48.83598],[2.326855,48.834975]]]}},{"type":"Feature","properties":{"code":"751166128","name":"Auteuil 28","arrondissement":"Paris 16e Arrondissement","green_per_cap":0.015,"income":41900.0,"population":2677.25110252151},"geometry":{"type":"Polygon","coordinates":[[[2.272573,48.84767],[2.270623,48.8481],[2.270191,48.8485],[2.271323,48.8495],[2.27162,48.849698],[2.275269,48.851191],[2.275974,48.851224],[2.273189,48.848373],[2.272573,48.84767]]]}},{"type":"Feature","properties":{"code":"751041402","name":"Saint-Gervais 2","arrondissement":"Paris 4e Arrondissement","green_per_cap":1.023,"income":32540.0,"population":2228.81070375992},"geometry":{"type":"Polygon","coordinates":[[[2.356864,48.860084],[2.359345,48.858339],[2.358469,48.857645],[2.357863,48.857892],[2.356819,48.856643],[2.356614,48.856292],[2.353893,48.856913],[2.354238,48.857512],[2.356864,48.860084]]]}},{"type":"Feature","properties":{"code":"751114316","name":"Roquette 16","arrondissement":"Paris 11e Arrondissement","green_per_cap":null,"income":30070.0,"population":2002.22827437911},"geometry":{"type":"Polygon","coordinates":[[[2.376847,48.859749],[2.379417,48.858259],[2.379332,48.858148],[2.379706,48.857444],[2.377877,48.856776],[2.375876,48.859451],[2.376847,48.859749]]]}},{"type":"Feature","properties":{"code":"751135112","name":"Maison Blanche 12","arrondissement":"Paris 13e Arrondissement","green_per_cap":0.024,"income":33760.0,"population":3241.85568519373},"geometry":{"type":"Polygon","coordinates":[[[2.350391,48.825817],[2.353648,48.82599],[2.353897,48.825476],[2.35339,48.824046],[2.35311,48.824007],[2.353011,48.823854],[2.348716,48.823996],[2.348559,48.824037],[2.350391,48.825817]]]}},{"type":"Feature","properties":{"code":"751166220","name":"Muette 20","arrondissement":"Paris 16e Arrondissement","green_per_cap":0.343,"income":43390.0,"population":2603.93887814807},"geometry":{"type":"Polygon","coordinates":[[[2.281033,48.860232],[2.286591,48.86206],[2.286669,48.861597],[2.286586,48.86133],[2.284786,48.858865],[2.284767,48.858677],[2.284569,48.858647],[2.284565,48.858525],[2.283129,48.859191],[2.281033,48.860232]]]}},{"type":"Feature","properties":{"code":"751176608","name":"Plaine Monceau 8","arrondissement":"Paris 17e Arrondissement","green_per_cap":0.166,"income":62210.0,"population":1807.52150254105},"geometry":{"type":"Polygon","coordinates":[[[2.297652,48.884597],[2.297811,48.884705],[2.297908,48.884861],[2.298382,48.8848],[2.303004,48.882836],[2.301624,48.882035],[2.300706,48.881561],[2.297652,48.884597]]]}},{"type":"Feature","properties":{"code":"751156022","name":"Javel 22","arrondissement":"Paris 15e Arrondissement","green_per_cap":6.482,"income":null,"population":731.298006793673},"geometry":{"type":"Polygon","coordinates":[[[2.284194,48.840644],[2.282817,48.841345],[2.282268,48.841685],[2.283478,48.8431],[2.285539,48.842154],[2.284194,48.840644]]]}},{"type":"Feature","properties":{"code":"751020703","name":"Mail 3","arrondissement":"Paris 2e Arrondissement","green_per_cap":0.061,"income":34720.0,"population":2051.84372256622},"geometry":{"type":"Polygon","coordinates":[[[2.346737,48.870876],[2.347918,48.870688],[2.347695,48.868469],[2.347396,48.867888],[2.34732,48.867368],[2.341881,48.868546],[2.342632,48.870208],[2.342795,48.869932],[2.344595,48.86955],[2.345852,48.869201],[2.346737,48.870876]]]}},{"type":"Feature","properties":{"code":"751051801","name":"Jardin des Plantes 1","arrondissement":"Paris 5e Arrondissement","green_per_cap":0.878,"income":37890.0,"population":1648.35715753464},"geometry":{"type":"Polygon","coordinates":[[[2.361966,48.840242],[2.361745,48.839941],[2.357052,48.838447],[2.356601,48.839705],[2.358339,48.840031],[2.35933,48.840279],[2.36166,48.840342],[2.361966,48.840242]]]}},{"type":"Feature","properties":{"code":"751072703","name":"École Militaire 3","arrondissement":"Paris 7e Arrondissement","green_per_cap":null,"income":56660.0,"population":1780.9718227136},"geometry":{"type":"Polygon","coordinates":[[[2.310325,48.847933],[2.308218,48.847433],[2.307354,48.847133],[2.306042,48.847979],[2.307577,48.849514],[2.307822,48.849542],[2.310325,48.847933]]]}},{"type":"Feature","properties":{"code":"751135010","name":"Gare 10","arrondissement":"Paris 13e Arrondissement","green_per_cap":1.264,"income":27620.0,"population":2227.31242665185},"geometry":{"type":"Polygon","coordinates":[[[2.370398,48.824156],[2.369039,48.823594],[2.368997,48.823506],[2.368476,48.823302],[2.366491,48.827008],[2.368526,48.827272],[2.368699,48.827069],[2.370398,48.824156]]]}},{"type":"Feature","properties":{"code":"751145613","name":"Plaisance 13","arrondissement":"Paris 14e Arrondissement","green_per_cap":2.066,"income":34670.0,"population":2211.78674648848},"geometry":{"type":"Polygon","coordinates":[[[2.319301,48.830512],[2.320482,48.832333],[2.323993,48.830998],[2.323631,48.83047],[2.322663,48.829313],[2.319301,48.830512]]]}},{"type":"Feature","properties":{"code":"751155807","name":"Necker 7","arrondissement":"Paris 15e Arrondissement","green_per_cap":0.19,"income":39480.0,"population":3396.06471600288},"geometry":{"type":"Polygon","coordinates":[[[2.310885,48.845072],[2.312589,48.842931],[2.307929,48.841502],[2.306394,48.843713],[2.310885,48.845072]]]}},{"type":"Feature","properties":{"code":"751155916","name":"Grenelle 16","arrondissement":"Paris 15e Arrondissement","green_per_cap":3.716,"income":33850.0,"population":2029.21468475497},"geometry":{"type":"Polygon","coordinates":[[[2.291528,48.85154],[2.29141,48.851656],[2.291685,48.851778],[2.293738,48.853456],[2.295623,48.852228],[2.295647,48.852168],[2.295419,48.851992],[2.295875,48.851653],[2.294942,48.851028],[2.294773,48.851123],[2.293045,48.851384],[2.291929,48.851538],[2.291528,48.85154]]]}},{"type":"Feature","properties":{"code":"751166125","name":"Auteuil 25","arrondissement":"Paris 16e Arrondissement","green_per_cap":0.027,"income":47910.0,"population":2064.50765673883},"geometry":{"type":"Polygon","coordinates":[[[2.269361,48.854689],[2.270214,48.854442],[2.270901,48.854132],[2.271595,48.853889],[2.273231,48.853584],[2.275816,48.852982],[2.275837,48.852886],[2.274133,48.851933],[2.272288,48.851107],[2.272054,48.851363],[2.270995,48.853192],[2.2708,48.853236],[2.270751,48.853366],[2.268972,48.853973],[2.269361,48.854689]]]}},{"type":"Feature","properties":{"code":"751186909","name":"Grandes Carrières 9","arrondissement":"Paris 18e Arrondissement","green_per_cap":1.136,"income":32050.0,"population":1663.95411684686},"geometry":{"type":"Polygon","coordinates":[[[2.338819,48.886294],[2.338187,48.886323],[2.337918,48.886156],[2.337867,48.885995],[2.337984,48.885702],[2.336804,48.886014],[2.335611,48.886586],[2.333902,48.88712],[2.332734,48.887942],[2.33305,48.888486],[2.333733,48.887892],[2.334302,48.887634],[2.334558,48.887721],[2.334762,48.887685],[2.335674,48.887423],[2.33721,48.887268],[2.33755,48.887203],[2.338572,48.886754],[2.338819,48.886294]]]}},{"type":"Feature","properties":{"code":"751187103","name":"Goutte d'Or 3","arrondissement":"Paris 18e Arrondissement","green_per_cap":0.188,"income":16860.0,"population":2188.39847437739},"geometry":{"type":"Polygon","coordinates":[[[2.353448,48.887105],[2.353435,48.88673],[2.352755,48.886605],[2.352992,48.88609],[2.352952,48.885712],[2.352527,48.885021],[2.351744,48.88504],[2.349515,48.885256],[2.349518,48.885413],[2.350105,48.885972],[2.350742,48.886707],[2.353448,48.887105]]]}},{"type":"Feature","properties":{"code":"751207814","name":"Saint-Fargeau 14","arrondissement":"Paris 20e Arrondissement","green_per_cap":8.201,"income":21730.0,"population":2233.5178596175},"geometry":{"type":"Polygon","coordinates":[[[2.398966,48.875491],[2.399208,48.875539],[2.402562,48.875999],[2.403415,48.873896],[2.39927,48.872745],[2.399202,48.874275],[2.398966,48.875491]]]}},{"type":"Feature","properties":{"code":"751207816","name":"Saint-Fargeau 16","arrondissement":"Paris 20e Arrondissement","green_per_cap":0.437,"income":28780.0,"population":3360.64080596481},"geometry":{"type":"Polygon","coordinates":[[[2.395368,48.875255],[2.397922,48.875463],[2.398966,48.875491],[2.399202,48.874275],[2.39927,48.872745],[2.397856,48.872363],[2.397806,48.872323],[2.397107,48.872752],[2.39622,48.872563],[2.396105,48.87259],[2.396205,48.872828],[2.395969,48.873523],[2.395851,48.874357],[2.395368,48.875255]]]}},{"type":"Feature","properties":{"code":"751124511","name":"Bel-Air 11","arrondissement":"Paris 12e Arrondissement","green_per_cap":1.87,"income":19130.0,"population":2720.3458001571},"geometry":{"type":"Polygon","coordinates":[[[2.411069,48.847047],[2.415971,48.846623],[2.415664,48.844996],[2.415299,48.84385],[2.411675,48.844158],[2.410318,48.844318],[2.410767,48.845775],[2.411069,48.847047]]]}},{"type":"Feature","properties":{"code":"751135007","name":"Gare 7","arrondissement":"Paris 13e Arrondissement","green_per_cap":1.102,"income":23080.0,"population":3700.25039289656},"geometry":{"type":"MultiPolygon","coordinates":[[[[2.363583,48.824382],[2.36483,48.824742],[2.365138,48.824568],[2.365608,48.824382],[2.366527,48.823819],[2.366763,48.823173],[2.366341,48.822993],[2.363583,48.824382]]],[[[2.366183,48.825374],[2.366528,48.82545],[2.366942,48.824655],[2.365608,48.824382],[2.364521,48.826183],[2.363863,48.826313],[2.363395,48.826255],[2.363686,48.82663],[2.365399,48.826863],[2.366183,48.825374]]]]}},{"type":"Feature","properties":{"code":"751155723","name":"Saint-Lambert 23","arrondissement":"Paris 15e Arrondissement","green_per_cap":null,"income":37180.0,"population":2643.82326844758},"geometry":{"type":"Polygon","coordinates":[[[2.299138,48.83645],[2.297295,48.836978],[2.296737,48.837381],[2.298464,48.838318],[2.300091,48.839126],[2.301448,48.837989],[2.301181,48.837599],[2.301118,48.837406],[2.300139,48.837186],[2.299138,48.83645]]]}},{"type":"Feature","properties":{"code":"751197502","name":"Amérique 2","arrondissement":"Paris 19e Arrondissement","green_per_cap":0.065,"income":24790.0,"population":2766.94501145837},"geometry":{"type":"Polygon","coordinates":[[[2.402562,48.875999],[2.399208,48.875539],[2.400049,48.877321],[2.400134,48.877381],[2.400329,48.877428],[2.400298,48.878078],[2.400118,48.878545],[2.401352,48.878731],[2.401616,48.878641],[2.40184,48.87755],[2.402562,48.875999]]]}},{"type":"Feature","properties":{"code":"751207713","name":"Belleville 13","arrondissement":"Paris 20e Arrondissement","green_per_cap":null,"income":19510.0,"population":2287.81224089932},"geometry":{"type":"Polygon","coordinates":[[[2.394208,48.872758],[2.392278,48.871653],[2.390075,48.873376],[2.389525,48.873725],[2.389571,48.873856],[2.389661,48.873844],[2.390933,48.873347],[2.391465,48.873737],[2.39204,48.873984],[2.392917,48.874472],[2.393789,48.873232],[2.393974,48.873112],[2.394208,48.872758]]]}},{"type":"Feature","properties":{"code":"751082905","name":"Champs Élysées 5","arrondissement":"Paris 8e Arrondissement","green_per_cap":null,"income":null,"population":340.21305347642},"geometry":{"type":"Polygon","coordinates":[[[2.298906,48.868535],[2.297501,48.870939],[2.29621,48.872494],[2.296421,48.872583],[2.296513,48.872471],[2.296666,48.872411],[2.296749,48.872421],[2.299986,48.871397],[2.301876,48.870559],[2.301364,48.870168],[2.300996,48.870056],[2.301009,48.869933],[2.298906,48.868535]]]}},{"type":"Feature","properties":{"code":"751166410","name":"Chaillot 10","arrondissement":"Paris 16e Arrondissement","green_per_cap":1761.982,"income":null,"population":106.911438670496},"geometry":{"type":"Polygon","coordinates":[[[2.287403,48.862769],[2.287952,48.863235],[2.293588,48.864751],[2.293632,48.864832],[2.293856,48.864915],[2.294015,48.864922],[2.294129,48.864881],[2.295788,48.86568],[2.295875,48.864946],[2.295536,48.864934],[2.295825,48.864346],[2.294129,48.863348],[2.292555,48.862537],[2.29327,48.862067],[2.291774,48.860899],[2.291819,48.860831],[2.291748,48.860733],[2.291216,48.860368],[2.287403,48.862769]]]}},{"type":"Feature","properties":{"code":"751197508","name":"Amérique 8","arrondissement":"Paris 19e Arrondissement","green_per_cap":0.139,"income":30970.0,"population":2300.96244561129},"geometry":{"type":"Polygon","coordinates":[[[2.390172,48.880012],[2.390736,48.879716],[2.39131,48.879475],[2.390869,48.878352],[2.3926,48.876869],[2.392514,48.876595],[2.389224,48.876924],[2.38949,48.878068],[2.389815,48.878881],[2.389794,48.879039],[2.389968,48.879154],[2.389497,48.879596],[2.390172,48.880012]]]}},{"type":"Feature","properties":{"code":"751135032","name":"Gare 32","arrondissement":"Paris 13e Arrondissement","green_per_cap":2.952,"income":null,"population":179.533374962511},"geometry":{"type":"Polygon","coordinates":[[[2.3888,48.825106],[2.386941,48.824463],[2.385226,48.823729],[2.381524,48.822411],[2.380767,48.821701],[2.379083,48.821158],[2.377209,48.823827],[2.377021,48.824044],[2.376885,48.824109],[2.383987,48.826549],[2.385764,48.827383],[2.38631,48.826937],[2.388308,48.825502],[2.3888,48.825106]]]}},{"type":"Feature","properties":{"code":"751010204","name":"Les Halles 4","arrondissement":"Paris 1er Arrondissement","green_per_cap":0.111,"income":31480.0,"population":2039.21293141429},"geometry":{"type":"Polygon","coordinates":[[[2.344975,48.864825],[2.349018,48.863859],[2.349082,48.863715],[2.348445,48.86238],[2.345882,48.862942],[2.345536,48.863129],[2.345025,48.863145],[2.344285,48.86331],[2.343872,48.863337],[2.342742,48.863636],[2.344975,48.864825]]]}},{"type":"Feature","properties":{"code":"751062201","name":"Odéon 1","arrondissement":"Paris 6e Arrondissement","green_per_cap":13.112,"income":48080.0,"population":1682.14842855504},"geometry":{"type":"MultiPolygon","coordinates":[[[[2.338983,48.843924],[2.337256,48.840875],[2.336937,48.840798],[2.336701,48.840802],[2.336496,48.84088],[2.336284,48.841123],[2.336112,48.841047],[2.332902,48.844357],[2.336186,48.844313],[2.337584,48.844254],[2.338983,48.843924]]],[[[2.33269,48.848692],[2.332467,48.844885],[2.33241,48.844858],[2.331395,48.845913],[2.331523,48.846023],[2.331664,48.848412],[2.33269,48.848692]]]]}},{"type":"Feature","properties":{"code":"751135204","name":"Croulebarbe 4","arrondissement":"Paris 13e Arrondissement","green_per_cap":0.115,"income":28710.0,"population":2994.40346867686},"geometry":{"type":"Polygon","coordinates":[[[2.345948,48.830649],[2.344236,48.83113],[2.344849,48.834173],[2.345471,48.834368],[2.345686,48.834471],[2.345966,48.83465],[2.346261,48.83503],[2.348314,48.835662],[2.347071,48.833012],[2.346858,48.832939],[2.347008,48.832616],[2.346863,48.832554],[2.345948,48.830649]]]}},{"type":"Feature","properties":{"code":"751197503","name":"Amérique 3","arrondissement":"Paris 19e Arrondissement","green_per_cap":0.01,"income":22830.0,"population":1965.55736083225},"geometry":{"type":"Polygon","coordinates":[[[2.399208,48.875539],[2.398966,48.875491],[2.397922,48.875463],[2.397933,48.878256],[2.399531,48.878433],[2.400118,48.878545],[2.400298,48.878078],[2.400329,48.877428],[2.400134,48.877381],[2.400049,48.877321],[2.399208,48.875539]]]}},{"type":"Feature","properties":{"code":"751207906","name":"Père Lachaise 6","arrondissement":"Paris 20e Arrondissement","green_per_cap":0.0,"income":19640.0,"population":2310.98576505592},"geometry":{"type":"Polygon","coordinates":[[[2.387378,48.862898],[2.387201,48.863086],[2.383913,48.865983],[2.385147,48.866412],[2.385378,48.866453],[2.385465,48.866374],[2.385609,48.866328],[2.387015,48.866708],[2.387497,48.865728],[2.387999,48.864861],[2.387276,48.864589],[2.388261,48.863239],[2.388105,48.863177],[2.388036,48.863058],[2.387378,48.862898]]]}},{"type":"Feature","properties":{"code":"751124811","name":"Quinze-Vingts 11","arrondissement":"Paris 12e Arrondissement","green_per_cap":null,"income":null,"population":0.0},"geometry":{"type":"Polygon","coordinates":[[[2.371144,48.845533],[2.374203,48.845843],[2.374417,48.845573],[2.375599,48.844952],[2.375783,48.844968],[2.375995,48.845144],[2.377145,48.844523],[2.379428,48.843706],[2.379531,48.843776],[2.379801,48.843631],[2.378717,48.843237],[2.37676,48.842332],[2.376423,48.842113],[2.372704,48.844148],[2.372233,48.844489],[2.371191,48.845427],[2.371144,48.845533]]]}},{"type":"Feature","properties":{"code":"751156023","name":"Jardin Citroën-Cévennes","arrondissement":"Paris 15e Arrondissement","green_per_cap":2130.217,"income":null,"population":135.282946028485},"geometry":{"type":"Polygon","coordinates":[[[2.274596,48.843517],[2.27488,48.843416],[2.274828,48.843291],[2.274978,48.842551],[2.275067,48.842424],[2.276825,48.84172],[2.276888,48.84165],[2.276977,48.841135],[2.277061,48.841047],[2.277641,48.840831],[2.277898,48.840865],[2.277995,48.84033],[2.277679,48.840368],[2.276917,48.839498],[2.276886,48.839426],[2.276978,48.838903],[2.277025,48.838844],[2.278069,48.838447],[2.27836,48.838401],[2.277256,48.837159],[2.276291,48.837392],[2.275198,48.837711],[2.276226,48.838692],[2.276161,48.839092],[2.276101,48.839146],[2.275459,48.839402],[2.274744,48.839373],[2.274569,48.839408],[2.273726,48.839756],[2.272784,48.839722],[2.271958,48.840063],[2.271883,48.840163],[2.271673,48.840159],[2.271564,48.84022],[2.27154,48.840303],[2.271596,48.840414],[2.271826,48.840474],[2.274596,48.843517]]]}},{"type":"Feature","properties":{"code":"751083006","name":"Faubourg du Roule 6","arrondissement":"Paris 8e Arrondissement","green_per_cap":0.958,"income":null,"population":545.857431851828},"geometry":{"type":"Polygon","coordinates":[[[2.311534,48.873067],[2.31076,48.872822],[2.309981,48.873091],[2.308481,48.873829],[2.306462,48.874532],[2.305936,48.874806],[2.305643,48.874899],[2.309199,48.875037],[2.309649,48.874555],[2.31053,48.873926],[2.311534,48.873067]]]}},{"type":"Feature","properties":{"code":"751072812","name":"Champ de Mars","arrondissement":"Paris 7e Arrondissement","green_per_cap":null,"income":null,"population":0.0},"geometry":{"type":"Polygon","coordinates":[[[2.291636,48.85793],[2.294875,48.860198],[2.296848,48.858944],[2.296377,48.858609],[2.298894,48.857008],[2.299268,48.856678],[2.30001,48.856296],[2.300697,48.855866],[2.304297,48.853504],[2.301985,48.851932],[2.294073,48.857026],[2.29356,48.856676],[2.291636,48.85793]]]}},{"type":"Feature","properties":{"code":"751103902","name":"Porte Saint-Martin 2","arrondissement":"Paris 10e Arrondissement","green_per_cap":null,"income":34860.0,"population":2278.61730762155},"geometry":{"type":"Polygon","coordinates":[[[2.367064,48.868665],[2.36542,48.868153],[2.36438,48.869152],[2.362852,48.871106],[2.362574,48.871251],[2.364514,48.87189],[2.367064,48.868665]]]}},{"type":"Feature","properties":{"code":"751114104","name":"Folie Méricourt 4","arrondissement":"Paris 11e Arrondissement","green_per_cap":1.639,"income":34350.0,"population":1617.27191419972},"geometry":{"type":"Polygon","coordinates":[[[2.370714,48.864018],[2.368851,48.866351],[2.375341,48.865112],[2.374728,48.865042],[2.371872,48.864507],[2.370714,48.864018]]]}},{"type":"Feature","properties":{"code":"751135108","name":"Maison Blanche 8","arrondissement":"Paris 13e Arrondissement","green_per_cap":34.094,"income":17370.0,"population":2872.71139803362},"geometry":{"type":"Polygon","coordinates":[[[2.360526,48.816068],[2.355852,48.815923],[2.352392,48.818551],[2.351254,48.817962],[2.34692,48.816018],[2.346371,48.815994],[2.345191,48.816092],[2.344356,48.816016],[2.344448,48.815562],[2.343903,48.815767],[2.344129,48.817772],[2.344587,48.819399],[2.345061,48.819348],[2.345312,48.81937],[2.350895,48.820872],[2.354836,48.820894],[2.355247,48.820833],[2.355841,48.820593],[2.357225,48.819567],[2.357721,48.819293],[2.358446,48.819085],[2.359505,48.818998],[2.360037,48.817287],[2.360208,48.816561],[2.360378,48.816089],[2.360526,48.816068]]]}},{"type":"Feature","properties":{"code":"751155708","name":"Saint-Lambert 8","arrondissement":"Paris 15e Arrondissement","green_per_cap":25.971,"income":30500.0,"population":4134.75574952686},"geometry":{"type":"Polygon","coordinates":[[[2.283992,48.834368],[2.284138,48.834538],[2.284918,48.834998],[2.285916,48.835493],[2.286707,48.835771],[2.287717,48.835951],[2.288549,48.835938],[2.289026,48.835135],[2.28831,48.834584],[2.2899,48.833706],[2.288254,48.832595],[2.28766,48.832841],[2.286597,48.833374],[2.283992,48.834368]]]}},{"type":"Feature","properties":{"code":"751176706","name":"Batignolles 6","arrondissement":"Paris 17e Arrondissement","green_per_cap":0.264,"income":40410.0,"population":2271.0969539084},"geometry":{"type":"Polygon","coordinates":[[[2.318457,48.886435],[2.322424,48.884019],[2.32118,48.883762],[2.319258,48.88329],[2.316825,48.885673],[2.318107,48.886427],[2.31834,48.886398],[2.318457,48.886435]]]}},{"type":"Feature","properties":{"code":"751197317","name":"Villette 17","arrondissement":"Paris 19e Arrondissement","green_per_cap":0.034,"income":19760.0,"population":1892.80280418193},"geometry":{"type":"Polygon","coordinates":[[[2.369541,48.892906],[2.370035,48.894005],[2.370457,48.894527],[2.372867,48.893863],[2.373321,48.893796],[2.372555,48.892067],[2.369541,48.892906]]]}},{"type":"Feature","properties":{"code":"751197607","name":"Combat 7","arrondissement":"Paris 19e Arrondissement","green_per_cap":1.0,"income":33780.0,"population":1758.75173180645},"geometry":{"type":"Polygon","coordinates":[[[2.378149,48.876454],[2.378923,48.874659],[2.377019,48.874142],[2.375547,48.874082],[2.376005,48.874524],[2.376156,48.874726],[2.376638,48.875808],[2.376852,48.876425],[2.377352,48.876467],[2.378149,48.876454]]]}},{"type":"Feature","properties":{"code":"751208014","name":"Charonne 14","arrondissement":"Paris 20e Arrondissement","green_per_cap":0.09,"income":25620.0,"population":2257.62756914072},"geometry":{"type":"Polygon","coordinates":[[[2.402627,48.853965],[2.404096,48.852338],[2.399538,48.851538],[2.399365,48.851907],[2.400782,48.852954],[2.401539,48.853403],[2.402627,48.853965]]]}},{"type":"Feature","properties":{"code":"751041303","name":"Saint-Merri 3","arrondissement":"Paris 4e Arrondissement","green_per_cap":0.133,"income":31030.0,"population":1834.11471303695},"geometry":{"type":"Polygon","coordinates":[[[2.348223,48.858517],[2.350164,48.861985],[2.351652,48.861643],[2.350495,48.859379],[2.350218,48.858994],[2.350132,48.859026],[2.349593,48.858058],[2.348223,48.858517]]]}},{"type":"Feature","properties":{"code":"751072706","name":"École Militaire 6","arrondissement":"Paris 7e Arrondissement","green_per_cap":16.169,"income":40240.0,"population":1702.28144366333},"geometry":{"type":"Polygon","coordinates":[[[2.31902,48.851695],[2.319566,48.850524],[2.318546,48.850367],[2.315132,48.84944],[2.313954,48.849183],[2.31384,48.849125],[2.313667,48.849416],[2.312353,48.850273],[2.312006,48.850447],[2.312141,48.851613],[2.313857,48.851779],[2.314504,48.851803],[2.317123,48.851762],[2.31902,48.851695]]]}},{"type":"Feature","properties":{"code":"751155809","name":"Necker 9","arrondissement":"Paris 15e Arrondissement","green_per_cap":0.232,"income":42190.0,"population":3347.23476247624},"geometry":{"type":"Polygon","coordinates":[[[2.306542,48.843757],[2.302678,48.842606],[2.302565,48.84287],[2.302067,48.845379],[2.304931,48.846117],[2.306542,48.843757]]]}},{"type":"Feature","properties":{"code":"751155919","name":"Grenelle 19","arrondissement":"Paris 15e Arrondissement","green_per_cap":0.221,"income":32820.0,"population":2379.94988494615},"geometry":{"type":"Polygon","coordinates":[[[2.29141,48.851656],[2.292377,48.850727],[2.291951,48.850957],[2.288835,48.852109],[2.286537,48.852891],[2.288763,48.854508],[2.290652,48.852596],[2.290579,48.852504],[2.29141,48.851656]]]}},{"type":"Feature","properties":{"code":"751208013","name":"Charonne 13","arrondissement":"Paris 20e Arrondissement","green_per_cap":0.102,"income":24640.0,"population":2557.03725351609},"geometry":{"type":"Polygon","coordinates":[[[2.40494,48.856185],[2.405272,48.855418],[2.406126,48.852707],[2.404096,48.852338],[2.402627,48.853965],[2.402881,48.854279],[2.403058,48.854596],[2.403855,48.855055],[2.404403,48.855955],[2.404752,48.856211],[2.40494,48.856185]]]}},{"type":"Feature","properties":{"code":"751031003","name":"Enfants Rouges 3","arrondissement":"Paris 3e Arrondissement","green_per_cap":0.11,"income":35740.0,"population":2317.88649004902},"geometry":{"type":"Polygon","coordinates":[[[2.36129,48.861774],[2.358697,48.863193],[2.358251,48.863365],[2.358766,48.863908],[2.35962,48.864689],[2.359719,48.864658],[2.361661,48.863304],[2.364437,48.861927],[2.364615,48.861903],[2.364607,48.861329],[2.36129,48.861774]]]}},{"type":"Feature","properties":{"code":"751103703","name":"Saint-Vincent de Paul 3","arrondissement":"Paris 10e Arrondissement","green_per_cap":0.02,"income":29540.0,"population":2280.62876141173},"geometry":{"type":"Polygon","coordinates":[[[2.355983,48.879763],[2.357597,48.879462],[2.358671,48.879729],[2.35872,48.879619],[2.358571,48.878762],[2.358313,48.877895],[2.357554,48.876519],[2.357506,48.876272],[2.356242,48.876462],[2.3561,48.876563],[2.355865,48.876514],[2.355675,48.876527],[2.355018,48.877302],[2.355239,48.877379],[2.355396,48.877488],[2.355925,48.879701],[2.355983,48.879763]]]}},{"type":"Feature","properties":{"code":"751114214","name":"Saint-Ambroise 14","arrondissement":"Paris 11e Arrondissement","green_per_cap":1.975,"income":28000.0,"population":1581.44225996948},"geometry":{"type":"Polygon","coordinates":[[[2.383384,48.863576],[2.381131,48.86402],[2.381195,48.864121],[2.381802,48.864354],[2.380704,48.865788],[2.379725,48.865462],[2.379214,48.866091],[2.381297,48.866615],[2.382206,48.865342],[2.38268,48.865092],[2.382956,48.864738],[2.383146,48.864339],[2.383356,48.864318],[2.383741,48.864403],[2.383384,48.863576]]]}},{"type":"Feature","properties":{"code":"751155703","name":"Saint-Lambert 3","arrondissement":"Paris 15e Arrondissement","green_per_cap":0.338,"income":28460.0,"population":3844.78740988388},"geometry":{"type":"Polygon","coordinates":[[[2.305259,48.831835],[2.306837,48.831319],[2.305855,48.830186],[2.304657,48.829219],[2.30393,48.828728],[2.30325,48.828462],[2.302866,48.828242],[2.301398,48.828554],[2.302057,48.83061],[2.302979,48.832133],[2.303791,48.831984],[2.304776,48.831918],[2.305259,48.831835]]]}},{"type":"Feature","properties":{"code":"751155712","name":"Saint-Lambert 12","arrondissement":"Paris 15e Arrondissement","green_per_cap":null,"income":34020.0,"population":2042.0824076167},"geometry":{"type":"Polygon","coordinates":[[[2.291955,48.837388],[2.290153,48.838794],[2.289408,48.838593],[2.290362,48.839978],[2.292008,48.83926],[2.293942,48.838337],[2.293846,48.838254],[2.291955,48.837388]]]}},{"type":"Feature","properties":{"code":"751166113","name":"Auteuil 13","arrondissement":"Paris 16e Arrondissement","green_per_cap":0.033,"income":43680.0,"population":1814.98760035634},"geometry":{"type":"Polygon","coordinates":[[[2.266503,48.844824],[2.264832,48.843103],[2.263798,48.841402],[2.262731,48.841878],[2.263108,48.843261],[2.26365,48.844495],[2.264779,48.845915],[2.266307,48.847557],[2.266846,48.847482],[2.268133,48.847539],[2.268524,48.847426],[2.268843,48.847248],[2.267168,48.845507],[2.266745,48.845143],[2.266503,48.844824]]]}},{"type":"Feature","properties":{"code":"751207801","name":"Saint-Fargeau 1","arrondissement":"Paris 20e Arrondissement","green_per_cap":17.894,"income":18920.0,"population":4123.27084333687},"geometry":{"type":"Polygon","coordinates":[[[2.406583,48.877114],[2.407934,48.877572],[2.41082,48.878436],[2.412453,48.876443],[2.413649,48.872404],[2.413932,48.869534],[2.413977,48.865181],[2.413884,48.865262],[2.411846,48.865105],[2.411379,48.864996],[2.410958,48.864972],[2.409008,48.864542],[2.408742,48.864515],[2.408888,48.866356],[2.410156,48.866411],[2.411143,48.866516],[2.410742,48.870654],[2.410594,48.870611],[2.41032,48.870639],[2.409126,48.870601],[2.408708,48.870549],[2.408698,48.870831],[2.408329,48.873394],[2.408121,48.87408],[2.40732,48.8758],[2.406583,48.877114]]]}},{"type":"Feature","properties":{"code":"751155818","name":"Necker 18","arrondissement":"Paris 15e Arrondissement","green_per_cap":60.984,"income":null,"population":1157.68540029404},"geometry":{"type":"Polygon","coordinates":[[[2.321549,48.841098],[2.321472,48.840965],[2.321833,48.84011],[2.321394,48.839777],[2.319877,48.840539],[2.317386,48.838433],[2.317021,48.838811],[2.316777,48.838832],[2.315386,48.840081],[2.314863,48.840497],[2.315222,48.840494],[2.318673,48.84147],[2.320683,48.842083],[2.321117,48.842326],[2.32141,48.84121],[2.321549,48.841098]]]}},{"type":"Feature","properties":{"code":"751072599","name":"Seine et Berges 1","arrondissement":"Paris 7e Arrondissement","green_per_cap":null,"income":null,"population":0.0},"geometry":{"type":"Polygon","coordinates":[[[2.325904,48.861468],[2.32798,48.860821],[2.331212,48.859679],[2.332916,48.859335],[2.332452,48.858531],[2.32929,48.859554],[2.325305,48.860792],[2.325946,48.861428],[2.325904,48.861468]]]}},{"type":"Feature","properties":{"code":"751104010","name":"Hôpital Saint-Louis 10","arrondissement":"Paris 10e Arrondissement","green_per_cap":0.808,"income":23400.0,"population":1963.65458789996},"geometry":{"type":"Polygon","coordinates":[[[2.37022,48.881963],[2.370287,48.878464],[2.370087,48.878467],[2.369927,48.878339],[2.36987,48.87815],[2.369884,48.877952],[2.369528,48.8779],[2.369452,48.877851],[2.36936,48.877883],[2.36851,48.877883],[2.368474,48.87797],[2.368294,48.878013],[2.368144,48.877968],[2.368102,48.877891],[2.367851,48.877984],[2.367599,48.87773],[2.366738,48.877599],[2.366346,48.877646],[2.366164,48.877764],[2.367667,48.879414],[2.368062,48.879493],[2.369667,48.881396],[2.369823,48.881469],[2.370054,48.881493],[2.370067,48.881945],[2.37022,48.881963]]]}},{"type":"Feature","properties":{"code":"751145607","name":"Plaisance 7","arrondissement":"Paris 14e Arrondissement","green_per_cap":null,"income":30100.0,"population":3364.28644347009},"geometry":{"type":"Polygon","coordinates":[[[2.315197,48.827799],[2.317965,48.829673],[2.319229,48.829256],[2.321717,48.828278],[2.319585,48.826177],[2.31698,48.826739],[2.315197,48.827799]]]}},{"type":"Feature","properties":{"code":"751155910","name":"Grenelle 10","arrondissement":"Paris 15e Arrondissement","green_per_cap":null,"income":34620.0,"population":2036.66498735387},"geometry":{"type":"Polygon","coordinates":[[[2.292407,48.850712],[2.295082,48.849961],[2.29341,48.848007],[2.290919,48.849003],[2.292407,48.850712]]]}},{"type":"Feature","properties":{"code":"751207811","name":"Saint-Fargeau 11","arrondissement":"Paris 20e Arrondissement","green_per_cap":0.071,"income":24470.0,"population":1841.57986761136},"geometry":{"type":"Polygon","coordinates":[[[2.403415,48.873896],[2.403179,48.874497],[2.404373,48.874704],[2.404095,48.87548],[2.404427,48.875537],[2.40475,48.87477],[2.40569,48.874938],[2.404398,48.87174],[2.403415,48.873896]]]}},{"type":"Feature","properties":{"code":"751104012","name":"Hôpital Saint-Louis 12","arrondissement":"Paris 10e Arrondissement","green_per_cap":44.532,"income":null,"population":211.175019502705},"geometry":{"type":"Polygon","coordinates":[[[2.36494,48.873705],[2.367497,48.875375],[2.36854,48.876152],[2.370056,48.874132],[2.370328,48.874058],[2.370316,48.873752],[2.369674,48.87225],[2.369523,48.872069],[2.367916,48.871749],[2.366767,48.872491],[2.366584,48.87273],[2.36494,48.873705]]]}},{"type":"Feature","properties":{"code":"751072699","name":"Seine et Berges 2","arrondissement":"Paris 7e Arrondissement","green_per_cap":null,"income":null,"population":0.0},"geometry":{"type":"Polygon","coordinates":[[[2.31039,48.863608],[2.318678,48.863723],[2.325904,48.861468],[2.325946,48.861428],[2.325305,48.860792],[2.320048,48.862368],[2.319373,48.862546],[2.319039,48.862583],[2.318446,48.862764],[2.317848,48.862894],[2.31519,48.862892],[2.31166,48.862805],[2.311653,48.862919],[2.310761,48.862906],[2.310605,48.86294],[2.310425,48.862911],[2.31039,48.863608]]]}},{"type":"Feature","properties":{"code":"751030903","name":"Arts et Métiers 3","arrondissement":"Paris 3e Arrondissement","green_per_cap":0.047,"income":34890.0,"population":1877.91510528537},"geometry":{"type":"Polygon","coordinates":[[[2.361457,48.866394],[2.360065,48.865034],[2.35962,48.864689],[2.356589,48.865373],[2.35574,48.865452],[2.35564,48.865505],[2.356808,48.867284],[2.360193,48.866533],[2.360325,48.866416],[2.362011,48.866804],[2.361457,48.866394]]]}},{"type":"Feature","properties":{"code":"751041502","name":"Arsenal 2","arrondissement":"Paris 4e Arrondissement","green_per_cap":1.309,"income":36430.0,"population":1677.31351125873},"geometry":{"type":"Polygon","coordinates":[[[2.362763,48.854639],[2.363704,48.854276],[2.364753,48.853946],[2.363346,48.852656],[2.363827,48.852418],[2.36311,48.851913],[2.363691,48.85154],[2.361432,48.85082],[2.361388,48.851511],[2.361292,48.851804],[2.360921,48.852146],[2.360489,48.852355],[2.360668,48.852579],[2.361848,48.853601],[2.362494,48.854405],[2.362763,48.854639]]]}},{"type":"Feature","properties":{"code":"751093310","name":"Saint-Georges 10","arrondissement":"Paris 9e Arrondissement","green_per_cap":2.695,"income":42680.0,"population":1604.32904257784},"geometry":{"type":"Polygon","coordinates":[[[2.337773,48.882329],[2.339551,48.882062],[2.339678,48.881916],[2.34023,48.880775],[2.340448,48.880416],[2.34003,48.879383],[2.337323,48.880017],[2.337749,48.880915],[2.337212,48.881991],[2.337409,48.881999],[2.337528,48.882054],[2.337773,48.882329]]]}},{"type":"Feature","properties":{"code":"751124509","name":"Bel-Air 9","arrondissement":"Paris 12e Arrondissement","green_per_cap":36.419,"income":30960.0,"population":1933.54580695675},"geometry":{"type":"Polygon","coordinates":[[[2.404465,48.840053],[2.405367,48.843311],[2.406546,48.843157],[2.407908,48.842919],[2.408316,48.843962],[2.408832,48.843883],[2.408325,48.841739],[2.409224,48.841763],[2.409469,48.841732],[2.409041,48.840378],[2.407887,48.840352],[2.406406,48.840102],[2.404465,48.840053]]]}},{"type":"Feature","properties":{"code":"751124808","name":"Quinze-Vingts 8","arrondissement":"Paris 12e Arrondissement","green_per_cap":8.739,"income":37950.0,"population":2125.33095490894},"geometry":{"type":"Polygon","coordinates":[[[2.372682,48.845682],[2.372668,48.845736],[2.372508,48.845775],[2.372354,48.845894],[2.372019,48.846665],[2.375168,48.847136],[2.376005,48.848354],[2.377724,48.847312],[2.37895,48.846445],[2.374388,48.845941],[2.374203,48.845843],[2.372682,48.845682]]]}},{"type":"Feature","properties":{"code":"751145609","name":"Plaisance 9","arrondissement":"Paris 14e Arrondissement","green_per_cap":1.524,"income":19290.0,"population":2230.51039553819},"geometry":{"type":"Polygon","coordinates":[[[2.311519,48.832751],[2.313724,48.831908],[2.314154,48.831813],[2.310884,48.83029],[2.309278,48.831433],[2.311015,48.83242],[2.311519,48.832751]]]}},{"type":"Feature","properties":{"code":"751187006","name":"Clignancourt 6","arrondissement":"Paris 18e Arrondissement","green_per_cap":0.0,"income":30260.0,"population":2219.34275737489},"geometry":{"type":"Polygon","coordinates":[[[2.347201,48.884601],[2.344894,48.884824],[2.345065,48.886376],[2.347669,48.886926],[2.347201,48.884601]]]}},{"type":"Feature","properties":{"code":"751187011","name":"Clignancourt 11","arrondissement":"Paris 18e Arrondissement","green_per_cap":null,"income":31830.0,"population":2123.06788672653},"geometry":{"type":"Polygon","coordinates":[[[2.345312,48.890805],[2.346155,48.889507],[2.34468,48.889327],[2.342937,48.889799],[2.343373,48.89038],[2.343523,48.89069],[2.343639,48.891207],[2.344416,48.89106],[2.345312,48.890805]]]}},{"type":"Feature","properties":{"code":"751197302","name":"Villette 2","arrondissement":"Paris 19e Arrondissement","green_per_cap":1.128,"income":23920.0,"population":3250.96348751661},"geometry":{"type":"Polygon","coordinates":[[[2.38165,48.885724],[2.381648,48.885671],[2.38154,48.885604],[2.379023,48.884651],[2.378703,48.884495],[2.375666,48.882794],[2.371791,48.882986],[2.371519,48.883026],[2.371469,48.883101],[2.379427,48.885196],[2.379572,48.885181],[2.38165,48.885724]]]}},{"type":"Feature","properties":{"code":"751197402","name":"Pont de Flandre 2","arrondissement":"Paris 19e Arrondissement","green_per_cap":5.31,"income":25520.0,"population":3050.35232423913},"geometry":{"type":"Polygon","coordinates":[[[2.383075,48.889887],[2.386203,48.89144],[2.386723,48.890939],[2.386903,48.890634],[2.385089,48.890017],[2.386258,48.888295],[2.388581,48.88892],[2.389294,48.887785],[2.384816,48.886612],[2.384506,48.8879],[2.38369,48.889361],[2.383075,48.889887]]]}},{"type":"Feature","properties":{"code":"751207902","name":"Père Lachaise 2","arrondissement":"Paris 20e Arrondissement","green_per_cap":2.528,"income":29310.0,"population":2766.24913473898},"geometry":{"type":"Polygon","coordinates":[[[2.403452,48.862401],[2.403915,48.861931],[2.404591,48.861371],[2.404875,48.861055],[2.404806,48.860792],[2.404316,48.86035],[2.402144,48.859148],[2.401281,48.859812],[2.400745,48.860425],[2.400525,48.860847],[2.400203,48.861718],[2.401242,48.862032],[2.401741,48.861571],[2.403452,48.862401]]]}},{"type":"Feature","properties":{"code":"751207908","name":"Père Lachaise 8","arrondissement":"Paris 20e Arrondissement","green_per_cap":2.489,"income":19780.0,"population":3093.00105306921},"geometry":{"type":"Polygon","coordinates":[[[2.387015,48.866708],[2.388987,48.86733],[2.389,48.867221],[2.389649,48.866391],[2.38968,48.866013],[2.389847,48.865513],[2.389752,48.86494],[2.389632,48.86468],[2.389045,48.863858],[2.388261,48.863239],[2.387276,48.864589],[2.387999,48.864861],[2.387497,48.865728],[2.387015,48.866708]]]}},{"type":"Feature","properties":{"code":"751166299","name":"Seine et Berges 2","arrondissement":"Paris 16e Arrondissement","green_per_cap":null,"income":null,"population":0.0},"geometry":{"type":"Polygon","coordinates":[[[2.291839,48.859968],[2.289696,48.858183],[2.288513,48.857021],[2.288074,48.855957],[2.280073,48.850289],[2.278472,48.851323],[2.282937,48.854031],[2.286468,48.856815],[2.288628,48.858482],[2.289331,48.85891],[2.29054,48.859921],[2.290686,48.859906],[2.291216,48.860368],[2.291839,48.859968]]]}},{"type":"Feature","properties":{"code":"751093601","name":"Rochechouart 1","arrondissement":"Paris 9e Arrondissement","green_per_cap":1.902,"income":37160.0,"population":2457.5699077903},"geometry":{"type":"Polygon","coordinates":[[[2.349095,48.877429],[2.348666,48.87662],[2.347479,48.876614],[2.347392,48.87664],[2.347291,48.876753],[2.346171,48.876474],[2.346113,48.876566],[2.344345,48.876536],[2.345008,48.878324],[2.345314,48.87877],[2.345964,48.878624],[2.347294,48.879018],[2.346846,48.877878],[2.349095,48.877429]]]}},{"type":"Feature","properties":{"code":"751114302","name":"Roquette 2","arrondissement":"Paris 11e Arrondissement","green_per_cap":1.974,"income":30420.0,"population":3879.11852164481},"geometry":{"type":"Polygon","coordinates":[[[2.389546,48.85848],[2.389819,48.858359],[2.390098,48.857797],[2.39133,48.855758],[2.387118,48.85512],[2.38562,48.856611],[2.38726,48.857027],[2.386919,48.857525],[2.387725,48.85774],[2.387571,48.858039],[2.389279,48.858388],[2.389546,48.85848]]]}},{"type":"Feature","properties":{"code":"751114407","name":"Sainte-Marguerite 7","arrondissement":"Paris 11e Arrondissement","green_per_cap":4.984,"income":31470.0,"population":1953.92546188568},"geometry":{"type":"Polygon","coordinates":[[[2.384449,48.850473],[2.383248,48.852517],[2.384882,48.852657],[2.38623,48.852939],[2.386555,48.850455],[2.384449,48.850473]]]}},{"type":"Feature","properties":{"code":"751155709","name":"Saint-Lambert 9","arrondissement":"Paris 15e Arrondissement","green_per_cap":null,"income":34740.0,"population":3266.97505993566},"geometry":{"type":"Polygon","coordinates":[[[2.288549,48.835938],[2.289685,48.835805],[2.290419,48.836006],[2.290623,48.836027],[2.293219,48.836096],[2.293688,48.835965],[2.29276,48.835496],[2.290467,48.83409],[2.2899,48.833706],[2.28831,48.834584],[2.289026,48.835135],[2.288549,48.835938]]]}},{"type":"Feature","properties":{"code":"751155730","name":"Saint-Lambert 30","arrondissement":"Paris 15e Arrondissement","green_per_cap":0.191,"income":37960.0,"population":2345.88614019392},"geometry":{"type":"Polygon","coordinates":[[[2.302736,48.836963],[2.301448,48.837989],[2.300091,48.839126],[2.300398,48.83927],[2.301318,48.839589],[2.302194,48.839806],[2.304979,48.840611],[2.306259,48.839098],[2.304668,48.838366],[2.302736,48.836963]]]}},{"type":"Feature","properties":{"code":"751176501","name":"Ternes 1","arrondissement":"Paris 17e Arrondissement","green_per_cap":0.011,"income":40300.0,"population":3740.46318960899},"geometry":{"type":"Polygon","coordinates":[[[2.297908,48.877745],[2.295032,48.873773],[2.28894,48.875713],[2.289185,48.876019],[2.289396,48.875991],[2.291063,48.876626],[2.292207,48.877098],[2.2929,48.877438],[2.294258,48.878389],[2.294213,48.87865],[2.297255,48.877954],[2.297468,48.877859],[2.297908,48.877745]]]}},{"type":"Feature","properties":{"code":"751176515","name":"Ternes 15","arrondissement":"Paris 17e Arrondissement","green_per_cap":7.133,"income":23230.0,"population":3544.32301162108},"geometry":{"type":"Polygon","coordinates":[[[2.293783,48.88707],[2.289512,48.88446],[2.289226,48.884223],[2.288697,48.883878],[2.288666,48.883805],[2.287487,48.883073],[2.286247,48.884072],[2.288696,48.885576],[2.289095,48.886001],[2.289836,48.88645],[2.290057,48.88657],[2.290285,48.88659],[2.290469,48.886662],[2.291828,48.887499],[2.292563,48.887856],[2.293038,48.887395],[2.293783,48.88707]]]}},{"type":"Feature","properties":{"code":"751176802","name":"Épinettes 2","arrondissement":"Paris 17e Arrondissement","green_per_cap":null,"income":36270.0,"population":3319.75809036427},"geometry":{"type":"Polygon","coordinates":[[[2.324645,48.888036],[2.323044,48.886972],[2.319546,48.888998],[2.320751,48.890262],[2.324645,48.888036]]]}},{"type":"Feature","properties":{"code":"751187024","name":"Clignancourt 24","arrondissement":"Paris 18e Arrondissement","green_per_cap":0.184,"income":27200.0,"population":1943.15040059034},"geometry":{"type":"Polygon","coordinates":[[[2.343407,48.895812],[2.346126,48.895844],[2.345372,48.894335],[2.344419,48.894584],[2.342991,48.893583],[2.343407,48.895812]]]}},{"type":"Feature","properties":{"code":"751207907","name":"Père Lachaise 7","arrondissement":"Paris 20e Arrondissement","green_per_cap":0.048,"income":24580.0,"population":2993.3346635399},"geometry":{"type":"Polygon","coordinates":[[[2.383913,48.865983],[2.383584,48.866267],[2.383069,48.867035],[2.383347,48.867128],[2.389648,48.868663],[2.390665,48.867831],[2.39033,48.867822],[2.390715,48.867308],[2.390471,48.867303],[2.39034,48.86754],[2.388987,48.86733],[2.387015,48.866708],[2.385609,48.866328],[2.385465,48.866374],[2.385378,48.866453],[2.385147,48.866412],[2.383913,48.865983]]]}},{"type":"Feature","properties":{"code":"751135012","name":"Gare 12","arrondissement":"Paris 13e Arrondissement","green_per_cap":0.15,"income":24350.0,"population":3188.47822134117},"geometry":{"type":"Polygon","coordinates":[[[2.371386,48.827669],[2.374578,48.825584],[2.376414,48.824409],[2.375636,48.824159],[2.373501,48.823794],[2.370359,48.82753],[2.371386,48.827669]]]}},{"type":"Feature","properties":{"code":"751135031","name":"Gare 31","arrondissement":"Paris 13e Arrondissement","green_per_cap":0.063,"income":17520.0,"population":2238.75552177563},"geometry":{"type":"Polygon","coordinates":[[[2.361896,48.832886],[2.363501,48.833422],[2.363676,48.833252],[2.366367,48.831298],[2.366013,48.830534],[2.365092,48.830863],[2.364114,48.831308],[2.363677,48.831591],[2.362174,48.832727],[2.361896,48.832886]]]}},{"type":"Feature","properties":{"code":"751166310","name":"Porte Dauphine 10","arrondissement":"Paris 16e Arrondissement","green_per_cap":55.595,"income":49320.0,"population":1503.15899158099},"geometry":{"type":"Polygon","coordinates":[[[2.279517,48.875214],[2.281756,48.873696],[2.282065,48.873895],[2.283746,48.873091],[2.284132,48.873034],[2.284527,48.872892],[2.284692,48.872193],[2.277488,48.871391],[2.276661,48.871587],[2.276472,48.871795],[2.2758,48.871726],[2.275621,48.871955],[2.275424,48.872081],[2.275822,48.872379],[2.275971,48.872635],[2.276197,48.872865],[2.277144,48.873681],[2.277445,48.873804],[2.278542,48.874838],[2.278806,48.874851],[2.279113,48.874978],[2.279242,48.875085],[2.279517,48.875214]]]}},{"type":"Feature","properties":{"code":"751176703","name":"Batignolles 3","arrondissement":"Paris 17e Arrondissement","green_per_cap":null,"income":34510.0,"population":2008.92167304832},"geometry":{"type":"Polygon","coordinates":[[[2.323044,48.886972],[2.324323,48.886093],[2.325398,48.885201],[2.324776,48.884783],[2.322376,48.886379],[2.320194,48.887641],[2.321056,48.888114],[2.323044,48.886972]]]}},{"type":"Feature","properties":{"code":"751197523","name":"Amérique 23","arrondissement":"Paris 19e Arrondissement","green_per_cap":0.58,"income":27250.0,"population":1724.49632645055},"geometry":{"type":"Polygon","coordinates":[[[2.387906,48.883224],[2.385564,48.88299],[2.384624,48.883816],[2.384205,48.884436],[2.384353,48.884511],[2.384484,48.884657],[2.38456,48.884836],[2.384606,48.885249],[2.386896,48.885664],[2.387906,48.883224]]]}},{"type":"Feature","properties":{"code":"751145625","name":"Plaisance 25","arrondissement":"Paris 14e Arrondissement","green_per_cap":19.265,"income":30710.0,"population":1979.23777449759},"geometry":{"type":"Polygon","coordinates":[[[2.315632,48.82809],[2.313029,48.826333],[2.311332,48.827656],[2.311391,48.827693],[2.31137,48.827756],[2.311464,48.827921],[2.307636,48.828781],[2.311745,48.830683],[2.315632,48.82809]]]}},{"type":"Feature","properties":{"code":"751072808","name":"Gros Caillou 8","arrondissement":"Paris 7e Arrondissement","green_per_cap":null,"income":49700.0,"population":1412.95393635457},"geometry":{"type":"Polygon","coordinates":[[[2.300173,48.857652],[2.29772,48.859236],[2.300675,48.859854],[2.300858,48.859829],[2.300819,48.859698],[2.301038,48.859641],[2.302746,48.859807],[2.303013,48.859862],[2.303513,48.858804],[2.30259,48.858548],[2.300173,48.857652]]]}},{"type":"Feature","properties":{"code":"751114306","name":"Roquette 6","arrondissement":"Paris 11e Arrondissement","green_per_cap":0.19,"income":27540.0,"population":3084.43902555886},"geometry":{"type":"Polygon","coordinates":[[[2.385328,48.854698],[2.38203,48.853925],[2.379706,48.857444],[2.379773,48.857539],[2.38009,48.857693],[2.380238,48.857646],[2.380394,48.857665],[2.385328,48.854698]]]}},{"type":"Feature","properties":{"code":"751135111","name":"Maison Blanche 11","arrondissement":"Paris 13e Arrondissement","green_per_cap":1.506,"income":22910.0,"population":2645.22388323602},"geometry":{"type":"Polygon","coordinates":[[[2.346797,48.822275],[2.348559,48.824037],[2.348716,48.823996],[2.353011,48.823854],[2.353087,48.823695],[2.353228,48.823642],[2.352684,48.822152],[2.350433,48.822193],[2.350097,48.822123],[2.349872,48.822171],[2.347252,48.822169],[2.346797,48.822275]]]}},{"type":"Feature","properties":{"code":"751155816","name":"Necker 16","arrondissement":"Paris 15e Arrondissement","green_per_cap":2.043,"income":40920.0,"population":2166.93071930202},"geometry":{"type":"Polygon","coordinates":[[[2.314863,48.840497],[2.313892,48.841445],[2.314927,48.842025],[2.315954,48.842541],[2.316222,48.842708],[2.316657,48.843125],[2.318437,48.842885],[2.320591,48.843255],[2.320734,48.843105],[2.321,48.842404],[2.321117,48.842326],[2.320683,48.842083],[2.318673,48.84147],[2.315222,48.840494],[2.314863,48.840497]]]}},{"type":"Feature","properties":{"code":"751176604","name":"Plaine Monceau 4","arrondissement":"Paris 17e Arrondissement","green_per_cap":null,"income":46450.0,"population":2269.64009705924},"geometry":{"type":"Polygon","coordinates":[[[2.308779,48.880392],[2.303142,48.87915],[2.302197,48.880084],[2.303952,48.880938],[2.302954,48.881768],[2.304537,48.882196],[2.308779,48.880392]]]}},{"type":"Feature","properties":{"code":"751176711","name":"Batignolles 11","arrondissement":"Paris 17e Arrondissement","green_per_cap":null,"income":35580.0,"population":2111.22760465501},"geometry":{"type":"Polygon","coordinates":[[[2.314087,48.887352],[2.314646,48.887151],[2.315684,48.886595],[2.316414,48.886048],[2.316825,48.885673],[2.315486,48.884878],[2.31421,48.88609],[2.314093,48.886127],[2.314009,48.886094],[2.313929,48.886127],[2.312637,48.886938],[2.31382,48.887334],[2.314087,48.887352]]]}},{"type":"Feature","properties":{"code":"751197604","name":"Combat 4","arrondissement":"Paris 19e Arrondissement","green_per_cap":null,"income":31490.0,"population":2662.83080977413},"geometry":{"type":"Polygon","coordinates":[[[2.385386,48.873935],[2.384836,48.873725],[2.383028,48.873467],[2.382875,48.873762],[2.382178,48.874043],[2.381134,48.87468],[2.379565,48.874776],[2.378923,48.874659],[2.378149,48.876454],[2.379392,48.876344],[2.380167,48.876232],[2.381318,48.875976],[2.381878,48.875587],[2.383171,48.874513],[2.383668,48.87423],[2.384282,48.874024],[2.384757,48.873958],[2.385386,48.873935]]]}},{"type":"Feature","properties":{"code":"751207812","name":"Saint-Fargeau 12","arrondissement":"Paris 20e Arrondissement","green_per_cap":null,"income":30210.0,"population":1946.6792582364},"geometry":{"type":"Polygon","coordinates":[[[2.404345,48.871683],[2.402369,48.871621],[2.401297,48.873299],[2.403415,48.873896],[2.404398,48.87174],[2.404345,48.871683]]]}},{"type":"Feature","properties":{"code":"751207813","name":"Saint-Fargeau 13","arrondissement":"Paris 20e Arrondissement","green_per_cap":null,"income":19510.0,"population":2262.55113270703},"geometry":{"type":"Polygon","coordinates":[[[2.39927,48.872745],[2.401297,48.873299],[2.402369,48.871621],[2.401857,48.871556],[2.400812,48.87121],[2.40034,48.871103],[2.39927,48.872745]]]}},{"type":"Feature","properties":{"code":"751145403","name":"Parc de Montsouris 3","arrondissement":"Paris 14e Arrondissement","green_per_cap":2.638,"income":30240.0,"population":3689.03319083248},"geometry":{"type":"Polygon","coordinates":[[[2.334863,48.827469],[2.341796,48.826448],[2.341542,48.824621],[2.339866,48.824589],[2.33971,48.824624],[2.33608,48.824227],[2.335588,48.825535],[2.335443,48.825533],[2.335395,48.825597],[2.335259,48.82561],[2.335266,48.825581],[2.334446,48.825655],[2.334746,48.82724],[2.334849,48.827191],[2.334813,48.827312],[2.334911,48.82734],[2.334863,48.827469]]]}},{"type":"Feature","properties":{"code":"751155729","name":"Saint-Lambert 29","arrondissement":"Paris 15e Arrondissement","green_per_cap":1.295,"income":38650.0,"population":3218.13292407541},"geometry":{"type":"Polygon","coordinates":[[[2.302678,48.842606],[2.30425,48.840406],[2.302194,48.839806],[2.301318,48.839589],[2.300398,48.83927],[2.299488,48.840493],[2.299142,48.841568],[2.302678,48.842606]]]}},{"type":"Feature","properties":{"code":"751072507","name":"Saint-Thomas d'Aquin 7","arrondissement":"Paris 7e Arrondissement","green_per_cap":null,"income":null,"population":0.0},"geometry":{"type":"Polygon","coordinates":[[[2.326769,48.851737],[2.326867,48.851395],[2.324162,48.850235],[2.323516,48.851709],[2.326769,48.851737]]]}},{"type":"Feature","properties":{"code":"751124707","name":"Bercy 7","arrondissement":"Paris 12e Arrondissement","green_per_cap":null,"income":null,"population":387.622946174003},"geometry":{"type":"Polygon","coordinates":[[[2.373759,48.840769],[2.376423,48.842113],[2.377533,48.841516],[2.377536,48.841462],[2.377691,48.841346],[2.378775,48.840559],[2.379023,48.840422],[2.375937,48.83878],[2.375623,48.839072],[2.375026,48.838752],[2.374818,48.83893],[2.375417,48.839254],[2.373759,48.840769]]]}},{"type":"Feature","properties":{"code":"751082907","name":"Concorde Jardin Champs Élysées","arrondissement":"Paris 8e Arrondissement","green_per_cap":null,"income":null,"population":0.0},"geometry":{"type":"Polygon","coordinates":[[[2.323472,48.866371],[2.321404,48.863665],[2.318659,48.864559],[2.318305,48.864511],[2.317238,48.864472],[2.310359,48.864317],[2.31029,48.864706],[2.310254,48.866829],[2.31017,48.868309],[2.309944,48.868309],[2.309652,48.868377],[2.309454,48.868452],[2.30929,48.868569],[2.309156,48.868703],[2.309064,48.868965],[2.309074,48.869098],[2.309196,48.869274],[2.309889,48.869049],[2.310074,48.869142],[2.310306,48.869082],[2.311971,48.869924],[2.31473,48.86904],[2.314618,48.868873],[2.3149,48.868552],[2.315181,48.868405],[2.315464,48.868348],[2.315928,48.868325],[2.316197,48.86842],[2.320336,48.86712],[2.32307,48.866361],[2.323472,48.866371]]]}},{"type":"Feature","properties":{"code":"751041601","name":"Notre-Dame 1","arrondissement":"Paris 4e Arrondissement","green_per_cap":null,"income":38100.0,"population":2613.3924528305},"geometry":{"type":"Polygon","coordinates":[[[2.353174,48.853444],[2.35329,48.853612],[2.354003,48.853408],[2.357964,48.852159],[2.359478,48.851594],[2.359813,48.851386],[2.36008,48.851074],[2.36005,48.850416],[2.35897,48.850084],[2.35654,48.850903],[2.355631,48.851252],[2.354168,48.851622],[2.353383,48.852498],[2.353343,48.852874],[2.353174,48.853444]]]}},{"type":"Feature","properties":{"code":"751072802","name":"Gros Caillou 2","arrondissement":"Paris 7e Arrondissement","green_per_cap":0.761,"income":42420.0,"population":1589.38293634445},"geometry":{"type":"Polygon","coordinates":[[[2.307641,48.855695],[2.30709,48.856735],[2.306503,48.856591],[2.305939,48.857687],[2.306845,48.857882],[2.310034,48.858055],[2.30996,48.857279],[2.307641,48.855695]]]}},{"type":"Feature","properties":{"code":"751124514","name":"Bel-Air 14","arrondissement":"Paris 12e Arrondissement","green_per_cap":2.852,"income":35940.0,"population":1910.92107779347},"geometry":{"type":"Polygon","coordinates":[[[2.399121,48.848098],[2.403458,48.847708],[2.403151,48.845764],[2.40251,48.845052],[2.402257,48.845014],[2.402301,48.845175],[2.399094,48.847366],[2.399023,48.847516],[2.399121,48.848098]]]}},{"type":"Feature","properties":{"code":"751134906","name":"Salpêtrière 6","arrondissement":"Paris 13e Arrondissement","green_per_cap":0.293,"income":34540.0,"population":2392.31638976643},"geometry":{"type":"Polygon","coordinates":[[[2.353043,48.837169],[2.357052,48.838447],[2.357266,48.837987],[2.35775,48.837236],[2.355104,48.836218],[2.354863,48.836305],[2.354669,48.835926],[2.354155,48.83555],[2.353254,48.836233],[2.353578,48.836431],[2.353043,48.837169]]]}},{"type":"Feature","properties":{"code":"751145602","name":"Plaisance 2","arrondissement":"Paris 14e Arrondissement","green_per_cap":null,"income":18830.0,"population":1449.99322048634},"geometry":{"type":"Polygon","coordinates":[[[2.308861,48.826917],[2.312637,48.826087],[2.31119,48.825107],[2.309734,48.825557],[2.308284,48.825772],[2.30857,48.826374],[2.308519,48.826439],[2.308861,48.826917]]]}},{"type":"Feature","properties":{"code":"751166311","name":"Porte Dauphine 11","arrondissement":"Paris 16e Arrondissement","green_per_cap":0.935,"income":44870.0,"population":1606.95707293947},"geometry":{"type":"Polygon","coordinates":[[[2.283494,48.876815],[2.284527,48.872892],[2.284132,48.873034],[2.283746,48.873091],[2.282065,48.873895],[2.281756,48.873696],[2.279517,48.875214],[2.280705,48.875713],[2.281704,48.876032],[2.282094,48.876194],[2.282354,48.876359],[2.282627,48.87664],[2.283194,48.877032],[2.283281,48.87716],[2.283494,48.876815]]]}},{"type":"Feature","properties":{"code":"751197510","name":"Amérique 10","arrondissement":"Paris 19e Arrondissement","green_per_cap":0.924,"income":24400.0,"population":2431.46010049087},"geometry":{"type":"Polygon","coordinates":[[[2.392425,48.879169],[2.392926,48.879276],[2.394688,48.879542],[2.395569,48.879554],[2.395468,48.880338],[2.396754,48.880404],[2.3964,48.879287],[2.395678,48.878251],[2.395432,48.877628],[2.395198,48.877573],[2.393789,48.877493],[2.393743,48.8776],[2.392623,48.878783],[2.392425,48.879169]]]}},{"type":"Feature","properties":{"code":"751197522","name":"Amérique 22","arrondissement":"Paris 19e Arrondissement","green_per_cap":4.558,"income":26260.0,"population":3466.50343638384},"geometry":{"type":"Polygon","coordinates":[[[2.386337,48.887006],[2.389294,48.887785],[2.389993,48.886588],[2.38999,48.88641],[2.389806,48.886089],[2.389994,48.885477],[2.390226,48.884299],[2.390443,48.884015],[2.388838,48.883395],[2.38841,48.883286],[2.387906,48.883224],[2.386337,48.887006]]]}},{"type":"Feature","properties":{"code":"751207911","name":"Père Lachaise 11","arrondissement":"Paris 20e Arrondissement","green_per_cap":null,"income":23750.0,"population":2461.11705082124},"geometry":{"type":"Polygon","coordinates":[[[2.391431,48.869111],[2.392581,48.86933],[2.393175,48.869548],[2.393996,48.868856],[2.394527,48.868469],[2.393211,48.868016],[2.392478,48.867865],[2.392959,48.866688],[2.390665,48.867831],[2.389648,48.868663],[2.391431,48.869111]]]}},{"type":"Feature","properties":{"code":"751082999","name":"Seine et Berges","arrondissement":"Paris 8e Arrondissement","green_per_cap":null,"income":null,"population":0.0},"geometry":{"type":"Polygon","coordinates":[[[2.318678,48.863723],[2.301737,48.863496],[2.301662,48.864195],[2.302239,48.864284],[2.302291,48.864158],[2.317238,48.864472],[2.318305,48.864511],[2.318659,48.864559],[2.321404,48.863665],[2.320933,48.863019],[2.318678,48.863723]]]}},{"type":"Feature","properties":{"code":"751155733","name":"Saint-Lambert 33","arrondissement":"Paris 15e Arrondissement","green_per_cap":null,"income":null,"population":0.0},"geometry":{"type":"Polygon","coordinates":[[[2.305555,48.835161],[2.306624,48.836447],[2.306695,48.836382],[2.306645,48.836289],[2.307765,48.835181],[2.307443,48.834733],[2.306375,48.835028],[2.305555,48.835161]]]}},{"type":"Feature","properties":{"code":"751051802","name":"Jardin des Plantes 2","arrondissement":"Paris 5e Arrondissement","green_per_cap":1.571,"income":35070.0,"population":2472.24789450346},"geometry":{"type":"Polygon","coordinates":[[[2.357052,48.838447],[2.351871,48.836805],[2.350696,48.838474],[2.353,48.838888],[2.353963,48.839023],[2.356601,48.839705],[2.357052,48.838447]]]}},{"type":"Feature","properties":{"code":"751103804","name":"Porte Saint-Denis 4","arrondissement":"Paris 10e Arrondissement","green_per_cap":0.0,"income":32850.0,"population":2882.56860761024},"geometry":{"type":"Polygon","coordinates":[[[2.347884,48.872474],[2.347901,48.874019],[2.350506,48.873818],[2.351563,48.873689],[2.352029,48.873587],[2.354108,48.872885],[2.354396,48.872819],[2.353638,48.871578],[2.347884,48.872474]]]}},{"type":"Feature","properties":{"code":"751114115","name":"Folie Méricourt 15","arrondissement":"Paris 11e Arrondissement","green_per_cap":0.104,"income":32260.0,"population":2069.92630720591},"geometry":{"type":"Polygon","coordinates":[[[2.367836,48.868904],[2.369358,48.869485],[2.371544,48.870163],[2.372659,48.868897],[2.37205,48.868623],[2.372444,48.868092],[2.371692,48.868237],[2.368234,48.868658],[2.368122,48.868693],[2.367836,48.868904]]]}},{"type":"Feature","properties":{"code":"751114304","name":"Roquette 4","arrondissement":"Paris 11e Arrondissement","green_per_cap":0.044,"income":29460.0,"population":1812.44294898752},"geometry":{"type":"Polygon","coordinates":[[[2.38562,48.856611],[2.383633,48.858523],[2.385935,48.859124],[2.386919,48.857525],[2.38726,48.857027],[2.38562,48.856611]]]}},{"type":"Feature","properties":{"code":"751124611","name":"Picpus 11","arrondissement":"Paris 12e Arrondissement","green_per_cap":0.0,"income":33860.0,"population":1896.13413764477},"geometry":{"type":"Polygon","coordinates":[[[2.393176,48.836627],[2.391823,48.836973],[2.39129,48.837223],[2.389566,48.838657],[2.389234,48.838985],[2.394598,48.839432],[2.391513,48.837501],[2.393472,48.836936],[2.393176,48.836627]]]}},{"type":"Feature","properties":{"code":"751145502","name":"Petit Montrouge 2","arrondissement":"Paris 14e Arrondissement","green_per_cap":0.844,"income":25650.0,"population":2554.80844706702},"geometry":{"type":"Polygon","coordinates":[[[2.32552,48.823154],[2.325917,48.82469],[2.328292,48.824468],[2.330971,48.823962],[2.330366,48.822175],[2.327432,48.822825],[2.326678,48.822898],[2.32552,48.823154]]]}},{"type":"Feature","properties":{"code":"751145510","name":"Petit Montrouge 10","arrondissement":"Paris 14e Arrondissement","green_per_cap":0.105,"income":36210.0,"population":1820.897152126},"geometry":{"type":"Polygon","coordinates":[[[2.332561,48.827815],[2.330344,48.827824],[2.329834,48.829657],[2.333861,48.829798],[2.333273,48.828965],[2.332561,48.827815]]]}},{"type":"Feature","properties":{"code":"751155802","name":"Necker 2","arrondissement":"Paris 15e Arrondissement","green_per_cap":0.314,"income":21520.0,"population":3131.127173868},"geometry":{"type":"Polygon","coordinates":[[[2.307817,48.837694],[2.309542,48.839478],[2.310602,48.838944],[2.311524,48.838534],[2.310231,48.836377],[2.310091,48.836351],[2.308083,48.837495],[2.307817,48.837694]]]}},{"type":"Feature","properties":{"code":"751166127","name":"Auteuil 27","arrondissement":"Paris 16e Arrondissement","green_per_cap":1.73,"income":36610.0,"population":3231.44642396875},"geometry":{"type":"Polygon","coordinates":[[[2.275837,48.852886],[2.27594,48.852738],[2.276071,48.852617],[2.278329,48.851416],[2.275974,48.851224],[2.275269,48.851191],[2.27162,48.849698],[2.271323,48.8495],[2.270191,48.8485],[2.268622,48.84967],[2.272288,48.851107],[2.274133,48.851933],[2.275837,48.852886]]]}},{"type":"Feature","properties":{"code":"751176714","name":"Batignolles 14","arrondissement":"Paris 17e Arrondissement","green_per_cap":26.113,"income":21650.0,"population":8457.51667716243},"geometry":{"type":"Polygon","coordinates":[[[2.300588,48.892629],[2.307687,48.89601],[2.309534,48.896703],[2.31,48.896278],[2.31019,48.896237],[2.31045,48.896099],[2.310585,48.896084],[2.310653,48.896],[2.31297,48.894663],[2.313332,48.894496],[2.313698,48.894381],[2.311656,48.893605],[2.311761,48.893563],[2.311995,48.893634],[2.312147,48.893431],[2.312086,48.893336],[2.31248,48.892803],[2.31262,48.892686],[2.312699,48.892676],[2.313007,48.89246],[2.31314,48.892464],[2.313628,48.892219],[2.314056,48.892065],[2.315411,48.891257],[2.317261,48.890314],[2.314974,48.887921],[2.314268,48.887428],[2.314087,48.887352],[2.31256,48.887701],[2.311788,48.887802],[2.311196,48.887834],[2.310217,48.888328],[2.304607,48.890213],[2.303841,48.889857],[2.303697,48.890079],[2.303666,48.890234],[2.302601,48.891028],[2.300588,48.892629]]]}},{"type":"Feature","properties":{"code":"751186914","name":"Grandes Carrières 14","arrondissement":"Paris 18e Arrondissement","green_per_cap":4.078,"income":32360.0,"population":1954.60118352548},"geometry":{"type":"Polygon","coordinates":[[[2.330264,48.892499],[2.333503,48.89184],[2.334954,48.891681],[2.334305,48.890557],[2.331417,48.89096],[2.331077,48.890817],[2.331007,48.890996],[2.32943,48.891139],[2.330264,48.892499]]]}},{"type":"Feature","properties":{"code":"751197311","name":"Villette 11","arrondissement":"Paris 19e Arrondissement","green_per_cap":0.475,"income":25190.0,"population":2671.19006872525},"geometry":{"type":"Polygon","coordinates":[[[2.3769,48.890563],[2.378553,48.889109],[2.378655,48.889111],[2.378968,48.888835],[2.378919,48.888801],[2.378879,48.888836],[2.377256,48.888046],[2.375966,48.888275],[2.374101,48.888373],[2.3769,48.890563]]]}},{"type":"Feature","properties":{"code":"751197615","name":"Combat 15","arrondissement":"Paris 19e Arrondissement","green_per_cap":0.925,"income":29800.0,"population":2576.22385072394},"geometry":{"type":"Polygon","coordinates":[[[2.38165,48.885724],[2.382261,48.885871],[2.383278,48.884986],[2.382691,48.884897],[2.381263,48.88478],[2.382452,48.882831],[2.384234,48.884162],[2.385564,48.88299],[2.384529,48.882884],[2.383647,48.882744],[2.382449,48.882458],[2.381945,48.882237],[2.379668,48.884881],[2.38154,48.885604],[2.381648,48.885671],[2.38165,48.885724]]]}},{"type":"Feature","properties":{"code":"751207807","name":"Saint-Fargeau 7","arrondissement":"Paris 20e Arrondissement","green_per_cap":0.183,"income":31220.0,"population":2672.21710249792},"geometry":{"type":"Polygon","coordinates":[[[2.40542,48.869225],[2.404248,48.868579],[2.40345,48.868021],[2.403579,48.867808],[2.402262,48.867244],[2.401428,48.868312],[2.404345,48.871683],[2.40542,48.869225]]]}},{"type":"Feature","properties":{"code":"751052005","name":"Sorbonne 5","arrondissement":"Paris 5e Arrondissement","green_per_cap":3.008,"income":null,"population":453.781339206148},"geometry":{"type":"Polygon","coordinates":[[[2.343654,48.849927],[2.346648,48.849122],[2.346271,48.848577],[2.346566,48.848361],[2.347071,48.848098],[2.346394,48.846694],[2.345522,48.846896],[2.344891,48.847128],[2.343508,48.847392],[2.342439,48.847813],[2.343654,48.849927]]]}},{"type":"Feature","properties":{"code":"751041404","name":"Saint-Gervais 4","arrondissement":"Paris 4e Arrondissement","green_per_cap":0.617,"income":31790.0,"population":1759.06172566899},"geometry":{"type":"Polygon","coordinates":[[[2.361768,48.857244],[2.364314,48.856458],[2.362934,48.854574],[2.361676,48.855064],[2.36009,48.855457],[2.360597,48.856208],[2.360855,48.856454],[2.361394,48.856733],[2.361768,48.857244]]]}},{"type":"Feature","properties":{"code":"751051907","name":"Val de Grâce 7","arrondissement":"Paris 5e Arrondissement","green_per_cap":0.305,"income":38570.0,"population":2356.82146241371},"geometry":{"type":"Polygon","coordinates":[[[2.346,48.840304],[2.343601,48.841232],[2.344621,48.843104],[2.345329,48.844534],[2.344577,48.845338],[2.344544,48.845486],[2.345036,48.845232],[2.345585,48.845054],[2.348073,48.844416],[2.348196,48.842849],[2.348245,48.841665],[2.3482,48.841523],[2.346,48.840304]]]}},{"type":"Feature","properties":{"code":"751062310","name":"Notre-Dame des Champs 10","arrondissement":"Paris 6e Arrondissement","green_per_cap":0.066,"income":41930.0,"population":2133.54009403318},"geometry":{"type":"Polygon","coordinates":[[[2.326867,48.851395],[2.326814,48.851581],[2.328657,48.851868],[2.330194,48.852159],[2.331884,48.852403],[2.327918,48.848096],[2.326969,48.851315],[2.326867,48.851395]]]}},{"type":"Feature","properties":{"code":"751072506","name":"Saint-Thomas d'Aquin 6","arrondissement":"Paris 7e Arrondissement","green_per_cap":0.041,"income":42690.0,"population":2231.18766103676},"geometry":{"type":"Polygon","coordinates":[[[2.332452,48.858531],[2.33327,48.858291],[2.331348,48.8559],[2.330733,48.855056],[2.330464,48.854473],[2.327643,48.855288],[2.325861,48.856047],[2.327439,48.856954],[2.32929,48.859554],[2.332452,48.858531]]]}},{"type":"Feature","properties":{"code":"751114103","name":"Folie Méricourt 3","arrondissement":"Paris 11e Arrondissement","green_per_cap":null,"income":30390.0,"population":1887.37806839228},"geometry":{"type":"Polygon","coordinates":[[[2.373504,48.866684],[2.375904,48.867296],[2.377337,48.865649],[2.375414,48.865186],[2.375341,48.865112],[2.374557,48.865256],[2.373504,48.866684]]]}},{"type":"Feature","properties":{"code":"751145614","name":"Plaisance 14","arrondissement":"Paris 14e Arrondissement","green_per_cap":0.92,"income":29280.0,"population":1947.55745378333},"geometry":{"type":"Polygon","coordinates":[[[2.315955,48.834264],[2.316841,48.834752],[2.320548,48.832448],[2.320033,48.831632],[2.31859,48.832277],[2.317073,48.833384],[2.31716,48.833432],[2.315955,48.834264]]]}},{"type":"Feature","properties":{"code":"751156006","name":"Javel 6","arrondissement":"Paris 15e Arrondissement","green_per_cap":4.488,"income":31730.0,"population":1717.645527626},"geometry":{"type":"Polygon","coordinates":[[[2.283112,48.8397],[2.283657,48.840111],[2.284194,48.840644],[2.285539,48.842154],[2.287909,48.841099],[2.282149,48.838774],[2.282225,48.83897],[2.283112,48.8397]]]}},{"type":"Feature","properties":{"code":"751186908","name":"Grandes Carrières 8","arrondissement":"Paris 18e Arrondissement","green_per_cap":null,"income":33120.0,"population":1991.93125428886},"geometry":{"type":"Polygon","coordinates":[[[2.334771,48.885833],[2.332602,48.886632],[2.332503,48.88687],[2.332734,48.887942],[2.333902,48.88712],[2.335611,48.886586],[2.336804,48.886014],[2.337984,48.885702],[2.337457,48.88488],[2.33613,48.885423],[2.334771,48.885833]]]}},{"type":"Feature","properties":{"code":"751208024","name":"Charonne 24","arrondissement":"Paris 20e Arrondissement","green_per_cap":1.118,"income":27090.0,"population":2993.41522270846},"geometry":{"type":"Polygon","coordinates":[[[2.400805,48.855972],[2.399342,48.857564],[2.399482,48.857675],[2.402144,48.859148],[2.403921,48.85762],[2.402229,48.85656],[2.401306,48.855929],[2.401073,48.856009],[2.400805,48.855972]]]}},{"type":"Feature","properties":{"code":"751010201","name":"Les Halles 1","arrondissement":"Paris 1er Arrondissement","green_per_cap":0.248,"income":31290.0,"population":2201.22374192501},"geometry":{"type":"Polygon","coordinates":[[[2.349018,48.863859],[2.350955,48.863402],[2.348223,48.858517],[2.34744,48.858766],[2.347445,48.858935],[2.347359,48.859063],[2.346883,48.859611],[2.346828,48.859595],[2.346438,48.860039],[2.346621,48.860546],[2.346717,48.860581],[2.347409,48.860495],[2.347662,48.861008],[2.347748,48.860987],[2.349082,48.863715],[2.349018,48.863859]]]}},{"type":"Feature","properties":{"code":"751051703","name":"Saint-Victor 3","arrondissement":"Paris 5e Arrondissement","green_per_cap":2.104,"income":34440.0,"population":2396.0629566555},"geometry":{"type":"Polygon","coordinates":[[[2.351629,48.846605],[2.352398,48.844466],[2.352304,48.843784],[2.34957,48.844414],[2.349246,48.844519],[2.349106,48.845334],[2.349089,48.846163],[2.348981,48.846617],[2.348854,48.847003],[2.348642,48.847173],[2.348616,48.847358],[2.348515,48.847509],[2.34852,48.848625],[2.350468,48.848123],[2.351629,48.846605]]]}},{"type":"Feature","properties":{"code":"751104009","name":"Hôpital Saint-Louis 9","arrondissement":"Paris 10e Arrondissement","green_per_cap":0.023,"income":30680.0,"population":2215.47958286644},"geometry":{"type":"Polygon","coordinates":[[[2.36541,48.877687],[2.364449,48.878445],[2.362897,48.879236],[2.365146,48.881098],[2.367089,48.880025],[2.36703,48.879595],[2.36541,48.877687]]]}},{"type":"Feature","properties":{"code":"751124805","name":"Quinze-Vingts 5","arrondissement":"Paris 12e Arrondissement","green_per_cap":9.365,"income":33450.0,"population":1761.99718842516},"geometry":{"type":"Polygon","coordinates":[[[2.368972,48.852845],[2.369124,48.853166],[2.370255,48.853271],[2.370908,48.852602],[2.373181,48.85057],[2.371987,48.848917],[2.373985,48.847958],[2.373826,48.847808],[2.373864,48.846929],[2.372019,48.846665],[2.369756,48.85175],[2.369525,48.852126],[2.369371,48.852243],[2.369094,48.852823],[2.368972,48.852845]]]}},{"type":"Feature","properties":{"code":"751145305","name":"Montparnasse 5","arrondissement":"Paris 14e Arrondissement","green_per_cap":93.463,"income":38590.0,"population":2099.82036237891},"geometry":{"type":"Polygon","coordinates":[[[2.322609,48.838558],[2.324845,48.841224],[2.330062,48.83947],[2.330525,48.839382],[2.330591,48.839334],[2.332128,48.835127],[2.332355,48.834711],[2.332628,48.834487],[2.33224,48.834447],[2.331952,48.834474],[2.327631,48.836021],[2.323258,48.83749],[2.322925,48.83752],[2.322807,48.837978],[2.322673,48.838175],[2.322609,48.838558]]]}},{"type":"Feature","properties":{"code":"751156007","name":"Javel 7","arrondissement":"Paris 15e Arrondissement","green_per_cap":3.96,"income":27160.0,"population":2799.02361805334},"geometry":{"type":"Polygon","coordinates":[[[2.281303,48.838295],[2.278983,48.837058],[2.278638,48.83691],[2.278636,48.83686],[2.277256,48.837159],[2.279853,48.840094],[2.280719,48.839791],[2.282021,48.840455],[2.283112,48.8397],[2.282225,48.83897],[2.282149,48.838774],[2.281303,48.838295]]]}},{"type":"Feature","properties":{"code":"751197309","name":"Villette 9","arrondissement":"Paris 19e Arrondissement","green_per_cap":0.0,"income":22210.0,"population":2884.57931422936},"geometry":{"type":"Polygon","coordinates":[[[2.368128,48.889701],[2.369541,48.892906],[2.372555,48.892067],[2.372247,48.89133],[2.371266,48.889254],[2.368128,48.889701]]]}},{"type":"Feature","properties":{"code":"751051806","name":"Jardin des Plantes 6","arrondissement":"Paris 5e Arrondissement","green_per_cap":0.366,"income":31620.0,"population":2072.37221503708},"geometry":{"type":"Polygon","coordinates":[[[2.35188,48.840848],[2.352068,48.842184],[2.353637,48.842248],[2.353584,48.842381],[2.354488,48.84241],[2.354699,48.841413],[2.35583,48.841581],[2.35596,48.841183],[2.353382,48.840523],[2.353244,48.840526],[2.35188,48.840848]]]}},{"type":"Feature","properties":{"code":"751114303","name":"Roquette 3","arrondissement":"Paris 11e Arrondissement","green_per_cap":null,"income":21370.0,"population":1456.37659141481},"geometry":{"type":"Polygon","coordinates":[[[2.388879,48.859817],[2.389546,48.85848],[2.389279,48.858388],[2.387571,48.858039],[2.387725,48.85774],[2.386919,48.857525],[2.385935,48.859124],[2.388695,48.859818],[2.388879,48.859817]]]}},{"type":"Feature","properties":{"code":"751114402","name":"Sainte-Marguerite 2","arrondissement":"Paris 11e Arrondissement","green_per_cap":12.168,"income":34800.0,"population":2309.21732437307},"geometry":{"type":"Polygon","coordinates":[[[2.397516,48.848235],[2.395958,48.848378],[2.391973,48.848969],[2.390578,48.850472],[2.392516,48.850403],[2.394489,48.850685],[2.395331,48.849351],[2.395713,48.849414],[2.396142,48.849422],[2.396612,48.849315],[2.396912,48.849204],[2.397219,48.849],[2.397463,48.848687],[2.397525,48.848515],[2.397516,48.848235]]]}},{"type":"Feature","properties":{"code":"751135203","name":"Croulebarbe 3","arrondissement":"Paris 13e Arrondissement","green_per_cap":11.668,"income":36960.0,"population":2901.38721823617},"geometry":{"type":"Polygon","coordinates":[[[2.347192,48.830287],[2.345948,48.830649],[2.346863,48.832554],[2.347008,48.832616],[2.346858,48.832939],[2.347071,48.833012],[2.348314,48.835662],[2.349719,48.836108],[2.349839,48.835782],[2.350437,48.835182],[2.350903,48.834873],[2.351191,48.834627],[2.35156,48.834157],[2.351676,48.833738],[2.351414,48.833133],[2.351316,48.833069],[2.35135,48.832995],[2.350843,48.832587],[2.349907,48.832079],[2.348164,48.830982],[2.347192,48.830287]]]}},{"type":"Feature","properties":{"code":"751145304","name":"Montparnasse 4","arrondissement":"Paris 14e Arrondissement","green_per_cap":null,"income":31900.0,"population":1507.43942063601},"geometry":{"type":"Polygon","coordinates":[[[2.323473,48.83618],[2.322925,48.83752],[2.323258,48.83749],[2.327631,48.836021],[2.326855,48.834975],[2.324185,48.83598],[2.323473,48.83618]]]}},{"type":"Feature","properties":{"code":"751145604","name":"Plaisance 4","arrondissement":"Paris 14e Arrondissement","green_per_cap":5.281,"income":19390.0,"population":2054.40718022097},"geometry":{"type":"Polygon","coordinates":[[[2.304588,48.827858],[2.306932,48.829823],[2.307135,48.830178],[2.310668,48.833057],[2.311519,48.832751],[2.311015,48.83242],[2.309278,48.831433],[2.310884,48.83029],[2.307636,48.828781],[2.305698,48.827851],[2.305515,48.827754],[2.305455,48.827676],[2.304588,48.827858]]]}},{"type":"Feature","properties":{"code":"751166105","name":"Auteuil 5","arrondissement":"Paris 16e Arrondissement","green_per_cap":3.181,"income":35330.0,"population":2263.66856865209},"geometry":{"type":"Polygon","coordinates":[[[2.258998,48.841704],[2.261452,48.84109],[2.261351,48.840904],[2.261682,48.840808],[2.26112,48.839939],[2.261667,48.839757],[2.261368,48.839328],[2.261458,48.839191],[2.257573,48.838006],[2.257281,48.838299],[2.258124,48.840266],[2.258561,48.841051],[2.258998,48.841704]]]}},{"type":"Feature","properties":{"code":"751176514","name":"Ternes 14","arrondissement":"Paris 17e Arrondissement","green_per_cap":3.725,"income":42990.0,"population":2078.60819260188},"geometry":{"type":"Polygon","coordinates":[[[2.287487,48.883073],[2.288666,48.883805],[2.288697,48.883878],[2.289226,48.884223],[2.291972,48.881934],[2.289957,48.880846],[2.287487,48.883073]]]}},{"type":"Feature","properties":{"code":"751187019","name":"Clignancourt 19","arrondissement":"Paris 18e Arrondissement","green_per_cap":0.209,"income":24590.0,"population":2874.61406885763},"geometry":{"type":"Polygon","coordinates":[[[2.349576,48.895465],[2.35291,48.895112],[2.352771,48.894946],[2.351029,48.893619],[2.349782,48.891832],[2.349552,48.891705],[2.349598,48.891565],[2.34873,48.89172],[2.348832,48.892215],[2.349099,48.89229],[2.348747,48.892707],[2.348959,48.892802],[2.349576,48.895465]]]}},{"type":"Feature","properties":{"code":"751207702","name":"Belleville 2","arrondissement":"Paris 20e Arrondissement","green_per_cap":1.253,"income":28950.0,"population":2521.23032741617},"geometry":{"type":"Polygon","coordinates":[[[2.394438,48.870008],[2.392581,48.86933],[2.391431,48.869111],[2.390773,48.869908],[2.391094,48.8709],[2.391383,48.871353],[2.391426,48.871582],[2.391326,48.871728],[2.391124,48.871881],[2.390518,48.872173],[2.389805,48.872702],[2.389479,48.872858],[2.388088,48.8738],[2.389525,48.873725],[2.390075,48.873376],[2.392278,48.871653],[2.394438,48.870008]]]}},{"type":"Feature","properties":{"code":"751208026","name":"Charonne 26","arrondissement":"Paris 20e Arrondissement","green_per_cap":0.0,"income":31070.0,"population":1895.31746251889},"geometry":{"type":"Polygon","coordinates":[[[2.396013,48.854331],[2.394345,48.85652],[2.395391,48.856717],[2.396251,48.856751],[2.397129,48.856839],[2.397879,48.855724],[2.398056,48.855523],[2.39867,48.855086],[2.396013,48.854331]]]}},{"type":"Feature","properties":{"code":"751103905","name":"Porte Saint-Martin 5","arrondissement":"Paris 10e Arrondissement","green_per_cap":null,"income":31100.0,"population":1819.71555958211},"geometry":{"type":"Polygon","coordinates":[[[2.359087,48.868435],[2.355743,48.868978],[2.355827,48.869158],[2.355719,48.869267],[2.357203,48.871759],[2.358773,48.870913],[2.357696,48.869218],[2.358422,48.869046],[2.359232,48.868795],[2.359087,48.868435]]]}},{"type":"Feature","properties":{"code":"751114403","name":"Sainte-Marguerite 3","arrondissement":"Paris 11e Arrondissement","green_per_cap":null,"income":31500.0,"population":2194.20211923467},"geometry":{"type":"Polygon","coordinates":[[[2.391973,48.848969],[2.384708,48.850084],[2.384449,48.850473],[2.386555,48.850455],[2.390578,48.850472],[2.391973,48.848969]]]}},{"type":"Feature","properties":{"code":"751145606","name":"Plaisance 6","arrondissement":"Paris 14e Arrondissement","green_per_cap":5.461,"income":28850.0,"population":2842.73013997949},"geometry":{"type":"Polygon","coordinates":[[[2.315197,48.827799],[2.31698,48.826739],[2.319585,48.826177],[2.319016,48.825574],[2.318387,48.824811],[2.312637,48.826087],[2.315197,48.827799]]]}},{"type":"Feature","properties":{"code":"751145611","name":"Plaisance 11","arrondissement":"Paris 14e Arrondissement","green_per_cap":0.947,"income":20670.0,"population":1495.92381233941},"geometry":{"type":"Polygon","coordinates":[[[2.319203,48.830491],[2.317301,48.829221],[2.316139,48.829803],[2.317164,48.831149],[2.319301,48.830512],[2.319203,48.830491]]]}},{"type":"Feature","properties":{"code":"751155811","name":"Necker 11","arrondissement":"Paris 15e Arrondissement","green_per_cap":null,"income":38770.0,"population":1859.00688872418},"geometry":{"type":"Polygon","coordinates":[[[2.306008,48.846385],[2.302067,48.845379],[2.301574,48.847934],[2.306164,48.846578],[2.306008,48.846385]]]}},{"type":"Feature","properties":{"code":"751176803","name":"Épinettes 3","arrondissement":"Paris 17e Arrondissement","green_per_cap":null,"income":33910.0,"population":2737.55001398467},"geometry":{"type":"Polygon","coordinates":[[[2.325209,48.891029],[2.322749,48.889126],[2.321245,48.889988],[2.32302,48.891723],[2.325209,48.891029]]]}},{"type":"Feature","properties":{"code":"751186921","name":"Grandes Carrières 21","arrondissement":"Paris 18e Arrondissement","green_per_cap":0.07,"income":25480.0,"population":2108.19113048465},"geometry":{"type":"Polygon","coordinates":[[[2.337599,48.895338],[2.336379,48.893641],[2.332612,48.894148],[2.33268,48.894221],[2.337599,48.895338]]]}},{"type":"Feature","properties":{"code":"751197511","name":"Amérique 11","arrondissement":"Paris 19e Arrondissement","green_per_cap":null,"income":22630.0,"population":2241.54071288124},"geometry":{"type":"Polygon","coordinates":[[[2.397933,48.878256],[2.395657,48.877712],[2.395432,48.877628],[2.395678,48.878251],[2.3964,48.879287],[2.396754,48.880404],[2.397111,48.880396],[2.397417,48.880346],[2.398222,48.880159],[2.398874,48.87992],[2.398971,48.879916],[2.399633,48.879647],[2.398872,48.879365],[2.39806,48.878957],[2.397933,48.878256]]]}},{"type":"Feature","properties":{"code":"751093406","name":"Chaussée d'Antin 6","arrondissement":"Paris 9e Arrondissement","green_per_cap":0.0,"income":null,"population":103.249864972241},"geometry":{"type":"Polygon","coordinates":[[[2.337436,48.872383],[2.335453,48.872649],[2.33537,48.872845],[2.335266,48.874243],[2.337045,48.874184],[2.337181,48.874128],[2.337434,48.874187],[2.338079,48.874149],[2.337436,48.872383]]]}},{"type":"Feature","properties":{"code":"751020802","name":"Bonne Nouvelle 2","arrondissement":"Paris 2e Arrondissement","green_per_cap":0.057,"income":33530.0,"population":1933.24116474531},"geometry":{"type":"Polygon","coordinates":[[[2.349018,48.863859],[2.346683,48.864422],[2.346992,48.865528],[2.34716,48.866353],[2.348993,48.865975],[2.348378,48.864694],[2.350148,48.864304],[2.350116,48.864113],[2.349018,48.863859]]]}},{"type":"Feature","properties":{"code":"751093306","name":"Saint-Georges 6","arrondissement":"Paris 9e Arrondissement","green_per_cap":3.755,"income":38810.0,"population":2399.70671624717},"geometry":{"type":"Polygon","coordinates":[[[2.327423,48.883508],[2.328121,48.883707],[2.329541,48.88459],[2.332303,48.883868],[2.332255,48.883714],[2.332404,48.883617],[2.331698,48.881856],[2.331628,48.881507],[2.328863,48.882178],[2.328263,48.881744],[2.327548,48.883366],[2.327423,48.883508]]]}},{"type":"Feature","properties":{"code":"751114111","name":"Folie Méricourt 11","arrondissement":"Paris 11e Arrondissement","green_per_cap":0.21,"income":19340.0,"population":1763.00723954022},"geometry":{"type":"Polygon","coordinates":[[[2.375887,48.871676],[2.376905,48.872048],[2.37829,48.870775],[2.379196,48.870063],[2.377485,48.869227],[2.376766,48.870333],[2.37652,48.870266],[2.376719,48.871133],[2.375887,48.871676]]]}},{"type":"Feature","properties":{"code":"751145402","name":"Parc de Montsouris 2","arrondissement":"Paris 14e Arrondissement","green_per_cap":43.069,"income":37270.0,"population":3601.92227208469},"geometry":{"type":"Polygon","coordinates":[[[2.341542,48.824621],[2.341489,48.823583],[2.34173,48.822688],[2.342047,48.822109],[2.342506,48.821449],[2.34381,48.820425],[2.344592,48.819564],[2.344587,48.819399],[2.34141,48.819774],[2.340707,48.819887],[2.330366,48.822175],[2.330971,48.823962],[2.331964,48.823766],[2.33971,48.824624],[2.339866,48.824589],[2.341542,48.824621]]]}},{"type":"Feature","properties":{"code":"751166104","name":"Auteuil 4","arrondissement":"Paris 16e Arrondissement","green_per_cap":1.908,"income":21470.0,"population":2085.62874749193},"geometry":{"type":"Polygon","coordinates":[[[2.257573,48.838006],[2.257596,48.837787],[2.257539,48.837679],[2.258104,48.837476],[2.258518,48.837346],[2.260165,48.837099],[2.261286,48.835671],[2.259242,48.836464],[2.258991,48.836227],[2.258872,48.836201],[2.257003,48.836295],[2.256858,48.836361],[2.256496,48.83661],[2.25663,48.837059],[2.256597,48.837137],[2.256811,48.837508],[2.256526,48.837677],[2.256437,48.837792],[2.256369,48.838031],[2.256436,48.838226],[2.256675,48.83835],[2.256987,48.838392],[2.257281,48.838299],[2.257573,48.838006]]]}},{"type":"Feature","properties":{"code":"751166119","name":"Auteuil 19","arrondissement":"Paris 16e Arrondissement","green_per_cap":null,"income":45310.0,"population":1967.61297031297},"geometry":{"type":"Polygon","coordinates":[[[2.267258,48.850803],[2.267199,48.85069],[2.268622,48.84967],[2.267888,48.849621],[2.266572,48.849061],[2.266244,48.848983],[2.266035,48.848844],[2.264929,48.848353],[2.264715,48.848915],[2.264775,48.849063],[2.264193,48.849786],[2.264708,48.849914],[2.267085,48.850828],[2.267258,48.850803]]]}},{"type":"Feature","properties":{"code":"751197301","name":"Villette 1","arrondissement":"Paris 19e Arrondissement","green_per_cap":0.134,"income":23440.0,"population":5037.82820410426},"geometry":{"type":"Polygon","coordinates":[[[2.37029,48.877991],[2.37022,48.881963],[2.370168,48.882684],[2.370084,48.882787],[2.370276,48.8828],[2.371469,48.883101],[2.371519,48.883026],[2.371791,48.882986],[2.375666,48.882794],[2.37421,48.88203],[2.373221,48.881218],[2.372999,48.880965],[2.372678,48.880441],[2.370679,48.878319],[2.37029,48.877991]]]}},{"type":"Feature","properties":{"code":"751207909","name":"Père Lachaise 9","arrondissement":"Paris 20e Arrondissement","green_per_cap":3.033,"income":30960.0,"population":1878.11012257635},"geometry":{"type":"Polygon","coordinates":[[[2.388261,48.863239],[2.389045,48.863858],[2.38922,48.863845],[2.389736,48.863906],[2.391452,48.864442],[2.391186,48.865128],[2.392353,48.865095],[2.393029,48.865575],[2.393558,48.865597],[2.39414,48.865715],[2.39432,48.86579],[2.395554,48.86495],[2.391093,48.863794],[2.388036,48.863058],[2.388105,48.863177],[2.388261,48.863239]]]}},{"type":"Feature","properties":{"code":"751093405","name":"Chaussée d'Antin 5","arrondissement":"Paris 9e Arrondissement","green_per_cap":0.0,"income":null,"population":343.733698743423},"geometry":{"type":"Polygon","coordinates":[[[2.335453,48.872649],[2.331142,48.873227],[2.331318,48.874239],[2.332704,48.874287],[2.335266,48.874243],[2.33537,48.872845],[2.335453,48.872649]]]}},{"type":"Feature","properties":{"code":"751020501","name":"Gaillon 1","arrondissement":"Paris 2e Arrondissement","green_per_cap":0.039,"income":null,"population":1018.10895212324},"geometry":{"type":"Polygon","coordinates":[[[2.335874,48.866979],[2.333661,48.867507],[2.332461,48.87029],[2.332659,48.870317],[2.33678,48.869544],[2.336693,48.868878],[2.335874,48.866979]]]}},{"type":"Feature","properties":{"code":"751093504","name":"Faubourg Montmartre 4","arrondissement":"Paris 9e Arrondissement","green_per_cap":0.273,"income":37910.0,"population":1827.19386949001},"geometry":{"type":"Polygon","coordinates":[[[2.343051,48.871485],[2.340041,48.871972],[2.337123,48.87149],[2.338079,48.874149],[2.34242,48.874035],[2.342886,48.873539],[2.343173,48.872676],[2.343195,48.872114],[2.343051,48.871485]]]}},{"type":"Feature","properties":{"code":"751051904","name":"Val de Grâce 4","arrondissement":"Paris 5e Arrondissement","green_per_cap":0.0,"income":46310.0,"population":1951.6585095099},"geometry":{"type":"Polygon","coordinates":[[[2.337756,48.841755],[2.338983,48.843924],[2.340374,48.843679],[2.341548,48.843351],[2.341364,48.842965],[2.341223,48.841402],[2.341132,48.841095],[2.340975,48.840846],[2.337756,48.841755]]]}},{"type":"Feature","properties":{"code":"751062304","name":"Notre-Dame des Champs 4","arrondissement":"Paris 6e Arrondissement","green_per_cap":null,"income":49500.0,"population":1502.51713754288},"geometry":{"type":"Polygon","coordinates":[[[2.328125,48.847397],[2.331664,48.848412],[2.331523,48.846023],[2.331395,48.845913],[2.331027,48.846289],[2.329993,48.84626],[2.328644,48.845591],[2.328125,48.847397]]]}},{"type":"Feature","properties":{"code":"751103702","name":"Saint-Vincent de Paul 2","arrondissement":"Paris 10e Arrondissement","green_per_cap":0.183,"income":27830.0,"population":1819.54113116228},"geometry":{"type":"Polygon","coordinates":[[[2.363356,48.882085],[2.364531,48.881486],[2.364722,48.881327],[2.365146,48.881098],[2.362897,48.879236],[2.362524,48.878986],[2.362323,48.87891],[2.36237,48.879223],[2.362271,48.880007],[2.362023,48.880612],[2.361775,48.881948],[2.361341,48.882066],[2.361727,48.882619],[2.361761,48.882751],[2.361652,48.883016],[2.363356,48.882085]]]}},{"type":"Feature","properties":{"code":"751124602","name":"Picpus 2","arrondissement":"Paris 12e Arrondissement","green_per_cap":21.832,"income":30830.0,"population":2605.06033650657},"geometry":{"type":"Polygon","coordinates":[[[2.399924,48.832601],[2.399217,48.833081],[2.398183,48.833909],[2.397716,48.834175],[2.398593,48.835019],[2.399628,48.83581],[2.401512,48.83393],[2.402176,48.833404],[2.399924,48.832601]]]}},{"type":"Feature","properties":{"code":"751187016","name":"Clignancourt 16","arrondissement":"Paris 18e Arrondissement","green_per_cap":0.025,"income":29070.0,"population":2487.48379945506},"geometry":{"type":"Polygon","coordinates":[[[2.348013,48.888387],[2.34873,48.89172],[2.349598,48.891565],[2.349571,48.887427],[2.34934,48.887423],[2.349238,48.887454],[2.348013,48.888387]]]}},{"type":"Feature","properties":{"code":"751208003","name":"Charonne 3","arrondissement":"Paris 20e Arrondissement","green_per_cap":6.711,"income":24830.0,"population":2907.00270371838},"geometry":{"type":"Polygon","coordinates":[[[2.406296,48.847455],[2.399121,48.848098],[2.399247,48.848866],[2.400791,48.848838],[2.400994,48.848879],[2.402744,48.848891],[2.402434,48.849651],[2.402266,48.849936],[2.403887,48.850081],[2.406402,48.850493],[2.406578,48.848823],[2.406296,48.847455]]]}},{"type":"Feature","properties":{"code":"751031102","name":"Les Archives 2","arrondissement":"Paris 3e Arrondissement","green_per_cap":1.277,"income":36350.0,"population":1777.12499654055},"geometry":{"type":"Polygon","coordinates":[[[2.367835,48.858568],[2.368491,48.855805],[2.368279,48.855785],[2.364941,48.856306],[2.364314,48.856458],[2.364427,48.856675],[2.364478,48.858156],[2.367376,48.857711],[2.367145,48.858438],[2.367247,48.858491],[2.367835,48.858568]]]}},{"type":"Feature","properties":{"code":"751031104","name":"Les Archives 4","arrondissement":"Paris 3e Arrondissement","green_per_cap":0.6,"income":39460.0,"population":2481.28485967554},"geometry":{"type":"Polygon","coordinates":[[[2.358186,48.861239],[2.359779,48.862606],[2.36129,48.861774],[2.364607,48.861329],[2.364478,48.858156],[2.362279,48.858898],[2.362214,48.858953],[2.36214,48.859208],[2.360775,48.859949],[2.358186,48.861239]]]}},{"type":"Feature","properties":{"code":"751041401","name":"Saint-Gervais 1","arrondissement":"Paris 4e Arrondissement","green_per_cap":3.651,"income":24750.0,"population":3167.88339715003},"geometry":{"type":"Polygon","coordinates":[[[2.353718,48.856952],[2.356614,48.856292],[2.357985,48.855938],[2.36009,48.855457],[2.361676,48.855064],[2.362763,48.854639],[2.362494,48.854405],[2.361848,48.853601],[2.360668,48.852579],[2.360489,48.852355],[2.355748,48.854051],[2.353117,48.855097],[2.352603,48.855268],[2.353007,48.855567],[2.353718,48.856952]]]}},{"type":"Feature","properties":{"code":"751093604","name":"Rochechouart 4","arrondissement":"Paris 9e Arrondissement","green_per_cap":0.108,"income":37550.0,"population":1718.01336106615},"geometry":{"type":"Polygon","coordinates":[[[2.339447,48.876661],[2.339244,48.876766],[2.339842,48.878899],[2.34025,48.87994],[2.341229,48.879706],[2.340988,48.879234],[2.341326,48.878792],[2.340571,48.877093],[2.34191,48.876859],[2.341297,48.876561],[2.339447,48.876661]]]}},{"type":"Feature","properties":{"code":"751114110","name":"Folie Méricourt 10","arrondissement":"Paris 11e Arrondissement","green_per_cap":0.132,"income":20220.0,"population":1550.60370863248},"geometry":{"type":"Polygon","coordinates":[[[2.379196,48.870063],[2.380576,48.868981],[2.379287,48.868251],[2.378565,48.867983],[2.378388,48.868051],[2.377485,48.869227],[2.379196,48.870063]]]}},{"type":"Feature","properties":{"code":"751114413","name":"Sainte-Marguerite 13","arrondissement":"Paris 11e Arrondissement","green_per_cap":3.47,"income":35420.0,"population":2735.10451826905},"geometry":{"type":"Polygon","coordinates":[[[2.383248,48.852517],[2.382406,48.854013],[2.385328,48.854698],[2.387718,48.853282],[2.38623,48.852939],[2.384882,48.852657],[2.383248,48.852517]]]}},{"type":"Feature","properties":{"code":"751135021","name":"Gare 21","arrondissement":"Paris 13e Arrondissement","green_per_cap":0.801,"income":27950.0,"population":2147.31025803418},"geometry":{"type":"Polygon","coordinates":[[[2.368962,48.835238],[2.369588,48.834422],[2.370376,48.833577],[2.369697,48.833301],[2.367661,48.832177],[2.365228,48.833782],[2.364947,48.833901],[2.368962,48.835238]]]}},{"type":"Feature","properties":{"code":"751166103","name":"Auteuil 3","arrondissement":"Paris 16e Arrondissement","green_per_cap":null,"income":30800.0,"population":1826.8119944387},"geometry":{"type":"Polygon","coordinates":[[[2.262969,48.839698],[2.263336,48.839609],[2.262001,48.838539],[2.261314,48.837945],[2.260165,48.837099],[2.258518,48.837346],[2.257539,48.837679],[2.257596,48.837787],[2.257573,48.838006],[2.262347,48.839471],[2.262519,48.839494],[2.262969,48.839698]]]}},{"type":"Feature","properties":{"code":"751166115","name":"Auteuil 15","arrondissement":"Paris 16e Arrondissement","green_per_cap":null,"income":34910.0,"population":3538.31423740908},"geometry":{"type":"Polygon","coordinates":[[[2.265113,48.840772],[2.268023,48.842273],[2.268976,48.842779],[2.269191,48.842933],[2.273728,48.84742],[2.274429,48.847134],[2.267322,48.839801],[2.265113,48.840772]]]}},{"type":"Feature","properties":{"code":"751166126","name":"Auteuil 26","arrondissement":"Paris 16e Arrondissement","green_per_cap":3.336,"income":47900.0,"population":2816.34665281579},"geometry":{"type":"Polygon","coordinates":[[[2.267199,48.85069],[2.268972,48.853973],[2.270751,48.853366],[2.2708,48.853236],[2.270995,48.853192],[2.272054,48.851363],[2.272288,48.851107],[2.268622,48.84967],[2.267199,48.85069]]]}},{"type":"Feature","properties":{"code":"751176806","name":"Épinettes 6","arrondissement":"Paris 17e Arrondissement","green_per_cap":38.646,"income":25500.0,"population":5257.72329204096},"geometry":{"type":"Polygon","coordinates":[[[2.319546,48.888998],[2.317189,48.890241],[2.317261,48.890314],[2.315411,48.891257],[2.314056,48.892065],[2.313628,48.892219],[2.31314,48.892464],[2.313007,48.89246],[2.312699,48.892676],[2.31262,48.892686],[2.31248,48.892803],[2.312086,48.893336],[2.312147,48.893431],[2.311995,48.893634],[2.311761,48.893563],[2.311656,48.893605],[2.313698,48.894381],[2.313778,48.894343],[2.3138,48.894277],[2.317529,48.89212],[2.317886,48.891861],[2.318443,48.891538],[2.31906,48.891256],[2.320751,48.890262],[2.319546,48.888998]]]}},{"type":"Feature","properties":{"code":"751176807","name":"Épinettes 7","arrondissement":"Paris 17e Arrondissement","green_per_cap":null,"income":30770.0,"population":2639.59919599675},"geometry":{"type":"Polygon","coordinates":[[[2.31906,48.891256],[2.318443,48.891538],[2.318573,48.89163],[2.320611,48.894233],[2.322713,48.893588],[2.321206,48.891706],[2.31906,48.891256]]]}},{"type":"Feature","properties":{"code":"751186902","name":"Grandes Carrières 2","arrondissement":"Paris 18e Arrondissement","green_per_cap":3.16,"income":28000.0,"population":2256.28358896886},"geometry":{"type":"Polygon","coordinates":[[[2.336109,48.882763],[2.332742,48.883749],[2.332843,48.883952],[2.334311,48.885393],[2.336948,48.88436],[2.336766,48.883861],[2.336109,48.882763]]]}},{"type":"Feature","properties":{"code":"751197504","name":"Amérique 4","arrondissement":"Paris 19e Arrondissement","green_per_cap":0.509,"income":18120.0,"population":2346.28475734197},"geometry":{"type":"Polygon","coordinates":[[[2.397922,48.875463],[2.395223,48.875249],[2.394777,48.876103],[2.395125,48.876244],[2.395363,48.876389],[2.395463,48.876556],[2.395535,48.876721],[2.395657,48.877712],[2.397933,48.878256],[2.397922,48.875463]]]}},{"type":"Feature","properties":{"code":"751197512","name":"Amérique 12","arrondissement":"Paris 19e Arrondissement","green_per_cap":0.168,"income":16880.0,"population":1339.38880417293},"geometry":{"type":"Polygon","coordinates":[[[2.400118,48.878545],[2.399531,48.878433],[2.397933,48.878256],[2.39806,48.878957],[2.398872,48.879365],[2.399633,48.879647],[2.398971,48.879916],[2.398585,48.880157],[2.400031,48.880664],[2.401245,48.879182],[2.40122,48.879137],[2.401604,48.878731],[2.401616,48.878641],[2.401352,48.878731],[2.400118,48.878545]]]}},{"type":"Feature","properties":{"code":"751207809","name":"Saint-Fargeau 9","arrondissement":"Paris 20e Arrondissement","green_per_cap":1.308,"income":27980.0,"population":4009.47700932362},"geometry":{"type":"Polygon","coordinates":[[[2.40542,48.869225],[2.404345,48.871683],[2.404398,48.87174],[2.40569,48.874938],[2.406459,48.876965],[2.406583,48.877114],[2.40732,48.8758],[2.408121,48.87408],[2.408329,48.873394],[2.408698,48.870831],[2.408323,48.870666],[2.408155,48.870519],[2.407995,48.870506],[2.407004,48.870032],[2.406832,48.869983],[2.40542,48.869225]]]}},{"type":"Feature","properties":{"code":"751041699","name":"Seine et Berges 4","arrondissement":"Paris 4e Arrondissement","green_per_cap":null,"income":null,"population":0.0},"geometry":{"type":"Polygon","coordinates":[[[2.361058,48.848556],[2.358614,48.849697],[2.354597,48.850986],[2.351598,48.851615],[2.352173,48.852491],[2.352197,48.852658],[2.352042,48.853494],[2.351766,48.854],[2.351236,48.854524],[2.350282,48.855069],[2.349533,48.855347],[2.346476,48.85619],[2.346789,48.85671],[2.349352,48.855952],[2.350941,48.855326],[2.35239,48.854572],[2.359286,48.852141],[2.360133,48.851757],[2.360393,48.851504],[2.360519,48.851185],[2.360536,48.85056],[2.360626,48.850077],[2.360751,48.849617],[2.360964,48.849194],[2.361058,48.848556]],[[2.353174,48.853444],[2.353343,48.852874],[2.353383,48.852498],[2.354168,48.851622],[2.355631,48.851252],[2.35654,48.850903],[2.35897,48.850084],[2.36005,48.850416],[2.36008,48.851074],[2.359813,48.851386],[2.359478,48.851594],[2.357964,48.852159],[2.354003,48.853408],[2.35329,48.853612],[2.353174,48.853444]]]}},{"type":"Feature","properties":{"code":"751197488","name":"Canal Saint-Denis","arrondissement":"Paris 19e Arrondissement","green_per_cap":null,"income":null,"population":0.0},"geometry":{"type":"Polygon","coordinates":[[[2.379776,48.902048],[2.38035,48.902059],[2.382459,48.898714],[2.382906,48.898061],[2.383006,48.898038],[2.383978,48.896494],[2.384152,48.896411],[2.384043,48.896309],[2.384225,48.896213],[2.384347,48.896016],[2.387939,48.892669],[2.386374,48.891886],[2.386488,48.891589],[2.383075,48.889887],[2.382636,48.890261],[2.385286,48.891594],[2.385285,48.892072],[2.385572,48.892552],[2.383706,48.895581],[2.38362,48.895809],[2.383549,48.895847],[2.383466,48.896203],[2.38331,48.896325],[2.382824,48.897077],[2.382689,48.897541],[2.381759,48.899007],[2.38065,48.900625],[2.380345,48.900986],[2.3801,48.901395],[2.380126,48.901499],[2.379776,48.902048]]]}},{"type":"Feature","properties":{"code":"751072801","name":"Gros Caillou 1","arrondissement":"Paris 7e Arrondissement","green_per_cap":null,"income":43650.0,"population":2144.11812282183},"geometry":{"type":"Polygon","coordinates":[[[2.306404,48.854101],[2.305448,48.854272],[2.307641,48.855695],[2.30996,48.857279],[2.309534,48.853958],[2.306404,48.854101]]]}},{"type":"Feature","properties":{"code":"751114207","name":"Saint-Ambroise 7","arrondissement":"Paris 11e Arrondissement","green_per_cap":0.18,"income":37250.0,"population":2016.68460401826},"geometry":{"type":"Polygon","coordinates":[[[2.368229,48.856943],[2.367612,48.859479],[2.368542,48.859579],[2.368657,48.859407],[2.371899,48.860236],[2.372044,48.860247],[2.370941,48.857793],[2.368857,48.857124],[2.368229,48.856943]]]}},{"type":"Feature","properties":{"code":"751156017","name":"Javel 17","arrondissement":"Paris 15e Arrondissement","green_per_cap":0.0,"income":31410.0,"population":1978.81681203386},"geometry":{"type":"Polygon","coordinates":[[[2.287047,48.844567],[2.286367,48.843762],[2.286322,48.843295],[2.286189,48.842832],[2.285539,48.842154],[2.282748,48.843442],[2.283612,48.844431],[2.28438,48.844105],[2.284674,48.844441],[2.285379,48.844149],[2.286088,48.844942],[2.287047,48.844567]]]}},{"type":"Feature","properties":{"code":"751166120","name":"Auteuil 20","arrondissement":"Paris 16e Arrondissement","green_per_cap":null,"income":48390.0,"population":1851.36127325592},"geometry":{"type":"Polygon","coordinates":[[[2.264299,48.84799],[2.263356,48.848043],[2.262188,48.847944],[2.260211,48.84792],[2.260845,48.849077],[2.26164,48.850017],[2.262039,48.850611],[2.262266,48.851216],[2.262342,48.851723],[2.262972,48.85168],[2.263262,48.851743],[2.263399,48.851687],[2.263538,48.85122],[2.263829,48.850755],[2.264023,48.850523],[2.264708,48.849914],[2.264193,48.849786],[2.264775,48.849063],[2.264715,48.848915],[2.264929,48.848353],[2.26436,48.848106],[2.264299,48.84799]]]}},{"type":"Feature","properties":{"code":"751166404","name":"Chaillot 4","arrondissement":"Paris 16e Arrondissement","green_per_cap":null,"income":39530.0,"population":1992.04846398211},"geometry":{"type":"Polygon","coordinates":[[[2.286223,48.866251],[2.286468,48.866236],[2.287683,48.867088],[2.289814,48.86911],[2.291513,48.868883],[2.287579,48.863451],[2.287246,48.863502],[2.286938,48.863481],[2.286223,48.866251]]]}},{"type":"Feature","properties":{"code":"751176511","name":"Ternes 11","arrondissement":"Paris 17e Arrondissement","green_per_cap":null,"income":41480.0,"population":2126.89506333782},"geometry":{"type":"Polygon","coordinates":[[[2.295544,48.881263],[2.296392,48.882923],[2.299652,48.880481],[2.297764,48.879458],[2.296451,48.880451],[2.295544,48.881263]]]}},{"type":"Feature","properties":{"code":"751176610","name":"Plaine Monceau 10","arrondissement":"Paris 17e Arrondissement","green_per_cap":null,"income":51030.0,"population":2510.74784568598},"geometry":{"type":"Polygon","coordinates":[[[2.30453,48.887172],[2.304718,48.887119],[2.304905,48.887131],[2.307209,48.885224],[2.307023,48.88508],[2.304939,48.883927],[2.303503,48.885067],[2.303496,48.885267],[2.303119,48.885351],[2.301543,48.886593],[2.302659,48.886874],[2.30453,48.887172]]]}},{"type":"Feature","properties":{"code":"751187004","name":"Clignancourt 4","arrondissement":"Paris 18e Arrondissement","green_per_cap":1.303,"income":32420.0,"population":1661.4991792417},"geometry":{"type":"Polygon","coordinates":[[[2.341073,48.884709],[2.34173,48.883448],[2.339741,48.883582],[2.339743,48.883694],[2.338444,48.884231],[2.337726,48.884765],[2.337457,48.88488],[2.337984,48.885702],[2.337867,48.885995],[2.337918,48.886156],[2.338495,48.885959],[2.338565,48.885543],[2.340829,48.88488],[2.340974,48.884802],[2.341073,48.884709]]]}},{"type":"Feature","properties":{"code":"751187009","name":"Clignancourt 9","arrondissement":"Paris 18e Arrondissement","green_per_cap":1.859,"income":31020.0,"population":3102.74000030876},"geometry":{"type":"Polygon","coordinates":[[[2.341394,48.887147],[2.341859,48.888339],[2.342937,48.889799],[2.348013,48.888387],[2.347669,48.886926],[2.347082,48.887883],[2.345184,48.887686],[2.345174,48.887634],[2.344539,48.887546],[2.343507,48.887179],[2.343229,48.88728],[2.342977,48.887307],[2.342704,48.887221],[2.342527,48.887066],[2.342413,48.887024],[2.342195,48.887014],[2.341394,48.887147]]]}},{"type":"Feature","properties":{"code":"751197509","name":"Amérique 9","arrondissement":"Paris 19e Arrondissement","green_per_cap":1.387,"income":17750.0,"population":1891.46335596506},"geometry":{"type":"Polygon","coordinates":[[[2.39131,48.879475],[2.392425,48.879169],[2.392623,48.878783],[2.393743,48.8776],[2.393789,48.877493],[2.392768,48.87733],[2.3926,48.876869],[2.390869,48.878352],[2.39131,48.879475]]]}},{"type":"Feature","properties":{"code":"751020503","name":"Gaillon 3","arrondissement":"Paris 2e Arrondissement","green_per_cap":null,"income":null,"population":210.450996773227},"geometry":{"type":"Polygon","coordinates":[[[2.332522,48.870692],[2.334155,48.870968],[2.336996,48.871468],[2.33678,48.869544],[2.332659,48.870317],[2.332522,48.870692]]]}},{"type":"Feature","properties":{"code":"751041602","name":"Notre-Dame 2","arrondissement":"Paris 4e Arrondissement","green_per_cap":0.221,"income":null,"population":587.522601454657},"geometry":{"type":"Polygon","coordinates":[[[2.352197,48.852658],[2.349176,48.853606],[2.350282,48.855069],[2.351236,48.854524],[2.351766,48.854],[2.352042,48.853494],[2.352197,48.852658]]]}},{"type":"Feature","properties":{"code":"751155701","name":"Saint-Lambert 1","arrondissement":"Paris 15e Arrondissement","green_per_cap":16.834,"income":18730.0,"population":4512.0071776607},"geometry":{"type":"Polygon","coordinates":[[[2.301315,48.825126],[2.292192,48.827142],[2.29226,48.827261],[2.292161,48.827397],[2.292144,48.827555],[2.292217,48.827662],[2.292413,48.827779],[2.292301,48.828065],[2.292293,48.830928],[2.295563,48.829848],[2.304588,48.827858],[2.301315,48.825126]]]}},{"type":"Feature","properties":{"code":"751155804","name":"Necker 4","arrondissement":"Paris 15e Arrondissement","green_per_cap":0.72,"income":40570.0,"population":2443.93149032696},"geometry":{"type":"Polygon","coordinates":[[[2.312589,48.842931],[2.313191,48.84217],[2.312806,48.841958],[2.309542,48.839478],[2.308746,48.838661],[2.306664,48.841115],[2.312589,48.842931]]]}},{"type":"Feature","properties":{"code":"751208016","name":"Charonne 16","arrondissement":"Paris 20e Arrondissement","green_per_cap":0.51,"income":24810.0,"population":2401.91080593726},"geometry":{"type":"Polygon","coordinates":[[[2.397079,48.852991],[2.396013,48.854331],[2.399443,48.855322],[2.400637,48.855624],[2.40074,48.855523],[2.400877,48.855468],[2.401052,48.855461],[2.401211,48.855499],[2.401477,48.855231],[2.39993,48.854037],[2.399445,48.853725],[2.398467,48.853405],[2.397174,48.853047],[2.397079,48.852991]]]}},{"type":"Feature","properties":{"code":"751135101","name":"Maison Blanche 1","arrondissement":"Paris 13e Arrondissement","green_per_cap":1.358,"income":19380.0,"population":3067.9128522332},"geometry":{"type":"Polygon","coordinates":[[[2.366927,48.817248],[2.364204,48.816398],[2.363329,48.816148],[2.360526,48.816068],[2.360378,48.816089],[2.360208,48.816561],[2.360037,48.817287],[2.359505,48.818998],[2.362023,48.819262],[2.363274,48.81955],[2.364739,48.820006],[2.366927,48.817248]]]}},{"type":"Feature","properties":{"code":"751145615","name":"Plaisance 15","arrondissement":"Paris 14e Arrondissement","green_per_cap":null,"income":29250.0,"population":2191.8563981828},"geometry":{"type":"Polygon","coordinates":[[[2.320033,48.831632],[2.319301,48.830512],[2.317813,48.831801],[2.31618,48.833009],[2.314972,48.833715],[2.315955,48.834264],[2.31716,48.833432],[2.317073,48.833384],[2.31859,48.832277],[2.320033,48.831632]]]}},{"type":"Feature","properties":{"code":"751176504","name":"Ternes 4","arrondissement":"Paris 17e Arrondissement","green_per_cap":1.689,"income":44310.0,"population":3126.98607056073},"geometry":{"type":"Polygon","coordinates":[[[2.285463,48.876818],[2.283618,48.877406],[2.283725,48.877687],[2.283987,48.878122],[2.284138,48.878248],[2.285148,48.880571],[2.285287,48.88071],[2.290716,48.879452],[2.290979,48.879041],[2.28832,48.878043],[2.28815,48.878126],[2.288009,48.878105],[2.287887,48.878001],[2.287896,48.87789],[2.2856,48.876993],[2.285463,48.876818]]]}},{"type":"Feature","properties":{"code":"751176811","name":"Épinettes 11","arrondissement":"Paris 17e Arrondissement","green_per_cap":0.0,"income":28680.0,"population":2434.82357859165},"geometry":{"type":"Polygon","coordinates":[[[2.3245,48.895852],[2.322713,48.893588],[2.320611,48.894233],[2.32186,48.895803],[2.322983,48.895884],[2.3245,48.895852]]]}},{"type":"Feature","properties":{"code":"751197610","name":"Combat 10","arrondissement":"Paris 19e Arrondissement","green_per_cap":3.01,"income":17540.0,"population":1495.06276139661},"geometry":{"type":"Polygon","coordinates":[[[2.372341,48.876149],[2.37029,48.877991],[2.370679,48.878319],[2.370723,48.878043],[2.37425,48.878412],[2.374073,48.877695],[2.37408,48.87739],[2.374145,48.877193],[2.373806,48.876781],[2.373211,48.876491],[2.373111,48.876514],[2.372822,48.876743],[2.372142,48.876434],[2.37245,48.876162],[2.372341,48.876149]]]}},{"type":"Feature","properties":{"code":"751208010","name":"Charonne 10","arrondissement":"Paris 20e Arrondissement","green_per_cap":0.203,"income":18830.0,"population":1881.22161970063},"geometry":{"type":"Polygon","coordinates":[[[2.410661,48.853506],[2.409703,48.853338],[2.408982,48.854761],[2.407868,48.855431],[2.409271,48.856677],[2.409715,48.856379],[2.410128,48.856171],[2.410661,48.853506]]]}},{"type":"Feature","properties":{"code":"751041304","name":"Saint-Merri 4","arrondissement":"Paris 4e Arrondissement","green_per_cap":31.403,"income":null,"population":333.149328351296},"geometry":{"type":"Polygon","coordinates":[[[2.347329,48.857181],[2.347574,48.857359],[2.348223,48.858517],[2.349593,48.858058],[2.352386,48.857282],[2.353718,48.856952],[2.353007,48.855567],[2.352603,48.855268],[2.352058,48.855507],[2.351977,48.855585],[2.351173,48.855898],[2.348926,48.856712],[2.347329,48.857181]]]}},{"type":"Feature","properties":{"code":"751103712","name":"Saint-Vincent de Paul 12","arrondissement":"Paris 10e Arrondissement","green_per_cap":0.559,"income":null,"population":654.254822935669},"geometry":{"type":"Polygon","coordinates":[[[2.35583,48.884184],[2.35934,48.88441],[2.359346,48.884297],[2.359423,48.884221],[2.359265,48.884007],[2.359108,48.882968],[2.358185,48.881432],[2.357208,48.879523],[2.355983,48.879763],[2.354764,48.879954],[2.353694,48.880256],[2.354151,48.881149],[2.354332,48.881864],[2.355599,48.884059],[2.35583,48.884184]]]}},{"type":"Feature","properties":{"code":"751197318","name":"Villette 18","arrondissement":"Paris 19e Arrondissement","green_per_cap":null,"income":null,"population":571.273091881575},"geometry":{"type":"Polygon","coordinates":[[[2.369242,48.886511],[2.370848,48.885697],[2.369031,48.884237],[2.368829,48.884352],[2.368974,48.884473],[2.368246,48.884803],[2.368116,48.884814],[2.368023,48.884915],[2.367829,48.884983],[2.36778,48.88515],[2.369242,48.886511]]]}},{"type":"Feature","properties":{"code":"751072702","name":"École Militaire 2","arrondissement":"Paris 7e Arrondissement","green_per_cap":18.099,"income":44390.0,"population":1677.87648744109},"geometry":{"type":"Polygon","coordinates":[[[2.316713,48.846863],[2.313716,48.845943],[2.311236,48.847509],[2.311704,48.847619],[2.312006,48.850447],[2.312353,48.850273],[2.313667,48.849416],[2.31384,48.849125],[2.313954,48.849183],[2.315132,48.84944],[2.316221,48.847432],[2.316713,48.846863]]]}},{"type":"Feature","properties":{"code":"751104001","name":"Hôpital Saint-Louis 1","arrondissement":"Paris 10e Arrondissement","green_per_cap":0.0,"income":21690.0,"population":2546.78236587874},"geometry":{"type":"Polygon","coordinates":[[[2.375092,48.873677],[2.376905,48.872048],[2.374664,48.871249],[2.372897,48.87057],[2.371956,48.871802],[2.372933,48.872075],[2.374425,48.872843],[2.375018,48.873643],[2.375092,48.873677]]]}},{"type":"Feature","properties":{"code":"751104011","name":"Hôpital Saint-Louis 11","arrondissement":"Paris 10e Arrondissement","green_per_cap":null,"income":24880.0,"population":2489.6958882473},"geometry":{"type":"Polygon","coordinates":[[[2.368718,48.883948],[2.369301,48.883313],[2.370084,48.882787],[2.370168,48.882684],[2.369885,48.88266],[2.369165,48.882497],[2.367089,48.880025],[2.365146,48.881098],[2.368718,48.883948]]]}},{"type":"Feature","properties":{"code":"751135110","name":"Maison Blanche 10","arrondissement":"Paris 13e Arrondissement","green_per_cap":7.752,"income":25990.0,"population":4535.4090495193},"geometry":{"type":"Polygon","coordinates":[[[2.344587,48.819399],[2.344592,48.819564],[2.34381,48.820425],[2.342506,48.821449],[2.342959,48.821567],[2.343291,48.821598],[2.346101,48.822112],[2.346797,48.822275],[2.347252,48.822169],[2.349872,48.822171],[2.350097,48.822123],[2.350433,48.822193],[2.352684,48.822152],[2.352557,48.821716],[2.352573,48.820881],[2.350895,48.820872],[2.345312,48.81937],[2.345061,48.819348],[2.344587,48.819399]]]}},{"type":"Feature","properties":{"code":"751166209","name":"Muette 9","arrondissement":"Paris 16e Arrondissement","green_per_cap":0.59,"income":55160.0,"population":2169.36233828082},"geometry":{"type":"Polygon","coordinates":[[[2.277372,48.863952],[2.276527,48.863178],[2.275633,48.86156],[2.274076,48.86267],[2.27395,48.862688],[2.273882,48.862606],[2.273072,48.862156],[2.272783,48.862616],[2.272624,48.862999],[2.272449,48.863534],[2.272423,48.864009],[2.27386,48.864212],[2.274964,48.864228],[2.277372,48.863952]]]}},{"type":"Feature","properties":{"code":"751041603","name":"Notre-Dame 3","arrondissement":"Paris 4e Arrondissement","green_per_cap":75.413,"income":null,"population":189.940179190264},"geometry":{"type":"Polygon","coordinates":[[[2.351598,48.851615],[2.349934,48.852076],[2.349024,48.852363],[2.346674,48.853399],[2.344634,48.854089],[2.345837,48.855257],[2.346476,48.85619],[2.349533,48.855347],[2.350282,48.855069],[2.349176,48.853606],[2.352197,48.852658],[2.352173,48.852491],[2.351598,48.851615]]]}},{"type":"Feature","properties":{"code":"751124899","name":"Seine et Berges","arrondissement":"Paris 12e Arrondissement","green_per_cap":null,"income":null,"population":0.0},"geometry":{"type":"Polygon","coordinates":[[[2.372452,48.840179],[2.364455,48.846186],[2.366042,48.847083],[2.371492,48.842809],[2.372493,48.841953],[2.372656,48.841723],[2.373759,48.840769],[2.372452,48.840179]]]}},{"type":"Feature","properties":{"code":"751124506","name":"Bel-Air 6","arrondissement":"Paris 12e Arrondissement","green_per_cap":null,"income":35740.0,"population":2056.97110502159},"geometry":{"type":"Polygon","coordinates":[[[2.402302,48.841081],[2.40234,48.843346],[2.405271,48.842962],[2.404697,48.84089],[2.402302,48.841081]]]}},{"type":"Feature","properties":{"code":"751197306","name":"Villette 6","arrondissement":"Paris 19e Arrondissement","green_per_cap":2.772,"income":16360.0,"population":2833.43269266455},"geometry":{"type":"Polygon","coordinates":[[[2.374101,48.888373],[2.370848,48.885697],[2.369242,48.886511],[2.370134,48.887381],[2.371266,48.889254],[2.371447,48.889231],[2.372578,48.888913],[2.374101,48.888373]]]}},{"type":"Feature","properties":{"code":"751197405","name":"Pont de Flandre 5","arrondissement":"Paris 19e Arrondissement","green_per_cap":null,"income":19910.0,"population":2512.8986832979},"geometry":{"type":"Polygon","coordinates":[[[2.380067,48.893041],[2.382755,48.895131],[2.383549,48.895847],[2.38362,48.895809],[2.383706,48.895581],[2.384368,48.894512],[2.383566,48.893857],[2.383234,48.893716],[2.383079,48.893603],[2.384114,48.893034],[2.382398,48.891655],[2.380067,48.893041]]]}},{"type":"Feature","properties":{"code":"751197609","name":"Combat 9","arrondissement":"Paris 19e Arrondissement","green_per_cap":0.826,"income":28430.0,"population":3246.76273957845},"geometry":{"type":"Polygon","coordinates":[[[2.378149,48.876454],[2.377352,48.876467],[2.376075,48.876338],[2.375707,48.87634],[2.375327,48.876395],[2.374949,48.876515],[2.374599,48.876698],[2.374263,48.876989],[2.374145,48.877193],[2.37408,48.87739],[2.374073,48.877695],[2.37425,48.878412],[2.37847,48.878885],[2.37834,48.878629],[2.378265,48.878206],[2.378277,48.87793],[2.378434,48.877466],[2.378806,48.876977],[2.379114,48.876715],[2.379564,48.876454],[2.380167,48.876232],[2.379392,48.876344],[2.378149,48.876454]]]}},{"type":"Feature","properties":{"code":"751010302","name":"Palais Royal 2","arrondissement":"Paris 1er Arrondissement","green_per_cap":null,"income":null,"population":74.8623238526208},"geometry":{"type":"Polygon","coordinates":[[[2.338669,48.866336],[2.341202,48.865744],[2.340446,48.864741],[2.33977,48.863541],[2.338157,48.863915],[2.339245,48.865968],[2.338554,48.866125],[2.338669,48.866336]]]}},{"type":"Feature","properties":{"code":"751072508","name":"Saint-Thomas d'Aquin 8","arrondissement":"Paris 7e Arrondissement","green_per_cap":null,"income":null,"population":3.99998249713912},"geometry":{"type":"Polygon","coordinates":[[[2.324584,48.86004],[2.325305,48.860792],[2.32929,48.859554],[2.328759,48.858812],[2.324584,48.86004]]]}},{"type":"Feature","properties":{"code":"751083202","name":"Europe 2","arrondissement":"Paris 8e Arrondissement","green_per_cap":0.0,"income":49720.0,"population":1950.73335749817},"geometry":{"type":"Polygon","coordinates":[[[2.310441,48.877572],[2.310691,48.877535],[2.316297,48.877783],[2.31901,48.875565],[2.318761,48.875615],[2.318351,48.875581],[2.316352,48.875395],[2.315792,48.875279],[2.314506,48.87568],[2.310441,48.877572]]]}},{"type":"Feature","properties":{"code":"751135026","name":"Gare 26","arrondissement":"Paris 13e Arrondissement","green_per_cap":1.926,"income":21000.0,"population":1700.58829215984},"geometry":{"type":"Polygon","coordinates":[[[2.371386,48.827669],[2.366491,48.827008],[2.365323,48.82896],[2.365365,48.828998],[2.366757,48.828576],[2.367253,48.828301],[2.367354,48.828316],[2.371386,48.827669]]]}},{"type":"Feature","properties":{"code":"751135027","name":"Gare 27","arrondissement":"Paris 13e Arrondissement","green_per_cap":1.611,"income":19350.0,"population":2870.49891225867},"geometry":{"type":"Polygon","coordinates":[[[2.365149,48.829176],[2.365299,48.829172],[2.365372,48.829119],[2.365365,48.828998],[2.365323,48.82896],[2.365374,48.828846],[2.366491,48.827008],[2.363686,48.82663],[2.363533,48.826676],[2.360089,48.829482],[2.360342,48.829412],[2.360693,48.829241],[2.362214,48.830248],[2.364796,48.829172],[2.365049,48.829107],[2.365149,48.829176]]]}},{"type":"Feature","properties":{"code":"751155722","name":"Saint-Lambert 22","arrondissement":"Paris 15e Arrondissement","green_per_cap":0.992,"income":37940.0,"population":3055.6647718345},"geometry":{"type":"Polygon","coordinates":[[[2.306624,48.836447],[2.305181,48.834726],[2.302785,48.835388],[2.299138,48.83645],[2.300139,48.837186],[2.301118,48.837406],[2.301181,48.837599],[2.301448,48.837989],[2.302736,48.836963],[2.302834,48.836856],[2.303259,48.836779],[2.306415,48.8364],[2.306491,48.836458],[2.306624,48.836447]]]}},{"type":"Feature","properties":{"code":"751155805","name":"Necker 5","arrondissement":"Paris 15e Arrondissement","green_per_cap":1.528,"income":33500.0,"population":2006.38337748067},"geometry":{"type":"Polygon","coordinates":[[[2.307817,48.837694],[2.3069,48.838446],[2.306259,48.839098],[2.304979,48.840611],[2.306664,48.841115],[2.308746,48.838661],[2.307817,48.837694]]]}},{"type":"Feature","properties":{"code":"751166203","name":"Muette 3","arrondissement":"Paris 16e Arrondissement","green_per_cap":null,"income":48400.0,"population":2255.16968018341},"geometry":{"type":"Polygon","coordinates":[[[2.27788,48.856208],[2.279592,48.854842],[2.279037,48.854643],[2.278359,48.854333],[2.277417,48.853709],[2.275517,48.854198],[2.275351,48.854867],[2.274697,48.856444],[2.276609,48.855401],[2.277498,48.855914],[2.27788,48.856208]]]}},{"type":"Feature","properties":{"code":"751208020","name":"Charonne 20","arrondissement":"Paris 20e Arrondissement","green_per_cap":0.198,"income":16060.0,"population":2829.83137819532},"geometry":{"type":"Polygon","coordinates":[[[2.409352,48.860616],[2.411203,48.860731],[2.41157,48.858701],[2.411465,48.857065],[2.41118,48.856997],[2.410402,48.856337],[2.410128,48.856171],[2.409352,48.860616]]]}},{"type":"Feature","properties":{"code":"751186929","name":"Grandes Carrières 29","arrondissement":"Paris 18e Arrondissement","green_per_cap":19.068,"income":null,"population":366.78796712088},"geometry":{"type":"Polygon","coordinates":[[[2.329014,48.897697],[2.330147,48.901044],[2.335171,48.901147],[2.335461,48.900523],[2.334715,48.900473],[2.33477,48.899111],[2.33443,48.899085],[2.334202,48.898839],[2.333386,48.897712],[2.332212,48.897687],[2.331897,48.897767],[2.331444,48.897777],[2.329126,48.897735],[2.329014,48.897697]]]}},{"type":"Feature","properties":{"code":"751020805","name":"Bonne Nouvelle 5","arrondissement":"Paris 2e Arrondissement","green_per_cap":0.267,"income":30740.0,"population":2116.94196822519},"geometry":{"type":"Polygon","coordinates":[[[2.347918,48.870688],[2.352048,48.869822],[2.351983,48.869732],[2.349461,48.868952],[2.349729,48.868587],[2.347396,48.867888],[2.347695,48.868469],[2.347918,48.870688]]]}},{"type":"Feature","properties":{"code":"751114317","name":"Roquette 17","arrondissement":"Paris 11e Arrondissement","green_per_cap":0.102,"income":33380.0,"population":2292.18963665308},"geometry":{"type":"Polygon","coordinates":[[[2.381124,48.861095],[2.382053,48.860167],[2.380699,48.859753],[2.381254,48.859034],[2.380844,48.858894],[2.380179,48.858473],[2.379417,48.858259],[2.376847,48.859749],[2.381124,48.861095]]]}},{"type":"Feature","properties":{"code":"751124620","name":"Picpus 20","arrondissement":"Paris 12e Arrondissement","green_per_cap":1.295,"income":30370.0,"population":1862.90757657257},"geometry":{"type":"Polygon","coordinates":[[[2.383782,48.847006],[2.386774,48.847341],[2.387132,48.846911],[2.385881,48.846149],[2.383371,48.844864],[2.383782,48.847006]]]}},{"type":"Feature","properties":{"code":"751155901","name":"Grenelle 1","arrondissement":"Paris 15e Arrondissement","green_per_cap":null,"income":34140.0,"population":2278.50266192234},"geometry":{"type":"Polygon","coordinates":[[[2.295087,48.842895],[2.293006,48.843677],[2.294639,48.845579],[2.296222,48.84496],[2.296902,48.844629],[2.296452,48.844269],[2.295087,48.842895]]]}},{"type":"Feature","properties":{"code":"751187022","name":"Clignancourt 22","arrondissement":"Paris 18e Arrondissement","green_per_cap":null,"income":30720.0,"population":2907.01673531668},"geometry":{"type":"Polygon","coordinates":[[[2.344313,48.892531],[2.340207,48.893097],[2.340735,48.894823],[2.341963,48.893809],[2.342706,48.893379],[2.344419,48.894584],[2.345372,48.894335],[2.344313,48.892531]]]}},{"type":"Feature","properties":{"code":"751187206","name":"Chapelle 6","arrondissement":"Paris 18e Arrondissement","green_per_cap":4.936,"income":20380.0,"population":2477.84278786097},"geometry":{"type":"Polygon","coordinates":[[[2.359339,48.895062],[2.359318,48.89554],[2.35953,48.895477],[2.359637,48.895343],[2.361546,48.895397],[2.362179,48.895328],[2.362536,48.895482],[2.363335,48.895396],[2.363568,48.895099],[2.365645,48.894806],[2.365749,48.894711],[2.365978,48.894332],[2.363571,48.893263],[2.363529,48.893153],[2.359605,48.895168],[2.359453,48.895074],[2.359339,48.895062]]]}},{"type":"Feature","properties":{"code":"751010103","name":"Saint-Germain l'Auxerrois 3","arrondissement":"Paris 1er Arrondissement","green_per_cap":2.785,"income":null,"population":276.431583894273},"geometry":{"type":"Polygon","coordinates":[[[2.340845,48.860912],[2.343981,48.85989],[2.343212,48.859102],[2.342672,48.85842],[2.342473,48.858493],[2.339861,48.858996],[2.340845,48.860912]]]}},{"type":"Feature","properties":{"code":"751166499","name":"Seine et Berges 3","arrondissement":"Paris 16e Arrondissement","green_per_cap":null,"income":null,"population":0.0},"geometry":{"type":"Polygon","coordinates":[[[2.301662,48.864195],[2.301737,48.863496],[2.299222,48.863284],[2.296871,48.862619],[2.294865,48.861876],[2.29369,48.861246],[2.291839,48.859968],[2.291216,48.860368],[2.291748,48.860733],[2.291819,48.860831],[2.291774,48.860899],[2.29327,48.862067],[2.294026,48.862533],[2.296379,48.863296],[2.298916,48.863865],[2.300931,48.864168],[2.300884,48.864296],[2.301175,48.864337],[2.301214,48.864231],[2.301399,48.86425],[2.301533,48.864181],[2.301662,48.864195]]]}},{"type":"Feature","properties":{"code":"751020702","name":"Mail 2","arrondissement":"Paris 2e Arrondissement","green_per_cap":0.005,"income":35680.0,"population":1899.86546575408},"geometry":{"type":"Polygon","coordinates":[[[2.343083,48.865285],[2.341202,48.865744],[2.341451,48.866],[2.341441,48.866067],[2.341258,48.866288],[2.341018,48.866386],[2.341896,48.868438],[2.341881,48.868546],[2.34732,48.867368],[2.34716,48.866353],[2.345052,48.866704],[2.344271,48.866709],[2.343986,48.867339],[2.343865,48.866765],[2.343083,48.865285]]]}},{"type":"Feature","properties":{"code":"751051903","name":"Val de Grâce 3","arrondissement":"Paris 5e Arrondissement","green_per_cap":0.361,"income":38350.0,"population":2391.67651990689},"geometry":{"type":"Polygon","coordinates":[[[2.339695,48.838864],[2.336657,48.839671],[2.336771,48.840746],[2.337256,48.840875],[2.337756,48.841755],[2.340975,48.840846],[2.339695,48.838864]]]}},{"type":"Feature","properties":{"code":"751124512","name":"Bel-Air 12","arrondissement":"Paris 12e Arrondissement","green_per_cap":4.642,"income":30480.0,"population":4093.18081077592},"geometry":{"type":"Polygon","coordinates":[[[2.406296,48.847455],[2.411069,48.847047],[2.410767,48.845775],[2.410318,48.844318],[2.405743,48.844724],[2.406296,48.847455]]]}},{"type":"Feature","properties":{"code":"751124619","name":"Picpus 19","arrondissement":"Paris 12e Arrondissement","green_per_cap":4.113,"income":28160.0,"population":4070.18826707791},"geometry":{"type":"Polygon","coordinates":[[[2.385913,48.842652],[2.385344,48.843247],[2.383371,48.844864],[2.385881,48.846149],[2.387132,48.846911],[2.387454,48.84658],[2.389935,48.8445],[2.385913,48.842652]]]}},{"type":"Feature","properties":{"code":"751145404","name":"Parc de Montsouris 4","arrondissement":"Paris 14e Arrondissement","green_per_cap":0.105,"income":29320.0,"population":2140.6078256017},"geometry":{"type":"Polygon","coordinates":[[[2.331675,48.825939],[2.332561,48.827815],[2.334863,48.827469],[2.334911,48.82734],[2.334813,48.827312],[2.334849,48.827191],[2.334746,48.82724],[2.334446,48.825655],[2.335266,48.825581],[2.335259,48.82561],[2.335395,48.825597],[2.335443,48.825533],[2.335588,48.825535],[2.33608,48.824227],[2.331964,48.823766],[2.330971,48.823962],[2.331675,48.825939]]]}},{"type":"Feature","properties":{"code":"751176611","name":"Plaine Monceau 11","arrondissement":"Paris 17e Arrondissement","green_per_cap":6.43,"income":48250.0,"population":2611.8567001979},"geometry":{"type":"Polygon","coordinates":[[[2.304195,48.890018],[2.309564,48.88597],[2.307209,48.885224],[2.304905,48.887131],[2.304718,48.887119],[2.30453,48.887172],[2.304424,48.887264],[2.304416,48.887405],[2.304491,48.887545],[2.304634,48.887623],[2.303997,48.889732],[2.303841,48.889857],[2.304195,48.890018]]]}},{"type":"Feature","properties":{"code":"751176713","name":"Batignolles 13","arrondissement":"Paris 17e Arrondissement","green_per_cap":null,"income":39790.0,"population":2714.66539797614},"geometry":{"type":"Polygon","coordinates":[[[2.317189,48.890241],[2.319546,48.888998],[2.321056,48.888114],[2.31937,48.887155],[2.31726,48.888422],[2.317969,48.888938],[2.316682,48.889698],[2.317189,48.890241]]]}},{"type":"Feature","properties":{"code":"751176801","name":"Épinettes 1","arrondissement":"Paris 17e Arrondissement","green_per_cap":0.385,"income":32330.0,"population":2999.7472466689},"geometry":{"type":"Polygon","coordinates":[[[2.326633,48.890593],[2.326284,48.889575],[2.325596,48.887508],[2.322749,48.889126],[2.325209,48.891029],[2.326633,48.890593]]]}},{"type":"Feature","properties":{"code":"751197605","name":"Combat 5","arrondissement":"Paris 19e Arrondissement","green_per_cap":0.044,"income":21440.0,"population":2305.52902302427},"geometry":{"type":"Polygon","coordinates":[[[2.383028,48.873467],[2.379834,48.872856],[2.378848,48.872613],[2.378739,48.872931],[2.378606,48.873073],[2.378363,48.873544],[2.378387,48.873732],[2.37827,48.874049],[2.378326,48.874274],[2.378211,48.87446],[2.378923,48.874659],[2.379565,48.874776],[2.381134,48.87468],[2.382178,48.874043],[2.382875,48.873762],[2.383028,48.873467]]]}},{"type":"Feature","properties":{"code":"751207707","name":"Belleville 7","arrondissement":"Paris 20e Arrondissement","green_per_cap":0.489,"income":23880.0,"population":2601.13904073759},"geometry":{"type":"Polygon","coordinates":[[[2.382367,48.867634],[2.380576,48.868981],[2.381332,48.869334],[2.383058,48.869946],[2.384493,48.870215],[2.384539,48.870139],[2.385324,48.869608],[2.385829,48.868965],[2.382367,48.867634]]]}},{"type":"Feature","properties":{"code":"751207709","name":"Belleville 9","arrondissement":"Paris 20e Arrondissement","green_per_cap":null,"income":16730.0,"population":1375.15326964279},"geometry":{"type":"Polygon","coordinates":[[[2.37829,48.870775],[2.376905,48.872048],[2.378848,48.872613],[2.379834,48.872856],[2.381067,48.871576],[2.37829,48.870775]]]}},{"type":"Feature","properties":{"code":"751208005","name":"Charonne 5","arrondissement":"Paris 20e Arrondissement","green_per_cap":0.118,"income":28930.0,"population":1701.27781579268},"geometry":{"type":"Polygon","coordinates":[[[2.398756,48.850338],[2.398395,48.851302],[2.399538,48.851538],[2.40401,48.852316],[2.404292,48.851227],[2.401811,48.85093],[2.400718,48.850718],[2.40043,48.851369],[2.399232,48.850537],[2.399101,48.850399],[2.398903,48.85039],[2.398756,48.850338]]]}},{"type":"Feature","properties":{"code":"751031201","name":"Sainte-Avoye 1","arrondissement":"Paris 3e Arrondissement","green_per_cap":0.0,"income":33340.0,"population":1989.72758734855},"geometry":{"type":"Polygon","coordinates":[[[2.359779,48.862606],[2.358186,48.861239],[2.357502,48.861635],[2.356926,48.861901],[2.355844,48.862317],[2.354298,48.862724],[2.355158,48.864264],[2.356733,48.863835],[2.358251,48.863365],[2.358697,48.863193],[2.359779,48.862606]]]}},{"type":"Feature","properties":{"code":"751114305","name":"Roquette 5","arrondissement":"Paris 11e Arrondissement","green_per_cap":0.463,"income":27080.0,"population":3487.17370484779},"geometry":{"type":"Polygon","coordinates":[[[2.383633,48.858523],[2.38562,48.856611],[2.387118,48.85512],[2.385328,48.854698],[2.380394,48.857665],[2.380476,48.857795],[2.381077,48.85787],[2.383633,48.858523]]]}},{"type":"Feature","properties":{"code":"751135003","name":"Gare 3","arrondissement":"Paris 13e Arrondissement","green_per_cap":1.688,"income":19730.0,"population":3983.84848991219},"geometry":{"type":"Polygon","coordinates":[[[2.367299,48.820841],[2.364739,48.820006],[2.363153,48.822043],[2.365686,48.823322],[2.367483,48.822414],[2.366557,48.822188],[2.367299,48.820841]]]}},{"type":"Feature","properties":{"code":"751135207","name":"Croulebarbe 7","arrondissement":"Paris 13e Arrondissement","green_per_cap":0.267,"income":36880.0,"population":2962.3942420682},"geometry":{"type":"Polygon","coordinates":[[[2.345521,48.837633],[2.347007,48.837316],[2.349069,48.837073],[2.351871,48.836805],[2.351423,48.836627],[2.346261,48.83503],[2.345966,48.83465],[2.345686,48.834471],[2.345471,48.834368],[2.344849,48.834173],[2.345521,48.837633]]]}},{"type":"Feature","properties":{"code":"751166402","name":"Chaillot 2","arrondissement":"Paris 16e Arrondissement","green_per_cap":0.008,"income":38450.0,"population":1971.5851030004},"geometry":{"type":"Polygon","coordinates":[[[2.297501,48.870939],[2.298906,48.868535],[2.297619,48.867457],[2.296657,48.866552],[2.296012,48.865795],[2.294129,48.864881],[2.294015,48.864922],[2.293856,48.864915],[2.293632,48.864832],[2.293588,48.864751],[2.290469,48.863926],[2.290322,48.864017],[2.292658,48.865685],[2.295119,48.86736],[2.29556,48.867896],[2.295726,48.868201],[2.295737,48.869548],[2.296171,48.869801],[2.297501,48.870939]]]}},{"type":"Feature","properties":{"code":"751176605","name":"Plaine Monceau 5","arrondissement":"Paris 17e Arrondissement","green_per_cap":null,"income":51870.0,"population":1691.11231543042},"geometry":{"type":"Polygon","coordinates":[[[2.304537,48.882196],[2.302954,48.881768],[2.303952,48.880938],[2.302197,48.880084],[2.300706,48.881561],[2.301624,48.882035],[2.303004,48.882836],[2.304537,48.882196]]]}},{"type":"Feature","properties":{"code":"751176710","name":"Batignolles 10","arrondissement":"Paris 17e Arrondissement","green_per_cap":null,"income":38310.0,"population":3783.67444362998},"geometry":{"type":"Polygon","coordinates":[[[2.309564,48.88597],[2.312637,48.886938],[2.313929,48.886127],[2.314009,48.886094],[2.314093,48.886127],[2.31421,48.88609],[2.315486,48.884878],[2.313656,48.883801],[2.310883,48.885122],[2.310734,48.885014],[2.310324,48.885403],[2.309564,48.88597]]]}},{"type":"Feature","properties":{"code":"751186924","name":"Grandes Carrières 24","arrondissement":"Paris 18e Arrondissement","green_per_cap":1.131,"income":23280.0,"population":3447.62988895273},"geometry":{"type":"Polygon","coordinates":[[[2.328293,48.895552],[2.329014,48.897697],[2.329126,48.897735],[2.331444,48.897777],[2.331897,48.897767],[2.332212,48.897687],[2.334038,48.897721],[2.333994,48.897583],[2.332975,48.896061],[2.331033,48.895791],[2.329791,48.895648],[2.328293,48.895552]]]}},{"type":"Feature","properties":{"code":"751020602","name":"Vivienne 2","arrondissement":"Paris 2e Arrondissement","green_per_cap":null,"income":37990.0,"population":1415.54049930726},"geometry":{"type":"Polygon","coordinates":[[[2.336996,48.871468],[2.340041,48.871972],[2.343051,48.871485],[2.342632,48.870208],[2.341881,48.868546],[2.33678,48.869544],[2.336996,48.871468]]]}},{"type":"Feature","properties":{"code":"751166177","name":"Bois de Boulogne 1","arrondissement":"Paris 16e Arrondissement","green_per_cap":1640.935,"income":null,"population":136.40577213482},"geometry":{"type":"Polygon","coordinates":[[[2.250516,48.845555],[2.242362,48.847658],[2.241957,48.847984],[2.2405,48.849316],[2.23977,48.849832],[2.23918,48.850042],[2.226594,48.852812],[2.224219,48.853517],[2.224407,48.856154],[2.22567,48.859405],[2.227181,48.862385],[2.228248,48.865162],[2.229615,48.866854],[2.231887,48.86622],[2.232824,48.865859],[2.233373,48.86561],[2.235775,48.864351],[2.235867,48.864137],[2.236479,48.863935],[2.236994,48.863712],[2.237258,48.863536],[2.237564,48.863231],[2.238229,48.862323],[2.239744,48.861224],[2.24076,48.860574],[2.242005,48.859837],[2.243211,48.859212],[2.24417,48.858807],[2.245387,48.858417],[2.246108,48.858237],[2.247399,48.857997],[2.248458,48.857879],[2.249884,48.857829],[2.252826,48.85798],[2.257479,48.858468],[2.258788,48.858419],[2.260306,48.858419],[2.26122,48.858305],[2.263008,48.857816],[2.262676,48.857245],[2.262574,48.856804],[2.262573,48.856516],[2.25845,48.850107],[2.258047,48.849301],[2.257874,48.848648],[2.257395,48.848461],[2.257346,48.848201],[2.257119,48.848209],[2.25702,48.847841],[2.257096,48.847759],[2.257065,48.8477],[2.257157,48.847671],[2.25655,48.846959],[2.256178,48.845991],[2.255873,48.845383],[2.250516,48.845555]]]}},{"type":"Feature","properties":{"code":"751062305","name":"Notre-Dame des Champs 5","arrondissement":"Paris 6e Arrondissement","green_per_cap":0.8,"income":44470.0,"population":2890.30915053253},"geometry":{"type":"Polygon","coordinates":[[[2.329575,48.841994],[2.324298,48.843729],[2.324174,48.844181],[2.326858,48.846953],[2.327918,48.848096],[2.328644,48.845591],[2.328453,48.845527],[2.329364,48.842423],[2.329575,48.841994]]]}},{"type":"Feature","properties":{"code":"751083206","name":"Europe 6","arrondissement":"Paris 8e Arrondissement","green_per_cap":0.624,"income":43360.0,"population":2648.65137715188},"geometry":{"type":"Polygon","coordinates":[[[2.320449,48.882097],[2.324273,48.88287],[2.324769,48.880709],[2.324932,48.880636],[2.324922,48.880456],[2.325501,48.879384],[2.323502,48.879064],[2.323455,48.879098],[2.323323,48.879102],[2.323217,48.879023],[2.322298,48.878805],[2.322235,48.878753],[2.320449,48.882097]]]}},{"type":"Feature","properties":{"code":"751114205","name":"Saint-Ambroise 5","arrondissement":"Paris 11e Arrondissement","green_per_cap":0.53,"income":35100.0,"population":2031.0027824126},"geometry":{"type":"Polygon","coordinates":[[[2.378645,48.860313],[2.376847,48.859749],[2.374765,48.861006],[2.375032,48.861108],[2.374441,48.861723],[2.376486,48.862634],[2.376986,48.861992],[2.378645,48.860313]]]}},{"type":"Feature","properties":{"code":"751135024","name":"Gare 24","arrondissement":"Paris 13e Arrondissement","green_per_cap":0.043,"income":30370.0,"population":2439.18759276649},"geometry":{"type":"Polygon","coordinates":[[[2.369904,48.82864],[2.368791,48.829482],[2.368882,48.829664],[2.369295,48.829712],[2.368214,48.830495],[2.368126,48.830515],[2.367851,48.83037],[2.367672,48.830321],[2.366367,48.831298],[2.366546,48.831497],[2.367661,48.832177],[2.371565,48.829606],[2.369904,48.82864]]]}},{"type":"Feature","properties":{"code":"751135030","name":"Gare 30","arrondissement":"Paris 13e Arrondissement","green_per_cap":0.107,"income":22560.0,"population":1864.73090388813},"geometry":{"type":"Polygon","coordinates":[[[2.365299,48.829172],[2.365149,48.829176],[2.363875,48.831192],[2.363677,48.831591],[2.364114,48.831308],[2.365092,48.830863],[2.366013,48.830534],[2.366367,48.831298],[2.367672,48.830321],[2.367539,48.830153],[2.367196,48.829993],[2.365575,48.829417],[2.36542,48.829453],[2.365299,48.829172]]]}},{"type":"Feature","properties":{"code":"751135121","name":"Maison Blanche 21","arrondissement":"Paris 13e Arrondissement","green_per_cap":4.52,"income":32750.0,"population":1418.77973749354},"geometry":{"type":"Polygon","coordinates":[[[2.348503,48.829927],[2.349249,48.829711],[2.350005,48.829648],[2.352593,48.830446],[2.352372,48.830053],[2.351088,48.829079],[2.349413,48.827656],[2.349013,48.827598],[2.348732,48.827389],[2.347273,48.82787],[2.347658,48.828777],[2.348503,48.829927]]]}},{"type":"Feature","properties":{"code":"751145303","name":"Montparnasse 3","arrondissement":"Paris 14e Arrondissement","green_per_cap":2.376,"income":35560.0,"population":1854.07097627496},"geometry":{"type":"Polygon","coordinates":[[[2.326855,48.834975],[2.327631,48.836021],[2.331952,48.834474],[2.33224,48.834447],[2.332628,48.834487],[2.331519,48.833224],[2.330545,48.833616],[2.326855,48.834975]]]}},{"type":"Feature","properties":{"code":"751155814","name":"Necker 14","arrondissement":"Paris 15e Arrondissement","green_per_cap":0.399,"income":39850.0,"population":1995.09442082445},"geometry":{"type":"Polygon","coordinates":[[[2.311972,48.847044],[2.313716,48.845943],[2.316713,48.846863],[2.316983,48.846636],[2.319142,48.845519],[2.320121,48.845097],[2.318827,48.844705],[2.317825,48.844452],[2.317081,48.844298],[2.312589,48.842931],[2.310885,48.845072],[2.311792,48.845346],[2.311972,48.847044]]]}},{"type":"Feature","properties":{"code":"751166218","name":"Muette 18","arrondissement":"Paris 16e Arrondissement","green_per_cap":null,"income":44290.0,"population":2377.38495766997},"geometry":{"type":"Polygon","coordinates":[[[2.275451,48.861248],[2.276527,48.863178],[2.277372,48.863952],[2.278861,48.863816],[2.281566,48.863505],[2.280971,48.862811],[2.27931,48.861208],[2.278339,48.861749],[2.277041,48.860579],[2.275451,48.861248]]]}},{"type":"Feature","properties":{"code":"751166407","name":"Chaillot 7","arrondissement":"Paris 16e Arrondissement","green_per_cap":21.228,"income":43010.0,"population":3118.51134399978},"geometry":{"type":"Polygon","coordinates":[[[2.287203,48.876266],[2.294249,48.874036],[2.294153,48.873849],[2.294163,48.873731],[2.292479,48.873549],[2.291424,48.872935],[2.284692,48.872193],[2.283966,48.875092],[2.287041,48.876007],[2.287203,48.876266]]]}},{"type":"Feature","properties":{"code":"751187110","name":"Goutte d'Or 10","arrondissement":"Paris 18e Arrondissement","green_per_cap":4.012,"income":18980.0,"population":8122.96047442037},"geometry":{"type":"Polygon","coordinates":[[[2.351984,48.901485],[2.358703,48.901618],[2.358772,48.90069],[2.359109,48.899544],[2.359105,48.899201],[2.359014,48.898696],[2.359096,48.897826],[2.359168,48.897744],[2.359339,48.895062],[2.359777,48.89222],[2.359897,48.890252],[2.356343,48.890359],[2.355804,48.890412],[2.351633,48.891188],[2.351681,48.891408],[2.352611,48.893159],[2.352874,48.894229],[2.35291,48.895112],[2.352872,48.896155],[2.352481,48.898353],[2.351984,48.901485]]]}},{"type":"Feature","properties":{"code":"751207806","name":"Saint-Fargeau 6","arrondissement":"Paris 20e Arrondissement","green_per_cap":null,"income":26420.0,"population":3841.52768707917},"geometry":{"type":"Polygon","coordinates":[[[2.402262,48.867244],[2.403579,48.867808],[2.40345,48.868021],[2.404248,48.868579],[2.40542,48.869225],[2.4055,48.868974],[2.405709,48.867513],[2.40632,48.866397],[2.405913,48.866105],[2.404637,48.864668],[2.40414,48.864682],[2.402262,48.867244]]]}},{"type":"Feature","properties":{"code":"751207912","name":"Père Lachaise 12","arrondissement":"Paris 20e Arrondissement","green_per_cap":0.009,"income":27920.0,"population":3179.87217601336},"geometry":{"type":"Polygon","coordinates":[[[2.39459,48.869964],[2.394801,48.869606],[2.396395,48.867545],[2.395137,48.866394],[2.39432,48.86579],[2.392959,48.866688],[2.392478,48.867865],[2.393211,48.868016],[2.394527,48.868469],[2.393996,48.868856],[2.393175,48.869548],[2.394438,48.870008],[2.39459,48.869964]]]}},{"type":"Feature","properties":{"code":"751208025","name":"Charonne 25","arrondissement":"Paris 20e Arrondissement","green_per_cap":0.035,"income":24780.0,"population":2588.13551137508},"geometry":{"type":"Polygon","coordinates":[[[2.39867,48.855086],[2.398056,48.855523],[2.397879,48.855724],[2.397129,48.856839],[2.397818,48.85698],[2.398851,48.857302],[2.399342,48.857564],[2.400805,48.855972],[2.400638,48.855859],[2.400637,48.855624],[2.399443,48.855322],[2.39867,48.855086]]]}},{"type":"Feature","properties":{"code":"751114204","name":"Saint-Ambroise 4","arrondissement":"Paris 11e Arrondissement","green_per_cap":4.004,"income":28690.0,"population":2487.74719804972},"geometry":{"type":"Polygon","coordinates":[[[2.376986,48.861992],[2.379308,48.86307],[2.381124,48.861095],[2.378645,48.860313],[2.376986,48.861992]]]}},{"type":"Feature","properties":{"code":"751197613","name":"Combat 13","arrondissement":"Paris 19e Arrondissement","green_per_cap":0.329,"income":29630.0,"population":2710.4734510869},"geometry":{"type":"Polygon","coordinates":[[[2.381945,48.882237],[2.381506,48.882007],[2.380884,48.881569],[2.377911,48.881068],[2.375762,48.88023],[2.375698,48.880154],[2.374395,48.879652],[2.374289,48.880148],[2.374051,48.880613],[2.373632,48.881043],[2.373221,48.881218],[2.37421,48.88203],[2.375666,48.882794],[2.380342,48.882576],[2.381702,48.882545],[2.381945,48.882237]]]}},{"type":"Feature","properties":{"code":"751207701","name":"Belleville 1","arrondissement":"Paris 20e Arrondissement","green_per_cap":0.103,"income":23630.0,"population":2387.36151438844},"geometry":{"type":"Polygon","coordinates":[[[2.39459,48.869964],[2.394438,48.870008],[2.392278,48.871653],[2.394208,48.872758],[2.394794,48.872679],[2.396105,48.87259],[2.395358,48.8707],[2.395751,48.870089],[2.39459,48.869964]]]}},{"type":"Feature","properties":{"code":"751103709","name":"Saint-Vincent de Paul 9","arrondissement":"Paris 10e Arrondissement","green_per_cap":0.184,"income":26310.0,"population":1846.50329987009},"geometry":{"type":"Polygon","coordinates":[[[2.3615,48.884407],[2.364714,48.884366],[2.367547,48.884183],[2.367232,48.883945],[2.366997,48.883827],[2.363476,48.882176],[2.363356,48.882085],[2.361652,48.883016],[2.3615,48.884407]]]}},{"type":"Feature","properties":{"code":"751124603","name":"Picpus 3","arrondissement":"Paris 12e Arrondissement","green_per_cap":26.692,"income":33630.0,"population":1650.81064614125},"geometry":{"type":"Polygon","coordinates":[[[2.394908,48.83361],[2.3968,48.834623],[2.397716,48.834175],[2.398183,48.833909],[2.399217,48.833081],[2.399924,48.832601],[2.397795,48.831759],[2.394908,48.83361]]]}},{"type":"Feature","properties":{"code":"751155702","name":"Saint-Lambert 2","arrondissement":"Paris 15e Arrondissement","green_per_cap":null,"income":24190.0,"population":1325.82054109147},"geometry":{"type":"Polygon","coordinates":[[[2.3129,48.834854],[2.307135,48.830178],[2.306932,48.829823],[2.304588,48.827858],[2.302866,48.828242],[2.30325,48.828462],[2.30393,48.828728],[2.304657,48.829219],[2.305855,48.830186],[2.307409,48.832],[2.308377,48.832814],[2.311284,48.835691],[2.312219,48.835141],[2.3129,48.834854]]]}},{"type":"Feature","properties":{"code":"751166118","name":"Auteuil 18","arrondissement":"Paris 16e Arrondissement","green_per_cap":0.013,"income":46240.0,"population":2449.63921781109},"geometry":{"type":"Polygon","coordinates":[[[2.270191,48.8485],[2.269135,48.847531],[2.268133,48.847539],[2.266846,48.847482],[2.266307,48.847557],[2.265133,48.847847],[2.264299,48.84799],[2.26436,48.848106],[2.266035,48.848844],[2.266244,48.848983],[2.266572,48.849061],[2.267888,48.849621],[2.268622,48.84967],[2.270191,48.8485]]]}},{"type":"Feature","properties":{"code":"751176506","name":"Ternes 6","arrondissement":"Paris 17e Arrondissement","green_per_cap":0.703,"income":38900.0,"population":2077.46896936542},"geometry":{"type":"Polygon","coordinates":[[[2.286247,48.884072],[2.287487,48.883073],[2.286167,48.882231],[2.286036,48.882227],[2.285596,48.881951],[2.285559,48.881846],[2.284395,48.881117],[2.284417,48.880971],[2.284303,48.880872],[2.283998,48.881151],[2.283345,48.881898],[2.283901,48.882218],[2.284127,48.882717],[2.286247,48.884072]]]}},{"type":"Feature","properties":{"code":"751176716","name":"Batignolles 16","arrondissement":"Paris 17e Arrondissement","green_per_cap":8.36,"income":33550.0,"population":1810.69200041669},"geometry":{"type":"Polygon","coordinates":[[[2.307496,48.887524],[2.304195,48.890018],[2.304607,48.890213],[2.310217,48.888328],[2.311196,48.887834],[2.310348,48.887829],[2.309175,48.887734],[2.307496,48.887524]]]}},{"type":"Feature","properties":{"code":"751186918","name":"Grandes Carrières 18","arrondissement":"Paris 18e Arrondissement","green_per_cap":4.564,"income":31560.0,"population":3262.83424392306},"geometry":{"type":"Polygon","coordinates":[[[2.334954,48.891681],[2.336379,48.893641],[2.340207,48.893097],[2.339639,48.891187],[2.334954,48.891681]]]}},{"type":"Feature","properties":{"code":"751207708","name":"Belleville 8","arrondissement":"Paris 20e Arrondissement","green_per_cap":1.266,"income":18760.0,"population":3199.35637881692},"geometry":{"type":"Polygon","coordinates":[[[2.380576,48.868981],[2.37829,48.870775],[2.381067,48.871576],[2.381483,48.870918],[2.382126,48.871002],[2.382922,48.87143],[2.383379,48.871008],[2.384015,48.870599],[2.384304,48.87019],[2.383058,48.869946],[2.381332,48.869334],[2.380576,48.868981]]]}},{"type":"Feature","properties":{"code":"751103801","name":"Porte Saint-Denis 1","arrondissement":"Paris 10e Arrondissement","green_per_cap":6.044,"income":32720.0,"population":1809.8529227554},"geometry":{"type":"Polygon","coordinates":[[[2.357485,48.875163],[2.357146,48.87469],[2.356922,48.87464],[2.357088,48.874575],[2.357124,48.874474],[2.355906,48.872244],[2.354557,48.872785],[2.354396,48.872819],[2.356247,48.875696],[2.356048,48.87585],[2.3562,48.875968],[2.355961,48.87618],[2.355675,48.876527],[2.355865,48.876514],[2.3561,48.876563],[2.356242,48.876462],[2.357866,48.876215],[2.357485,48.875163]]]}},{"type":"Feature","properties":{"code":"751155815","name":"Necker 15","arrondissement":"Paris 15e Arrondissement","green_per_cap":1.45,"income":35120.0,"population":2207.48870967662},"geometry":{"type":"Polygon","coordinates":[[[2.313191,48.84217],[2.312589,48.842931],[2.317081,48.844298],[2.317825,48.844452],[2.316657,48.843125],[2.316222,48.842708],[2.315954,48.842541],[2.314927,48.842025],[2.313892,48.841445],[2.313191,48.84217]]]}},{"type":"Feature","properties":{"code":"751166221","name":"Muette 21","arrondissement":"Paris 16e Arrondissement","green_per_cap":49.593,"income":48570.0,"population":1915.91022105818},"geometry":{"type":"Polygon","coordinates":[[[2.286591,48.86206],[2.286802,48.862341],[2.286823,48.862457],[2.287403,48.862769],[2.291216,48.860368],[2.290686,48.859906],[2.29054,48.859921],[2.289331,48.85891],[2.288628,48.858482],[2.286468,48.856815],[2.285977,48.857308],[2.285865,48.857224],[2.285401,48.857691],[2.285505,48.857778],[2.284787,48.858495],[2.28467,48.858483],[2.284565,48.858525],[2.284569,48.858647],[2.284767,48.858677],[2.284786,48.858865],[2.286586,48.86133],[2.286669,48.861597],[2.286591,48.86206]]]}},{"type":"Feature","properties":{"code":"751208001","name":"Charonne 1","arrondissement":"Paris 20e Arrondissement","green_per_cap":8.023,"income":17780.0,"population":2350.93172130461},"geometry":{"type":"Polygon","coordinates":[[[2.416341,48.849234],[2.41635,48.8487],[2.415971,48.846623],[2.411069,48.847047],[2.411361,48.849097],[2.411498,48.849127],[2.413054,48.849164],[2.413071,48.849113],[2.414339,48.849273],[2.416341,48.849234]]]}},{"type":"Feature","properties":{"code":"751114113","name":"Folie Méricourt 13","arrondissement":"Paris 11e Arrondissement","green_per_cap":2.006,"income":28140.0,"population":1352.3157645151},"geometry":{"type":"Polygon","coordinates":[[[2.372897,48.87057],[2.374664,48.871249],[2.375573,48.869981],[2.375421,48.869934],[2.376305,48.868841],[2.374928,48.868433],[2.372897,48.87057]]]}},{"type":"Feature","properties":{"code":"751176507","name":"Ternes 7","arrondissement":"Paris 17e Arrondissement","green_per_cap":0.693,"income":38970.0,"population":2399.77151224646},"geometry":{"type":"Polygon","coordinates":[[[2.289957,48.880846],[2.288393,48.879985],[2.285287,48.88071],[2.28511,48.880695],[2.284303,48.880872],[2.284417,48.880971],[2.284395,48.881117],[2.285559,48.881846],[2.285596,48.881951],[2.286036,48.882227],[2.286167,48.882231],[2.287487,48.883073],[2.289957,48.880846]]]}},{"type":"Feature","properties":{"code":"751186916","name":"Grandes Carrières 16","arrondissement":"Paris 18e Arrondissement","green_per_cap":0.046,"income":25650.0,"population":2584.54147968448},"geometry":{"type":"Polygon","coordinates":[[[2.332612,48.894148],[2.333723,48.892993],[2.333598,48.892418],[2.332802,48.892482],[2.332065,48.892615],[2.331899,48.892166],[2.327474,48.893046],[2.332612,48.894148]]]}},{"type":"Feature","properties":{"code":"751197308","name":"Villette 8","arrondissement":"Paris 19e Arrondissement","green_per_cap":0.085,"income":16930.0,"population":3319.53308954514},"geometry":{"type":"Polygon","coordinates":[[[2.36706,48.887332],[2.367561,48.888624],[2.368128,48.889701],[2.371266,48.889254],[2.370134,48.887381],[2.369242,48.886511],[2.369089,48.886623],[2.36706,48.887332]]]}},{"type":"Feature","properties":{"code":"751197505","name":"Amérique 5","arrondissement":"Paris 19e Arrondissement","green_per_cap":3.915,"income":24430.0,"population":1816.38190023792},"geometry":{"type":"Polygon","coordinates":[[[2.395223,48.875249],[2.392069,48.875461],[2.392019,48.875843],[2.392122,48.876269],[2.392514,48.876595],[2.392768,48.87733],[2.393789,48.877493],[2.395198,48.877573],[2.395432,48.877628],[2.395657,48.877712],[2.395535,48.876721],[2.395463,48.876556],[2.395363,48.876389],[2.395125,48.876244],[2.394777,48.876103],[2.395223,48.875249]]]}},{"type":"Feature","properties":{"code":"751197506","name":"Amérique 6","arrondissement":"Paris 19e Arrondissement","green_per_cap":null,"income":30210.0,"population":1894.38619113486},"geometry":{"type":"Polygon","coordinates":[[[2.392069,48.875461],[2.390457,48.875439],[2.389645,48.875303],[2.388497,48.874765],[2.387452,48.874665],[2.387392,48.875795],[2.387531,48.876263],[2.387603,48.876334],[2.388829,48.87609],[2.389528,48.876098],[2.389564,48.876877],[2.392514,48.876595],[2.392122,48.876269],[2.392019,48.875843],[2.392069,48.875461]]]}},{"type":"Feature","properties":{"code":"751176516","name":"Ternes 16","arrondissement":"Paris 17e Arrondissement","green_per_cap":2097.25,"income":null,"population":4.00000038470586},"geometry":{"type":"Polygon","coordinates":[[[2.283618,48.877406],[2.281134,48.878197],[2.281204,48.878353],[2.281803,48.879003],[2.283892,48.880598],[2.284089,48.88083],[2.284303,48.880872],[2.28511,48.880695],[2.285287,48.88071],[2.285148,48.880571],[2.284138,48.878248],[2.283987,48.878122],[2.283725,48.877687],[2.283618,48.877406]]]}},{"type":"Feature","properties":{"code":"751041588","name":"Bassin de l'Arsenal","arrondissement":"Paris 4e Arrondissement","green_per_cap":null,"income":null,"population":0.0},"geometry":{"type":"Polygon","coordinates":[[[2.369041,48.852993],[2.366444,48.84731],[2.366042,48.847083],[2.365541,48.847467],[2.365754,48.847608],[2.36591,48.847809],[2.368069,48.852572],[2.368428,48.852931],[2.368826,48.852893],[2.369041,48.852993]]]}},{"type":"Feature","properties":{"code":"751020701","name":"Mail 1","arrondissement":"Paris 2e Arrondissement","green_per_cap":0.117,"income":34950.0,"population":1768.26843868617},"geometry":{"type":"Polygon","coordinates":[[[2.346683,48.864422],[2.343083,48.865285],[2.343865,48.866765],[2.343986,48.867339],[2.344271,48.866709],[2.345052,48.866704],[2.34716,48.866353],[2.346992,48.865528],[2.346683,48.864422]]]}},{"type":"Feature","properties":{"code":"751124618","name":"Picpus 18","arrondissement":"Paris 12e Arrondissement","green_per_cap":null,"income":34420.0,"population":2382.22461602856},"geometry":{"type":"Polygon","coordinates":[[[2.386774,48.847341],[2.392843,48.848034],[2.393684,48.847147],[2.392208,48.846456],[2.391858,48.846553],[2.391172,48.847187],[2.388354,48.845819],[2.387454,48.84658],[2.387132,48.846911],[2.386774,48.847341]]]}},{"type":"Feature","properties":{"code":"751145503","name":"Petit Montrouge 3","arrondissement":"Paris 14e Arrondissement","green_per_cap":11.19,"income":19260.0,"population":2741.29833563441},"geometry":{"type":"Polygon","coordinates":[[[2.323964,48.820124],[2.32104,48.820768],[2.314146,48.822291],[2.315051,48.822752],[2.319328,48.824607],[2.323815,48.823614],[2.324915,48.823292],[2.32552,48.823154],[2.325453,48.822942],[2.325343,48.822827],[2.325226,48.822349],[2.324976,48.821692],[2.3242,48.820558],[2.323964,48.820124]]]}},{"type":"Feature","properties":{"code":"751187104","name":"Goutte d'Or 4","arrondissement":"Paris 18e Arrondissement","green_per_cap":4.669,"income":21270.0,"population":2400.72960569839},"geometry":{"type":"Polygon","coordinates":[[[2.35632,48.887336],[2.356731,48.885438],[2.356777,48.884925],[2.355369,48.884993],[2.352527,48.885021],[2.352952,48.885712],[2.352992,48.88609],[2.352755,48.886605],[2.353435,48.88673],[2.353448,48.887105],[2.35632,48.887336]]]}},{"type":"Feature","properties":{"code":"751208009","name":"Charonne 9","arrondissement":"Paris 20e Arrondissement","green_per_cap":0.72,"income":15350.0,"population":1670.422809265},"geometry":{"type":"Polygon","coordinates":[[[2.414778,48.858255],[2.415437,48.854386],[2.414671,48.854139],[2.414664,48.853934],[2.41453,48.853735],[2.414387,48.853627],[2.414068,48.853528],[2.413827,48.853501],[2.413431,48.853572],[2.413184,48.853689],[2.413002,48.853911],[2.410661,48.853506],[2.410128,48.856171],[2.410402,48.856337],[2.41118,48.856997],[2.411465,48.857065],[2.411482,48.857179],[2.41347,48.857818],[2.413765,48.857858],[2.414432,48.857833],[2.414471,48.858247],[2.414634,48.858207],[2.414778,48.858255]]]}},{"type":"Feature","properties":{"code":"751041301","name":"Saint-Merri 1","arrondissement":"Paris 4e Arrondissement","green_per_cap":null,"income":35360.0,"population":1857.34953033177},"geometry":{"type":"Polygon","coordinates":[[[2.355146,48.860672],[2.356864,48.860084],[2.354238,48.857512],[2.353015,48.857968],[2.354067,48.859538],[2.355146,48.860672]]]}},{"type":"Feature","properties":{"code":"751103906","name":"Porte Saint-Martin 6","arrondissement":"Paris 10e Arrondissement","green_per_cap":0.0,"income":31300.0,"population":2341.83296551298},"geometry":{"type":"Polygon","coordinates":[[[2.355743,48.868978],[2.354253,48.869324],[2.355906,48.872244],[2.357124,48.874474],[2.357088,48.874575],[2.356922,48.87464],[2.357146,48.87469],[2.357299,48.874915],[2.358325,48.873769],[2.357203,48.871759],[2.355719,48.869267],[2.355827,48.869158],[2.355743,48.868978]]]}},{"type":"Feature","properties":{"code":"751124613","name":"Picpus 13","arrondissement":"Paris 12e Arrondissement","green_per_cap":5.116,"income":27770.0,"population":4273.52686095594},"geometry":{"type":"Polygon","coordinates":[[[2.395208,48.840032],[2.395011,48.839939],[2.394936,48.839797],[2.388867,48.841137],[2.387363,48.841539],[2.386582,48.841891],[2.385913,48.842652],[2.389935,48.8445],[2.393654,48.841432],[2.394076,48.841021],[2.395208,48.840032]]]}},{"type":"Feature","properties":{"code":"751124622","name":"Picpus 22","arrondissement":"Paris 12e Arrondissement","green_per_cap":0.801,"income":null,"population":1872.49506767568},"geometry":{"type":"Polygon","coordinates":[[[2.389497,48.849346],[2.391973,48.848969],[2.392843,48.848034],[2.387143,48.847384],[2.387208,48.847524],[2.387347,48.847646],[2.388718,48.848674],[2.38943,48.849237],[2.389497,48.849346]]]}},{"type":"Feature","properties":{"code":"751135115","name":"Maison Blanche 15","arrondissement":"Paris 13e Arrondissement","green_per_cap":0.394,"income":34600.0,"population":1542.22812217379},"geometry":{"type":"Polygon","coordinates":[[[2.342506,48.821449],[2.342047,48.822109],[2.343636,48.822776],[2.343959,48.822624],[2.344062,48.822758],[2.34456,48.824054],[2.346473,48.822463],[2.346797,48.822275],[2.346101,48.822112],[2.343291,48.821598],[2.342959,48.821567],[2.342506,48.821449]]]}},{"type":"Feature","properties":{"code":"751135205","name":"Croulebarbe 5","arrondissement":"Paris 13e Arrondissement","green_per_cap":null,"income":32950.0,"population":2639.73295550719},"geometry":{"type":"Polygon","coordinates":[[[2.341072,48.831972],[2.341264,48.833093],[2.342302,48.833487],[2.344365,48.834005],[2.344849,48.834173],[2.344236,48.83113],[2.341072,48.831972]]]}},{"type":"Feature","properties":{"code":"751155724","name":"Saint-Lambert 24","arrondissement":"Paris 15e Arrondissement","green_per_cap":0.372,"income":37890.0,"population":3161.90663277549},"geometry":{"type":"Polygon","coordinates":[[[2.300398,48.83927],[2.298464,48.838318],[2.29653,48.839651],[2.295733,48.840451],[2.297004,48.840913],[2.299142,48.841568],[2.299488,48.840493],[2.300398,48.83927]]]}},{"type":"Feature","properties":{"code":"751155803","name":"Necker 3","arrondissement":"Paris 15e Arrondissement","green_per_cap":1.312,"income":38960.0,"population":3658.27496571645},"geometry":{"type":"Polygon","coordinates":[[[2.313191,48.84217],[2.314863,48.840497],[2.315386,48.840081],[2.316572,48.839016],[2.316074,48.838792],[2.315703,48.838745],[2.314702,48.83865],[2.314546,48.838677],[2.3115,48.838496],[2.311524,48.838534],[2.310602,48.838944],[2.309542,48.839478],[2.312806,48.841958],[2.313191,48.84217]]]}},{"type":"Feature","properties":{"code":"751156010","name":"Javel 10","arrondissement":"Paris 15e Arrondissement","green_per_cap":4.317,"income":27720.0,"population":2498.21333247537},"geometry":{"type":"Polygon","coordinates":[[[2.279139,48.84185],[2.274596,48.843517],[2.274542,48.843578],[2.27553,48.844675],[2.277303,48.843981],[2.277099,48.845238],[2.279255,48.844206],[2.278524,48.843442],[2.280035,48.842811],[2.279139,48.84185]]]}},{"type":"Feature","properties":{"code":"751166121","name":"Auteuil 21","arrondissement":"Paris 16e Arrondissement","green_per_cap":21.952,"income":32810.0,"population":2684.82901031491},"geometry":{"type":"Polygon","coordinates":[[[2.258465,48.847199],[2.258395,48.847459],[2.256968,48.847445],[2.257157,48.847671],[2.257065,48.8477],[2.257096,48.847759],[2.25702,48.847841],[2.257119,48.848209],[2.257346,48.848201],[2.257395,48.848461],[2.257874,48.848648],[2.258047,48.849301],[2.25845,48.850107],[2.262573,48.856516],[2.262574,48.856804],[2.262676,48.857245],[2.263008,48.857816],[2.264672,48.857364],[2.263846,48.856084],[2.264775,48.855851],[2.264369,48.855568],[2.263669,48.854861],[2.262864,48.853618],[2.262483,48.852736],[2.262266,48.851216],[2.262039,48.850611],[2.26164,48.850017],[2.260845,48.849077],[2.260211,48.84792],[2.258931,48.847919],[2.258709,48.847517],[2.258465,48.847199]]]}},{"type":"Feature","properties":{"code":"751186928","name":"Grandes Carrières 28","arrondissement":"Paris 18e Arrondissement","green_per_cap":0.097,"income":15130.0,"population":2331.01180641483},"geometry":{"type":"Polygon","coordinates":[[[2.337429,48.897807],[2.333386,48.897712],[2.334202,48.898839],[2.33443,48.899085],[2.33477,48.899111],[2.334715,48.900473],[2.335461,48.900523],[2.336296,48.899132],[2.337429,48.897807]]]}},{"type":"Feature","properties":{"code":"751197403","name":"Pont de Flandre 3","arrondissement":"Paris 19e Arrondissement","green_per_cap":0.607,"income":21200.0,"population":2193.1364892723},"geometry":{"type":"Polygon","coordinates":[[[2.383861,48.890871],[2.382398,48.891655],[2.384114,48.893034],[2.383079,48.893603],[2.383234,48.893716],[2.383566,48.893857],[2.384368,48.894512],[2.385572,48.892552],[2.385285,48.892072],[2.385286,48.891594],[2.383861,48.890871]]]}},{"type":"Feature","properties":{"code":"751207904","name":"Père Lachaise 4","arrondissement":"Paris 20e Arrondissement","green_per_cap":0.894,"income":29980.0,"population":2290.56443391952},"geometry":{"type":"Polygon","coordinates":[[[2.398599,48.864783],[2.399136,48.864077],[2.399772,48.863165],[2.40002,48.862571],[2.400203,48.861718],[2.39923,48.86144],[2.398456,48.862411],[2.397259,48.863497],[2.396284,48.864226],[2.395554,48.86495],[2.396068,48.86499],[2.398191,48.864912],[2.398222,48.864818],[2.39832,48.864763],[2.39847,48.86474],[2.398599,48.864783]]]}},{"type":"Feature","properties":{"code":"751062204","name":"Odéon 4","arrondissement":"Paris 6e Arrondissement","green_per_cap":0.344,"income":39910.0,"population":2405.31758856318},"geometry":{"type":"Polygon","coordinates":[[[2.342632,48.850348],[2.340634,48.846972],[2.340508,48.847037],[2.340448,48.84727],[2.339119,48.848803],[2.338716,48.849061],[2.33841,48.849187],[2.337783,48.849283],[2.337328,48.849298],[2.337057,48.851471],[2.33826,48.85154],[2.338477,48.851823],[2.338681,48.851818],[2.338721,48.852268],[2.338792,48.852466],[2.339352,48.85233],[2.339382,48.852168],[2.339659,48.851986],[2.340223,48.851471],[2.340699,48.851149],[2.3412,48.850879],[2.341307,48.850879],[2.342485,48.850437],[2.342632,48.850348]]]}},{"type":"Feature","properties":{"code":"751124507","name":"Bel-Air 7","arrondissement":"Paris 12e Arrondissement","green_per_cap":2.668,"income":29880.0,"population":2042.60931374146},"geometry":{"type":"Polygon","coordinates":[[[2.402316,48.842845],[2.401532,48.842986],[2.402257,48.845014],[2.402544,48.844941],[2.402993,48.844954],[2.405743,48.844724],[2.405271,48.842962],[2.40234,48.843346],[2.402316,48.842845]]]}},{"type":"Feature","properties":{"code":"751145301","name":"Montparnasse 1","arrondissement":"Paris 14e Arrondissement","green_per_cap":0.078,"income":30870.0,"population":1599.09035888215},"geometry":{"type":"Polygon","coordinates":[[[2.341672,48.835389],[2.341072,48.831972],[2.341157,48.831788],[2.336457,48.833093],[2.336532,48.83347],[2.336334,48.833576],[2.336653,48.834078],[2.338047,48.833774],[2.338222,48.834665],[2.336969,48.834608],[2.337748,48.835872],[2.340537,48.835584],[2.341672,48.835389]]]}},{"type":"Feature","properties":{"code":"751145501","name":"Petit Montrouge 1","arrondissement":"Paris 14e Arrondissement","green_per_cap":2.673,"income":19730.0,"population":2374.90624579854},"geometry":{"type":"Polygon","coordinates":[[[2.329296,48.818951],[2.323964,48.820124],[2.3242,48.820558],[2.324976,48.821692],[2.325226,48.822349],[2.325343,48.822827],[2.325453,48.822942],[2.32552,48.823154],[2.326678,48.822898],[2.327432,48.822825],[2.330366,48.822175],[2.329907,48.821026],[2.329676,48.820128],[2.329535,48.81955],[2.329591,48.81938],[2.329666,48.819315],[2.329296,48.818951]]]}},{"type":"Feature","properties":{"code":"751156002","name":"Javel 2","arrondissement":"Paris 15e Arrondissement","green_per_cap":49.65,"income":37600.0,"population":2208.74073462681},"geometry":{"type":"Polygon","coordinates":[[[2.278252,48.836086],[2.278638,48.83691],[2.278983,48.837058],[2.281303,48.838295],[2.281774,48.837898],[2.283417,48.837049],[2.283613,48.836863],[2.281324,48.835937],[2.281029,48.835336],[2.279185,48.835867],[2.278252,48.836086]]]}},{"type":"Feature","properties":{"code":"751176715","name":"Batignolles 15","arrondissement":"Paris 17e Arrondissement","green_per_cap":null,"income":42180.0,"population":2562.92587479799},"geometry":{"type":"Polygon","coordinates":[[[2.309564,48.88597],[2.307496,48.887524],[2.309175,48.887734],[2.310348,48.887829],[2.311196,48.887834],[2.311788,48.887802],[2.31256,48.887701],[2.314087,48.887352],[2.31382,48.887334],[2.312637,48.886938],[2.309564,48.88597]]]}},{"type":"Feature","properties":{"code":"751197314","name":"Villette 14","arrondissement":"Paris 19e Arrondissement","green_per_cap":0.709,"income":20510.0,"population":2537.53933432175},"geometry":{"type":"Polygon","coordinates":[[[2.379132,48.892321],[2.380345,48.891633],[2.382108,48.890737],[2.382636,48.890261],[2.379325,48.888608],[2.379191,48.888638],[2.378655,48.889111],[2.378553,48.889109],[2.3769,48.890563],[2.379132,48.892321]]]}},{"type":"Feature","properties":{"code":"751010105","name":"Tuileries","arrondissement":"Paris 1er Arrondissement","green_per_cap":null,"income":null,"population":0.0},"geometry":{"type":"Polygon","coordinates":[[[2.321468,48.863753],[2.323472,48.866371],[2.323739,48.866384],[2.324159,48.866325],[2.331356,48.863988],[2.332107,48.863762],[2.331968,48.863652],[2.33149,48.863004],[2.330081,48.861002],[2.330142,48.860844],[2.324694,48.862606],[2.323768,48.863],[2.321468,48.863753]]]}},{"type":"Feature","properties":{"code":"751082902","name":"Champs Élysées 2","arrondissement":"Paris 8e Arrondissement","green_per_cap":15.3,"income":null,"population":568.433948895826},"geometry":{"type":"Polygon","coordinates":[[[2.301662,48.864195],[2.301635,48.864491],[2.301396,48.864584],[2.302003,48.864756],[2.302954,48.865292],[2.30929,48.868569],[2.309454,48.868452],[2.309652,48.868377],[2.309944,48.868309],[2.31017,48.868309],[2.310254,48.866829],[2.31029,48.864706],[2.310359,48.864317],[2.302291,48.864158],[2.302239,48.864284],[2.301662,48.864195]]]}},{"type":"Feature","properties":{"code":"751031004","name":"Enfants Rouges 4","arrondissement":"Paris 3e Arrondissement","green_per_cap":4.191,"income":39040.0,"population":2029.63277338632},"geometry":{"type":"Polygon","coordinates":[[[2.35962,48.864689],[2.360065,48.865034],[2.360888,48.865819],[2.362616,48.864983],[2.363441,48.864525],[2.364498,48.864698],[2.364728,48.86477],[2.364768,48.86471],[2.364615,48.861903],[2.364437,48.861927],[2.361661,48.863304],[2.359719,48.864658],[2.35962,48.864689]]]}},{"type":"Feature","properties":{"code":"751124501","name":"Bel-Air 1","arrondissement":"Paris 12e Arrondissement","green_per_cap":8.14,"income":21620.0,"population":3412.31685805094},"geometry":{"type":"Polygon","coordinates":[[[2.414047,48.83976],[2.412852,48.836217],[2.412246,48.834539],[2.411472,48.833929],[2.41088,48.833983],[2.410271,48.834141],[2.40983,48.83433],[2.409774,48.834408],[2.40817,48.83496],[2.407979,48.834876],[2.407781,48.834549],[2.40756,48.834322],[2.40725,48.834142],[2.40553,48.833242],[2.404436,48.832951],[2.404178,48.832501],[2.403894,48.832295],[2.402176,48.833404],[2.404451,48.834236],[2.404902,48.834467],[2.406569,48.83547],[2.407675,48.83643],[2.40792,48.836837],[2.40915,48.840731],[2.410392,48.840766],[2.410763,48.840851],[2.41145,48.841083],[2.412059,48.841075],[2.412511,48.841205],[2.412535,48.841125],[2.413118,48.841229],[2.413195,48.841196],[2.413285,48.840921],[2.413206,48.840383],[2.413062,48.839954],[2.413739,48.839852],[2.413913,48.839855],[2.413898,48.839773],[2.414047,48.83976]]]}},{"type":"Feature","properties":{"code":"751135106","name":"Maison Blanche 6","arrondissement":"Paris 13e Arrondissement","green_per_cap":4.471,"income":24440.0,"population":3395.32871888787},"geometry":{"type":"Polygon","coordinates":[[[2.357269,48.826183],[2.358512,48.822205],[2.356487,48.822111],[2.356272,48.82029],[2.355841,48.820593],[2.355247,48.820833],[2.355434,48.822973],[2.355453,48.824102],[2.35541,48.824742],[2.35533,48.82481],[2.355376,48.824855],[2.355227,48.825926],[2.355158,48.82607],[2.357269,48.826183]]]}},{"type":"Feature","properties":{"code":"751166210","name":"Muette 10","arrondissement":"Paris 16e Arrondissement","green_per_cap":null,"income":52170.0,"population":1866.55295615366},"geometry":{"type":"Polygon","coordinates":[[[2.275633,48.86156],[2.275026,48.860417],[2.275231,48.859626],[2.274939,48.858322],[2.274701,48.858228],[2.274405,48.858174],[2.273639,48.858209],[2.27282,48.858295],[2.272633,48.858272],[2.27274,48.858409],[2.273203,48.858721],[2.27349,48.859024],[2.273705,48.859334],[2.273867,48.859842],[2.273901,48.860179],[2.273861,48.860873],[2.273656,48.861295],[2.273072,48.862156],[2.273882,48.862606],[2.27395,48.862688],[2.274076,48.86267],[2.275633,48.86156]]]}},{"type":"Feature","properties":{"code":"751176705","name":"Batignolles 5","arrondissement":"Paris 17e Arrondissement","green_per_cap":0.69,"income":39040.0,"population":1981.89224411066},"geometry":{"type":"Polygon","coordinates":[[[2.318457,48.886435],[2.318517,48.886542],[2.318446,48.886633],[2.31937,48.887155],[2.321644,48.885743],[2.323512,48.88423],[2.322424,48.884019],[2.318457,48.886435]]]}},{"type":"Feature","properties":{"code":"751176813","name":"Épinettes 13","arrondissement":"Paris 17e Arrondissement","green_per_cap":2.082,"income":21160.0,"population":2722.37649828276},"geometry":{"type":"Polygon","coordinates":[[[2.313698,48.894381],[2.316354,48.89537],[2.316425,48.89528],[2.319298,48.894621],[2.317529,48.89212],[2.3138,48.894277],[2.313778,48.894343],[2.313698,48.894381]]]}},{"type":"Feature","properties":{"code":"751187003","name":"Clignancourt 3","arrondissement":"Paris 18e Arrondissement","green_per_cap":2.008,"income":31900.0,"population":1997.16696973052},"geometry":{"type":"Polygon","coordinates":[[[2.341959,48.882445],[2.339802,48.882024],[2.3378,48.882325],[2.339127,48.883936],[2.339743,48.883694],[2.339741,48.883582],[2.34173,48.883448],[2.341959,48.882445]]]}},{"type":"Feature","properties":{"code":"751207714","name":"Belleville 14","arrondissement":"Paris 20e Arrondissement","green_per_cap":0.378,"income":28460.0,"population":3176.25374999271},"geometry":{"type":"Polygon","coordinates":[[[2.392193,48.875462],[2.395223,48.875249],[2.395368,48.875255],[2.395851,48.874357],[2.395969,48.873523],[2.396205,48.872828],[2.396105,48.87259],[2.394794,48.872679],[2.394208,48.872758],[2.393974,48.873112],[2.393789,48.873232],[2.392193,48.875462]]]}},{"type":"Feature","properties":{"code":"751207803","name":"Saint-Fargeau 3","arrondissement":"Paris 20e Arrondissement","green_per_cap":0.329,"income":16110.0,"population":1897.81751804251},"geometry":{"type":"Polygon","coordinates":[[[2.408888,48.866356],[2.409011,48.867947],[2.410081,48.867911],[2.409993,48.869133],[2.410875,48.869176],[2.411143,48.866516],[2.410156,48.866411],[2.408888,48.866356]]]}},{"type":"Feature","properties":{"code":"751166199","name":"Seine et Berges 1","arrondissement":"Paris 16e Arrondissement","green_per_cap":null,"income":null,"population":0.0},"geometry":{"type":"Polygon","coordinates":[[[2.280073,48.850289],[2.278021,48.848888],[2.275464,48.846704],[2.266032,48.836838],[2.262792,48.833923],[2.261492,48.83407],[2.261978,48.834639],[2.265566,48.838096],[2.2663,48.838747],[2.277082,48.849864],[2.277388,48.849719],[2.279094,48.850909],[2.280073,48.850289]]]}},{"type":"Feature","properties":{"code":"751010401","name":"Place Vendôme 1","arrondissement":"Paris 1er Arrondissement","green_per_cap":null,"income":43970.0,"population":1151.1414112568},"geometry":{"type":"Polygon","coordinates":[[[2.323472,48.866371],[2.324584,48.867949],[2.325876,48.867529],[2.326976,48.867216],[2.328541,48.86661],[2.331943,48.864919],[2.331356,48.863988],[2.324159,48.866325],[2.323739,48.866384],[2.323472,48.866371]]]}},{"type":"Feature","properties":{"code":"751051905","name":"Val de Grâce 5","arrondissement":"Paris 5e Arrondissement","green_per_cap":null,"income":48960.0,"population":2491.79232295536},"geometry":{"type":"Polygon","coordinates":[[[2.338983,48.843924],[2.340849,48.847337],[2.341951,48.847098],[2.34161,48.846665],[2.342544,48.846423],[2.342952,48.846098],[2.341548,48.843351],[2.340374,48.843679],[2.338983,48.843924]]]}},{"type":"Feature","properties":{"code":"751062301","name":"Notre-Dame des Champs 1","arrondissement":"Paris 6e Arrondissement","green_per_cap":null,"income":47740.0,"population":1483.29624623308},"geometry":{"type":"Polygon","coordinates":[[[2.337256,48.840875],[2.336771,48.840746],[2.336657,48.839671],[2.329832,48.841908],[2.329885,48.841962],[2.331758,48.842703],[2.332239,48.841876],[2.333042,48.841311],[2.334079,48.841951],[2.334856,48.842338],[2.336112,48.841047],[2.336284,48.841123],[2.336496,48.84088],[2.336701,48.840802],[2.336937,48.840798],[2.337256,48.840875]]]}},{"type":"Feature","properties":{"code":"751062306","name":"Notre-Dame des Champs 6","arrondissement":"Paris 6e Arrondissement","green_per_cap":0.0,"income":43230.0,"population":2312.02346765562},"geometry":{"type":"Polygon","coordinates":[[[2.324298,48.843729],[2.320121,48.845097],[2.319142,48.845519],[2.32075,48.846492],[2.322782,48.847558],[2.32411,48.846239],[2.324192,48.846261],[2.324531,48.845753],[2.325614,48.845661],[2.324174,48.844181],[2.324298,48.843729]]]}},{"type":"Feature","properties":{"code":"751082901","name":"Champs Élysées 1","arrondissement":"Paris 8e Arrondissement","green_per_cap":null,"income":null,"population":966.917476797145},"geometry":{"type":"Polygon","coordinates":[[[2.301396,48.864584],[2.300991,48.864741],[2.301361,48.864715],[2.301449,48.864977],[2.300996,48.870056],[2.301364,48.870168],[2.301424,48.870064],[2.306296,48.867026],[2.302954,48.865292],[2.302003,48.864756],[2.301396,48.864584]]]}},{"type":"Feature","properties":{"code":"751114105","name":"Folie Méricourt 5","arrondissement":"Paris 11e Arrondissement","green_per_cap":null,"income":35360.0,"population":2013.0642858769},"geometry":{"type":"Polygon","coordinates":[[[2.368851,48.866351],[2.370714,48.864018],[2.370124,48.86377],[2.365165,48.866723],[2.365504,48.866977],[2.368851,48.866351]]]}},{"type":"Feature","properties":{"code":"751124614","name":"Picpus 14","arrondissement":"Paris 12e Arrondissement","green_per_cap":2.262,"income":35140.0,"population":3621.12158963353},"geometry":{"type":"Polygon","coordinates":[[[2.395208,48.840032],[2.394076,48.841021],[2.397455,48.842718],[2.40011,48.839742],[2.399644,48.839647],[2.39712,48.839567],[2.39647,48.839665],[2.396463,48.839781],[2.395521,48.839992],[2.395371,48.840089],[2.395208,48.840032]]]}},{"type":"Feature","properties":{"code":"751135008","name":"Gare 8","arrondissement":"Paris 13e Arrondissement","green_per_cap":6.913,"income":21180.0,"population":1276.49236715197},"geometry":{"type":"Polygon","coordinates":[[[2.365608,48.824382],[2.366942,48.824655],[2.366528,48.82545],[2.366183,48.825374],[2.365399,48.826863],[2.366491,48.827008],[2.368476,48.823302],[2.369363,48.821721],[2.369249,48.821527],[2.366341,48.822993],[2.366763,48.823173],[2.366527,48.823819],[2.365608,48.824382]]]}},{"type":"Feature","properties":{"code":"751145620","name":"Plaisance 20","arrondissement":"Paris 14e Arrondissement","green_per_cap":0.111,"income":25430.0,"population":2377.10567054336},"geometry":{"type":"Polygon","coordinates":[[[2.320482,48.832333],[2.321069,48.833193],[2.321568,48.833777],[2.323223,48.833254],[2.322696,48.832626],[2.324712,48.832032],[2.323993,48.830998],[2.320482,48.832333]]]}},{"type":"Feature","properties":{"code":"751155725","name":"Saint-Lambert 25","arrondissement":"Paris 15e Arrondissement","green_per_cap":null,"income":39420.0,"population":2476.60504720049},"geometry":{"type":"Polygon","coordinates":[[[2.297295,48.836978],[2.296441,48.837226],[2.293942,48.838337],[2.292008,48.83926],[2.293098,48.839582],[2.295733,48.840451],[2.29653,48.839651],[2.298464,48.838318],[2.296737,48.837381],[2.297295,48.836978]]]}},{"type":"Feature","properties":{"code":"751176816","name":"Épinettes 16","arrondissement":"Paris 17e Arrondissement","green_per_cap":1.088,"income":16110.0,"population":2767.83442805996},"geometry":{"type":"Polygon","coordinates":[[[2.329467,48.899023],[2.328992,48.897632],[2.323296,48.897519],[2.322306,48.897472],[2.32159,48.897352],[2.313698,48.894381],[2.313332,48.894496],[2.31297,48.894663],[2.311979,48.895232],[2.312557,48.895609],[2.313665,48.896476],[2.314553,48.896071],[2.314667,48.896077],[2.321654,48.898742],[2.322094,48.898943],[2.323039,48.898728],[2.323334,48.898724],[2.323809,48.898735],[2.32389,48.898853],[2.324053,48.89888],[2.329467,48.899023]]]}},{"type":"Feature","properties":{"code":"751187026","name":"Clignancourt 26","arrondissement":"Paris 18e Arrondissement","green_per_cap":4.839,"income":23240.0,"population":2777.1613061976},"geometry":{"type":"Polygon","coordinates":[[[2.346126,48.895844],[2.344672,48.897541],[2.344721,48.89766],[2.344341,48.898074],[2.346176,48.898186],[2.346622,48.898131],[2.347286,48.898191],[2.352481,48.898353],[2.352872,48.896155],[2.35291,48.895112],[2.346126,48.895844]]]}},{"type":"Feature","properties":{"code":"751187102","name":"Goutte d'Or 2","arrondissement":"Paris 18e Arrondissement","green_per_cap":0.248,"income":16490.0,"population":3689.52016709345},"geometry":{"type":"Polygon","coordinates":[[[2.35583,48.884184],[2.349465,48.883725],[2.349515,48.885256],[2.351744,48.88504],[2.355369,48.884993],[2.356777,48.884925],[2.35583,48.884184]]]}},{"type":"Feature","properties":{"code":"751207810","name":"Saint-Fargeau 10","arrondissement":"Paris 20e Arrondissement","green_per_cap":0.181,"income":19120.0,"population":2205.43179107811},"geometry":{"type":"Polygon","coordinates":[[[2.402562,48.875999],[2.406011,48.877013],[2.406583,48.877114],[2.406459,48.876965],[2.40569,48.874938],[2.40475,48.87477],[2.404427,48.875537],[2.404095,48.87548],[2.404373,48.874704],[2.403179,48.874497],[2.402562,48.875999]]]}},{"type":"Feature","properties":{"code":"751051804","name":"Jardin des Plantes 4","arrondissement":"Paris 5e Arrondissement","green_per_cap":0.419,"income":30860.0,"population":2144.62055875006},"geometry":{"type":"Polygon","coordinates":[[[2.35188,48.840848],[2.353244,48.840526],[2.353382,48.840523],[2.35596,48.841183],[2.356355,48.840095],[2.356601,48.839705],[2.353963,48.839023],[2.353,48.838888],[2.350696,48.838474],[2.350812,48.838858],[2.351574,48.840205],[2.35188,48.840848]]]}},{"type":"Feature","properties":{"code":"751072811","name":"Gros Caillou 11","arrondissement":"Paris 7e Arrondissement","green_per_cap":0.497,"income":57010.0,"population":1714.33855763845},"geometry":{"type":"Polygon","coordinates":[[[2.301946,48.862454],[2.302865,48.862425],[2.309212,48.862546],[2.310425,48.862596],[2.310265,48.861131],[2.302533,48.861161],[2.30225,48.861781],[2.302037,48.861902],[2.301946,48.862454]]]}},{"type":"Feature","properties":{"code":"751135011","name":"Gare 11","arrondissement":"Paris 13e Arrondissement","green_per_cap":0.068,"income":26490.0,"population":2763.06084375896},"geometry":{"type":"Polygon","coordinates":[[[2.370359,48.82753],[2.373501,48.823794],[2.370913,48.823368],[2.370398,48.824156],[2.368699,48.827069],[2.368526,48.827272],[2.370359,48.82753]]]}},{"type":"Feature","properties":{"code":"751135114","name":"Maison Blanche 14","arrondissement":"Paris 13e Arrondissement","green_per_cap":0.968,"income":28620.0,"population":2441.89166363288},"geometry":{"type":"Polygon","coordinates":[[[2.341785,48.826416],[2.341796,48.826448],[2.346587,48.82576],[2.346797,48.822275],[2.346473,48.822463],[2.34456,48.824054],[2.341785,48.826416]]]}},{"type":"Feature","properties":{"code":"751155707","name":"Saint-Lambert 7","arrondissement":"Paris 15e Arrondissement","green_per_cap":3.246,"income":29880.0,"population":2202.69530534262},"geometry":{"type":"Polygon","coordinates":[[[2.293688,48.835965],[2.293997,48.836084],[2.295666,48.834481],[2.293372,48.832098],[2.292269,48.832923],[2.292095,48.832854],[2.290467,48.83409],[2.29276,48.835496],[2.293688,48.835965]]]}},{"type":"Feature","properties":{"code":"751155908","name":"Grenelle 8","arrondissement":"Paris 15e Arrondissement","green_per_cap":3.963,"income":35630.0,"population":3111.73153460235},"geometry":{"type":"Polygon","coordinates":[[[2.286537,48.852891],[2.288835,48.852109],[2.28627,48.849663],[2.28616,48.84963],[2.286031,48.849466],[2.284115,48.847699],[2.281614,48.849342],[2.28235,48.849925],[2.286537,48.852891]]]}},{"type":"Feature","properties":{"code":"751187208","name":"Chapelle 8","arrondissement":"Paris 18e Arrondissement","green_per_cap":14.645,"income":17020.0,"population":3566.75418728345},"geometry":{"type":"Polygon","coordinates":[[[2.370316,48.898717],[2.37042,48.896659],[2.371176,48.895994],[2.371344,48.895738],[2.371058,48.89562],[2.366497,48.894496],[2.365978,48.894332],[2.365749,48.894711],[2.365645,48.894806],[2.363568,48.895099],[2.363335,48.895396],[2.362536,48.895482],[2.362179,48.895328],[2.361546,48.895397],[2.359637,48.895343],[2.35953,48.895477],[2.359318,48.89554],[2.359168,48.897744],[2.359096,48.897826],[2.359014,48.898696],[2.360489,48.898721],[2.361689,48.898591],[2.362326,48.898582],[2.369143,48.898719],[2.370316,48.898717]]]}},{"type":"Feature","properties":{"code":"751197611","name":"Combat 11","arrondissement":"Paris 19e Arrondissement","green_per_cap":0.146,"income":29090.0,"population":3034.81803760748},"geometry":{"type":"Polygon","coordinates":[[[2.37425,48.878412],[2.370723,48.878043],[2.370679,48.878319],[2.372678,48.880441],[2.372999,48.880965],[2.373221,48.881218],[2.373632,48.881043],[2.374051,48.880613],[2.374289,48.880148],[2.374395,48.879652],[2.37425,48.878412]]]}},{"type":"Feature","properties":{"code":"751207703","name":"Belleville 3","arrondissement":"Paris 20e Arrondissement","green_per_cap":0.009,"income":19800.0,"population":2149.51195723798},"geometry":{"type":"Polygon","coordinates":[[[2.391431,48.869111],[2.389648,48.868663],[2.389163,48.870244],[2.389995,48.871259],[2.390194,48.871585],[2.38992,48.87194],[2.389479,48.872858],[2.389805,48.872702],[2.390518,48.872173],[2.391124,48.871881],[2.391326,48.871728],[2.391426,48.871582],[2.391383,48.871353],[2.391094,48.8709],[2.390773,48.869908],[2.391431,48.869111]]]}},{"type":"Feature","properties":{"code":"751083102","name":"Madeleine 2","arrondissement":"Paris 8e Arrondissement","green_per_cap":null,"income":null,"population":226.879102651858},"geometry":{"type":"Polygon","coordinates":[[[2.311971,48.869924],[2.312867,48.870408],[2.311992,48.871454],[2.312441,48.872067],[2.312461,48.872259],[2.315727,48.871313],[2.316156,48.871221],[2.317679,48.870331],[2.316197,48.86842],[2.315928,48.868325],[2.315464,48.868348],[2.315181,48.868405],[2.3149,48.868552],[2.314618,48.868873],[2.31473,48.86904],[2.311971,48.869924]]]}},{"type":"Feature","properties":{"code":"751197413","name":"Pont de Flandre 13","arrondissement":"Paris 19e Arrondissement","green_per_cap":16.739,"income":21490.0,"population":2705.09575433266},"geometry":{"type":"Polygon","coordinates":[[[2.371943,48.895301],[2.371344,48.895738],[2.371176,48.895994],[2.37042,48.896659],[2.370316,48.898717],[2.370478,48.898788],[2.370974,48.898794],[2.371107,48.898739],[2.371332,48.898784],[2.374099,48.898854],[2.381759,48.899007],[2.382689,48.897541],[2.382824,48.897077],[2.38331,48.896325],[2.383466,48.896203],[2.383549,48.895847],[2.383451,48.895947],[2.383334,48.895993],[2.381439,48.89591],[2.380285,48.89607],[2.379697,48.895933],[2.379519,48.895922],[2.378938,48.896113],[2.377577,48.896466],[2.376757,48.896622],[2.376608,48.89661],[2.376163,48.896444],[2.373956,48.895982],[2.372105,48.89531],[2.371943,48.895301]]]}},{"type":"Feature","properties":{"code":"751051807","name":"Jardin des Plantes 7","arrondissement":"Paris 5e Arrondissement","green_per_cap":0.792,"income":32440.0,"population":2225.35705557507},"geometry":{"type":"Polygon","coordinates":[[[2.352304,48.843784],[2.35188,48.840848],[2.350715,48.841033],[2.350747,48.841169],[2.350072,48.841347],[2.350017,48.841484],[2.349633,48.841454],[2.349785,48.842366],[2.349246,48.844519],[2.34957,48.844414],[2.352304,48.843784]]]}},{"type":"Feature","properties":{"code":"751104003","name":"Hôpital Saint-Louis 3","arrondissement":"Paris 10e Arrondissement","green_per_cap":0.0,"income":27390.0,"population":2556.44401456961},"geometry":{"type":"Polygon","coordinates":[[[2.372897,48.87057],[2.371045,48.870002],[2.369523,48.872069],[2.369674,48.87225],[2.370316,48.873752],[2.371956,48.871802],[2.372897,48.87057]]]}},{"type":"Feature","properties":{"code":"751114101","name":"Folie Méricourt 1","arrondissement":"Paris 11e Arrondissement","green_per_cap":0.071,"income":25760.0,"population":3253.37840076944},"geometry":{"type":"Polygon","coordinates":[[[2.380576,48.868981],[2.382367,48.867634],[2.383069,48.867035],[2.380197,48.866336],[2.37993,48.866651],[2.378565,48.867983],[2.379287,48.868251],[2.380576,48.868981]]]}},{"type":"Feature","properties":{"code":"751135009","name":"Gare 9","arrondissement":"Paris 13e Arrondissement","green_per_cap":0.016,"income":24190.0,"population":2102.53084681072},"geometry":{"type":"Polygon","coordinates":[[[2.376414,48.824409],[2.376885,48.824109],[2.370992,48.822151],[2.369249,48.821527],[2.369363,48.821721],[2.368476,48.823302],[2.368997,48.823506],[2.369039,48.823594],[2.370398,48.824156],[2.370913,48.823368],[2.375636,48.824159],[2.376414,48.824409]]]}},{"type":"Feature","properties":{"code":"751156001","name":"Javel 1","arrondissement":"Paris 15e Arrondissement","green_per_cap":36.34,"income":18460.0,"population":2916.79960520077},"geometry":{"type":"Polygon","coordinates":[[[2.280391,48.831979],[2.279052,48.83249],[2.275304,48.829435],[2.272853,48.827957],[2.271099,48.827892],[2.267826,48.827836],[2.267626,48.827969],[2.267339,48.831532],[2.269931,48.833011],[2.268102,48.834428],[2.267789,48.834585],[2.267475,48.834593],[2.264993,48.834237],[2.265175,48.83439],[2.26568,48.834644],[2.266012,48.834965],[2.266884,48.835406],[2.267116,48.835626],[2.267359,48.835899],[2.26698,48.836023],[2.26795,48.836821],[2.268494,48.837463],[2.268925,48.838062],[2.269596,48.838619],[2.269582,48.838773],[2.271473,48.837946],[2.274055,48.837087],[2.274883,48.836853],[2.279185,48.835867],[2.281029,48.835336],[2.282661,48.834832],[2.283992,48.834368],[2.283657,48.834064],[2.280774,48.832089],[2.280391,48.831979]]]}},{"type":"Feature","properties":{"code":"751041302","name":"Saint-Merri 2","arrondissement":"Paris 4e Arrondissement","green_per_cap":0.245,"income":33940.0,"population":2560.50728478135},"geometry":{"type":"Polygon","coordinates":[[[2.351652,48.861643],[2.3535,48.861213],[2.355146,48.860672],[2.354067,48.859538],[2.353015,48.857968],[2.352386,48.857282],[2.349593,48.858058],[2.350132,48.859026],[2.350218,48.858994],[2.350495,48.859379],[2.351652,48.861643]]]}},{"type":"Feature","properties":{"code":"751103705","name":"Saint-Vincent de Paul 5","arrondissement":"Paris 10e Arrondissement","green_per_cap":1.866,"income":38770.0,"population":2277.64445632383},"geometry":{"type":"Polygon","coordinates":[[[2.348996,48.877208],[2.349095,48.877429],[2.349253,48.878867],[2.349853,48.880643],[2.349836,48.881097],[2.352287,48.880587],[2.352323,48.880526],[2.352283,48.880485],[2.352342,48.880424],[2.352063,48.879507],[2.351623,48.879397],[2.351332,48.878349],[2.35136,48.878291],[2.351263,48.878107],[2.351918,48.877718],[2.351558,48.877619],[2.351409,48.877101],[2.349545,48.877358],[2.348996,48.877208]]]}},{"type":"Feature","properties":{"code":"751135028","name":"Gare 28","arrondissement":"Paris 13e Arrondissement","green_per_cap":20.614,"income":24810.0,"population":2482.68865308174},"geometry":{"type":"Polygon","coordinates":[[[2.360089,48.829482],[2.363533,48.826676],[2.363686,48.82663],[2.359988,48.826163],[2.35973,48.826438],[2.356252,48.830853],[2.356982,48.831091],[2.357082,48.831148],[2.356999,48.831252],[2.358033,48.831583],[2.358847,48.830583],[2.359934,48.82956],[2.360089,48.829482]]]}},{"type":"Feature","properties":{"code":"751156012","name":"Javel 12","arrondissement":"Paris 15e Arrondissement","green_per_cap":1.95,"income":35720.0,"population":3924.42167977613},"geometry":{"type":"Polygon","coordinates":[[[2.27553,48.844675],[2.27621,48.845424],[2.276335,48.845496],[2.276938,48.846081],[2.282748,48.843442],[2.28086,48.841251],[2.279139,48.84185],[2.280035,48.842811],[2.278524,48.843442],[2.279255,48.844206],[2.277099,48.845238],[2.277303,48.843981],[2.27553,48.844675]]]}},{"type":"Feature","properties":{"code":"751166108","name":"Auteuil 8","arrondissement":"Paris 16e Arrondissement","green_per_cap":1.6,"income":24530.0,"population":2098.28318544175},"geometry":{"type":"Polygon","coordinates":[[[2.256314,48.839999],[2.256977,48.838529],[2.256987,48.838392],[2.256675,48.83835],[2.256436,48.838226],[2.25514,48.838328],[2.255357,48.838594],[2.254707,48.839288],[2.254454,48.840785],[2.254501,48.840948],[2.254664,48.841112],[2.254846,48.841401],[2.254631,48.842471],[2.254633,48.842527],[2.254734,48.842555],[2.254757,48.842631],[2.254669,48.8427],[2.255299,48.84416],[2.255833,48.845131],[2.255873,48.845383],[2.256178,48.845991],[2.25655,48.846959],[2.256968,48.847445],[2.258395,48.847459],[2.258465,48.847199],[2.256084,48.842472],[2.256047,48.842064],[2.256314,48.839999]]]}},{"type":"Feature","properties":{"code":"751186913","name":"Grandes Carrières 13","arrondissement":"Paris 18e Arrondissement","green_per_cap":0.414,"income":32980.0,"population":1849.13502783132},"geometry":{"type":"Polygon","coordinates":[[[2.334305,48.890557],[2.334954,48.891681],[2.339639,48.891187],[2.336642,48.890239],[2.334305,48.890557]]]}},{"type":"Feature","properties":{"code":"751072602","name":"Invalides 2","arrondissement":"Paris 7e Arrondissement","green_per_cap":null,"income":49800.0,"population":1152.34677975529},"geometry":{"type":"Polygon","coordinates":[[[2.318022,48.860803],[2.31803,48.860509],[2.318122,48.86039],[2.318286,48.86033],[2.317534,48.857566],[2.316888,48.855704],[2.318052,48.855437],[2.317123,48.851762],[2.314504,48.851803],[2.31522,48.857982],[2.314752,48.858041],[2.314614,48.858127],[2.31496,48.860977],[2.318022,48.860803]]]}},{"type":"Feature","properties":{"code":"751083204","name":"Europe 4","arrondissement":"Paris 8e Arrondissement","green_per_cap":0.042,"income":52250.0,"population":2552.14072681949},"geometry":{"type":"Polygon","coordinates":[[[2.312551,48.880851],[2.31648,48.881341],[2.318234,48.879501],[2.319828,48.878233],[2.318154,48.877885],[2.316297,48.877783],[2.312551,48.880851]]]}},{"type":"Feature","properties":{"code":"751093602","name":"Rochechouart 2","arrondissement":"Paris 9e Arrondissement","green_per_cap":0.0,"income":35100.0,"population":3021.98925063821},"geometry":{"type":"Polygon","coordinates":[[[2.341297,48.876561],[2.342222,48.877011],[2.342413,48.877729],[2.34322,48.879246],[2.345314,48.87877],[2.345008,48.878324],[2.344345,48.876536],[2.342476,48.876517],[2.341297,48.876561]]]}},{"type":"Feature","properties":{"code":"751124505","name":"Bel-Air 5","arrondissement":"Paris 12e Arrondissement","green_per_cap":9.507,"income":33080.0,"population":2695.31187913214},"geometry":{"type":"Polygon","coordinates":[[[2.401532,48.842986],[2.402316,48.842845],[2.402302,48.841081],[2.404697,48.84089],[2.404381,48.839779],[2.402519,48.839716],[2.40011,48.839742],[2.400367,48.83993],[2.401532,48.842986]]]}},{"type":"Feature","properties":{"code":"751145513","name":"Petit Montrouge 13","arrondissement":"Paris 14e Arrondissement","green_per_cap":0.142,"income":35120.0,"population":2918.38827053845},"geometry":{"type":"Polygon","coordinates":[[[2.326771,48.827839],[2.326376,48.827948],[2.322663,48.829313],[2.323631,48.83047],[2.324712,48.832032],[2.324961,48.832535],[2.326206,48.829413],[2.32676,48.828182],[2.326805,48.828036],[2.326771,48.827839]]]}},{"type":"Feature","properties":{"code":"751197312","name":"Villette 12","arrondissement":"Paris 19e Arrondissement","green_per_cap":2.217,"income":19380.0,"population":1759.22162150734},"geometry":{"type":"Polygon","coordinates":[[[2.380826,48.887177],[2.381428,48.887339],[2.384301,48.888282],[2.384506,48.8879],[2.384816,48.886612],[2.384632,48.886564],[2.384531,48.886474],[2.382261,48.885871],[2.382131,48.886033],[2.380826,48.887177]]]}},{"type":"Feature","properties":{"code":"751197507","name":"Amérique 7","arrondissement":"Paris 19e Arrondissement","green_per_cap":null,"income":27030.0,"population":2060.41106271959},"geometry":{"type":"Polygon","coordinates":[[[2.388367,48.87952],[2.389316,48.879526],[2.389497,48.879596],[2.389968,48.879154],[2.389794,48.879039],[2.389815,48.878881],[2.38949,48.878068],[2.389224,48.876924],[2.389564,48.876877],[2.389528,48.876098],[2.388829,48.87609],[2.387603,48.876334],[2.387778,48.876717],[2.387931,48.877647],[2.388196,48.878578],[2.388367,48.87952]]]}},{"type":"Feature","properties":{"code":"751207706","name":"Belleville 6","arrondissement":"Paris 20e Arrondissement","green_per_cap":4.857,"income":25850.0,"population":2183.09357022347},"geometry":{"type":"Polygon","coordinates":[[[2.383069,48.867035],[2.382367,48.867634],[2.385829,48.868965],[2.386231,48.868491],[2.386298,48.868558],[2.388253,48.869057],[2.388293,48.869142],[2.388259,48.869215],[2.388582,48.869474],[2.388531,48.869545],[2.388772,48.869619],[2.389163,48.870244],[2.389648,48.868663],[2.383347,48.867128],[2.383069,48.867035]]]}},{"type":"Feature","properties":{"code":"751207913","name":"Père Lachaise 13","arrondissement":"Paris 20e Arrondissement","green_per_cap":null,"income":31560.0,"population":1901.04468400264},"geometry":{"type":"Polygon","coordinates":[[[2.396395,48.867545],[2.398031,48.865513],[2.398309,48.865061],[2.39822,48.864999],[2.398191,48.864912],[2.396068,48.86499],[2.395554,48.86495],[2.39432,48.86579],[2.395137,48.866394],[2.396395,48.867545]]]}},{"type":"Feature","properties":{"code":"751083104","name":"Madeleine 4","arrondissement":"Paris 8e Arrondissement","green_per_cap":null,"income":null,"population":590.573635933242},"geometry":{"type":"Polygon","coordinates":[[[2.319563,48.873402],[2.319267,48.871864],[2.318333,48.871932],[2.318459,48.871728],[2.318413,48.871674],[2.318111,48.871451],[2.317762,48.871344],[2.318171,48.8712],[2.317493,48.870438],[2.316156,48.871221],[2.315727,48.871313],[2.312863,48.872146],[2.315991,48.872878],[2.317926,48.873243],[2.319563,48.873402]]]}},{"type":"Feature","properties":{"code":"751124708","name":"Jardin de Bercy","arrondissement":"Paris 12e Arrondissement","green_per_cap":493.104,"income":null,"population":308.000225967242},"geometry":{"type":"MultiPolygon","coordinates":[[[[2.399337,48.828666],[2.395707,48.827727],[2.39434,48.827539],[2.390951,48.826084],[2.390857,48.826258],[2.390356,48.82668],[2.389785,48.82704],[2.38858,48.827966],[2.388352,48.828415],[2.38821,48.828566],[2.38959,48.829166],[2.391566,48.829958],[2.392202,48.830134],[2.395255,48.830805],[2.396432,48.831186],[2.397795,48.831759],[2.401266,48.82952],[2.401027,48.829207],[2.399337,48.828666]]],[[[2.379593,48.839867],[2.381097,48.838675],[2.381796,48.838183],[2.382037,48.837938],[2.383182,48.837021],[2.382484,48.836602],[2.386241,48.833584],[2.386289,48.833512],[2.384981,48.832531],[2.384199,48.832011],[2.380828,48.834671],[2.38027,48.834989],[2.380091,48.835277],[2.378013,48.836913],[2.377162,48.837792],[2.376373,48.838478],[2.375937,48.83878],[2.379023,48.840422],[2.379593,48.839867]]]]}},{"type":"Feature","properties":{"code":"751051701","name":"Saint-Victor 1","arrondissement":"Paris 5e Arrondissement","green_per_cap":0.048,"income":34600.0,"population":2305.92665338064},"geometry":{"type":"Polygon","coordinates":[[[2.351705,48.846438],[2.351629,48.846605],[2.350519,48.848069],[2.352574,48.847524],[2.352834,48.847415],[2.353106,48.847387],[2.3534,48.847287],[2.354446,48.846581],[2.35454,48.846575],[2.354962,48.846317],[2.355209,48.846134],[2.355251,48.846023],[2.35698,48.844823],[2.355247,48.843939],[2.354921,48.843835],[2.354545,48.846087],[2.354348,48.846051],[2.353636,48.845743],[2.352814,48.845959],[2.351986,48.846396],[2.351705,48.846438]]]}},{"type":"Feature","properties":{"code":"751062308","name":"Notre-Dame des Champs 8","arrondissement":"Paris 6e Arrondissement","green_per_cap":0.177,"income":39620.0,"population":2821.60074996656},"geometry":{"type":"Polygon","coordinates":[[[2.319142,48.845519],[2.316983,48.846636],[2.316713,48.846863],[2.319421,48.847858],[2.323287,48.849819],[2.324605,48.848534],[2.32075,48.846492],[2.319142,48.845519]]]}},{"type":"Feature","properties":{"code":"751062402","name":"Saint-Germain des Prés 2","arrondissement":"Paris 6e Arrondissement","green_per_cap":1.362,"income":39360.0,"population":2535.88108912128},"geometry":{"type":"Polygon","coordinates":[[[2.330464,48.854473],[2.330733,48.855056],[2.331348,48.8559],[2.33327,48.858291],[2.334888,48.85787],[2.335183,48.857824],[2.33626,48.857873],[2.336111,48.8576],[2.33643,48.857408],[2.336523,48.857133],[2.336966,48.853855],[2.336992,48.852894],[2.330464,48.854473]]]}},{"type":"Feature","properties":{"code":"751083201","name":"Europe 1","arrondissement":"Paris 8e Arrondissement","green_per_cap":2.501,"income":43680.0,"population":1973.7300487005},"geometry":{"type":"Polygon","coordinates":[[[2.320427,48.874657],[2.319974,48.874719],[2.319824,48.87462],[2.319436,48.874531],[2.319397,48.874807],[2.31933,48.874817],[2.319404,48.875264],[2.316297,48.877783],[2.318154,48.877885],[2.322235,48.878753],[2.322649,48.878045],[2.323944,48.875544],[2.324217,48.875252],[2.321586,48.875053],[2.320462,48.874927],[2.320352,48.874768],[2.320427,48.874657]]]}},{"type":"Feature","properties":{"code":"751093302","name":"Saint-Georges 2","arrondissement":"Paris 9e Arrondissement","green_per_cap":0.975,"income":44600.0,"population":1764.98993931494},"geometry":{"type":"Polygon","coordinates":[[[2.335445,48.876826],[2.334196,48.876901],[2.334347,48.877999],[2.334517,48.878655],[2.334798,48.879285],[2.337005,48.87885],[2.337453,48.878465],[2.337402,48.878396],[2.337431,48.878332],[2.337611,48.87832],[2.339089,48.87687],[2.339244,48.876766],[2.338297,48.876848],[2.337065,48.876718],[2.336669,48.876718],[2.335445,48.876826]]]}},{"type":"Feature","properties":{"code":"751135001","name":"Gare 1","arrondissement":"Paris 13e Arrondissement","green_per_cap":4.118,"income":18890.0,"population":2008.92237676868},"geometry":{"type":"Polygon","coordinates":[[[2.379083,48.821158],[2.375761,48.820056],[2.37573,48.820701],[2.374924,48.822089],[2.373241,48.821686],[2.372477,48.821549],[2.373086,48.822641],[2.373153,48.822856],[2.376885,48.824109],[2.377021,48.824044],[2.377209,48.823827],[2.379083,48.821158]]]}},{"type":"Feature","properties":{"code":"751145307","name":"Montparnasse 7","arrondissement":"Paris 14e Arrondissement","green_per_cap":0.0,"income":35640.0,"population":1732.83566508155},"geometry":{"type":"Polygon","coordinates":[[[2.324244,48.843262],[2.324642,48.843621],[2.329575,48.841994],[2.329604,48.841915],[2.32556,48.841349],[2.324883,48.841286],[2.324244,48.843262]]]}},{"type":"Feature","properties":{"code":"751145308","name":"Montparnasse 8","arrondissement":"Paris 14e Arrondissement","green_per_cap":0.17,"income":32640.0,"population":1526.82122415788},"geometry":{"type":"Polygon","coordinates":[[[2.329575,48.841994],[2.329832,48.841908],[2.329645,48.841802],[2.330591,48.839334],[2.330525,48.839382],[2.330062,48.83947],[2.324845,48.841224],[2.324883,48.841286],[2.32556,48.841349],[2.329452,48.841881],[2.329604,48.841915],[2.329575,48.841994]]]}},{"type":"Feature","properties":{"code":"751166215","name":"Muette 15","arrondissement":"Paris 16e Arrondissement","green_per_cap":null,"income":42870.0,"population":2554.93336772061},"geometry":{"type":"Polygon","coordinates":[[[2.279006,48.859731],[2.281033,48.860232],[2.283129,48.859191],[2.284565,48.858525],[2.284291,48.858448],[2.282149,48.85815],[2.280782,48.857883],[2.280622,48.858495],[2.279006,48.859731]]]}},{"type":"Feature","properties":{"code":"751176812","name":"Épinettes 12","arrondissement":"Paris 17e Arrondissement","green_per_cap":null,"income":24040.0,"population":2187.8423671545},"geometry":{"type":"Polygon","coordinates":[[[2.319298,48.894621],[2.319816,48.894504],[2.320611,48.894233],[2.318573,48.89163],[2.318443,48.891538],[2.317886,48.891861],[2.317529,48.89212],[2.319298,48.894621]]]}},{"type":"Feature","properties":{"code":"751187013","name":"Clignancourt 13","arrondissement":"Paris 18e Arrondissement","green_per_cap":null,"income":33970.0,"population":2681.09074621829},"geometry":{"type":"Polygon","coordinates":[[[2.340648,48.89127],[2.339639,48.891187],[2.340207,48.893097],[2.344313,48.892531],[2.343639,48.891207],[2.341947,48.891274],[2.340648,48.89127]]]}},{"type":"Feature","properties":{"code":"751187106","name":"Goutte d'Or 6","arrondissement":"Paris 18e Arrondissement","green_per_cap":0.072,"income":19050.0,"population":2552.17367352036},"geometry":{"type":"Polygon","coordinates":[[[2.353566,48.888475],[2.353448,48.887105],[2.350742,48.886707],[2.351531,48.888299],[2.353566,48.888475]]]}},{"type":"Feature","properties":{"code":"751197404","name":"Pont de Flandre 4","arrondissement":"Paris 19e Arrondissement","green_per_cap":null,"income":22970.0,"population":1991.0469255845},"geometry":{"type":"Polygon","coordinates":[[[2.379132,48.892321],[2.380067,48.893041],[2.382398,48.891655],[2.383861,48.890871],[2.382636,48.890261],[2.382108,48.890737],[2.380345,48.891633],[2.379132,48.892321]]]}},{"type":"Feature","properties":{"code":"751208019","name":"Charonne 19","arrondissement":"Paris 20e Arrondissement","green_per_cap":0.22,"income":21440.0,"population":5167.99147324544},"geometry":{"type":"Polygon","coordinates":[[[2.40601,48.858855],[2.406224,48.859038],[2.408483,48.860104],[2.409053,48.860557],[2.409231,48.860613],[2.409336,48.860707],[2.410128,48.856171],[2.409715,48.856379],[2.407576,48.857727],[2.406332,48.858558],[2.40601,48.858855]]]}},{"type":"Feature","properties":{"code":"751030904","name":"Arts et Métiers 4","arrondissement":"Paris 3e Arrondissement","green_per_cap":0.004,"income":29560.0,"population":1812.1290549822},"geometry":{"type":"Polygon","coordinates":[[[2.35962,48.864689],[2.358766,48.863908],[2.358251,48.863365],[2.356733,48.863835],[2.355158,48.864264],[2.35574,48.865452],[2.356589,48.865373],[2.35962,48.864689]]]}},{"type":"Feature","properties":{"code":"751031001","name":"Enfants Rouges 1","arrondissement":"Paris 3e Arrondissement","green_per_cap":0.014,"income":34530.0,"population":2112.18541531126},"geometry":{"type":"Polygon","coordinates":[[[2.363872,48.867516],[2.364307,48.867309],[2.364858,48.866248],[2.365426,48.865288],[2.364728,48.86477],[2.364498,48.864698],[2.363441,48.864525],[2.362616,48.864983],[2.360888,48.865819],[2.361457,48.866394],[2.362011,48.866804],[2.362147,48.866817],[2.362839,48.867084],[2.362918,48.867162],[2.363018,48.867166],[2.363872,48.867516]]]}},{"type":"Feature","properties":{"code":"751114315","name":"Roquette 15","arrondissement":"Paris 11e Arrondissement","green_per_cap":0.57,"income":29840.0,"population":1882.24955245494},"geometry":{"type":"Polygon","coordinates":[[[2.376995,48.857933],[2.37349,48.856455],[2.371983,48.858142],[2.373779,48.858777],[2.375876,48.859451],[2.376995,48.857933]]]}},{"type":"Feature","properties":{"code":"751135102","name":"Maison Blanche 2","arrondissement":"Paris 13e Arrondissement","green_per_cap":3.925,"income":23170.0,"population":2652.5252772559},"geometry":{"type":"Polygon","coordinates":[[[2.360891,48.821083],[2.363325,48.821829],[2.364739,48.820006],[2.363274,48.81955],[2.362023,48.819262],[2.360891,48.821083]]]}},{"type":"Feature","properties":{"code":"751135118","name":"Maison Blanche 18","arrondissement":"Paris 13e Arrondissement","green_per_cap":0.058,"income":31150.0,"population":1734.38689654964},"geometry":{"type":"Polygon","coordinates":[[[2.341796,48.826448],[2.341592,48.82649],[2.3416,48.828353],[2.341283,48.830275],[2.34125,48.831589],[2.341072,48.831972],[2.344236,48.83113],[2.344164,48.830805],[2.343883,48.830111],[2.343284,48.829053],[2.34254,48.828212],[2.341796,48.826448]]]}},{"type":"Feature","properties":{"code":"751145504","name":"Petit Montrouge 4","arrondissement":"Paris 14e Arrondissement","green_per_cap":5.791,"income":34660.0,"population":2676.54256620576},"geometry":{"type":"Polygon","coordinates":[[[2.323815,48.823614],[2.318387,48.824811],[2.319016,48.825574],[2.319585,48.826177],[2.321023,48.82585],[2.32169,48.82562],[2.321239,48.825445],[2.325852,48.824427],[2.32552,48.823154],[2.324915,48.823292],[2.323815,48.823614]]]}},{"type":"Feature","properties":{"code":"751145610","name":"Plaisance 10","arrondissement":"Paris 14e Arrondissement","green_per_cap":3.061,"income":28820.0,"population":2067.64739394544},"geometry":{"type":"Polygon","coordinates":[[[2.316139,48.829803],[2.31429,48.830695],[2.313828,48.830395],[2.313343,48.830157],[2.312326,48.830964],[2.314154,48.831813],[2.317164,48.831149],[2.316139,48.829803]]]}},{"type":"Feature","properties":{"code":"751166101","name":"Auteuil 1","arrondissement":"Paris 16e Arrondissement","green_per_cap":0.243,"income":22250.0,"population":2308.41528744002},"geometry":{"type":"Polygon","coordinates":[[[2.262001,48.838539],[2.263186,48.838108],[2.26276,48.837789],[2.263574,48.837437],[2.263539,48.837269],[2.262926,48.836723],[2.261756,48.835578],[2.261575,48.835563],[2.261286,48.835671],[2.260165,48.837099],[2.261314,48.837945],[2.262001,48.838539]]]}},{"type":"Feature","properties":{"code":"751166109","name":"Auteuil 9","arrondissement":"Paris 16e Arrondissement","green_per_cap":0.125,"income":42830.0,"population":2815.27005998162},"geometry":{"type":"Polygon","coordinates":[[[2.258951,48.844402],[2.258737,48.844348],[2.258605,48.844243],[2.257148,48.842384],[2.257598,48.841322],[2.25663,48.840071],[2.256314,48.839999],[2.256047,48.842064],[2.256084,48.842472],[2.258465,48.847199],[2.258709,48.847517],[2.258931,48.847919],[2.259732,48.847915],[2.259661,48.847732],[2.259015,48.846705],[2.258717,48.845994],[2.258695,48.845135],[2.258787,48.844755],[2.258951,48.844402]]]}},{"type":"Feature","properties":{"code":"751166201","name":"Muette 1","arrondissement":"Paris 16e Arrondissement","green_per_cap":0.849,"income":44870.0,"population":1571.51318981651},"geometry":{"type":"Polygon","coordinates":[[[2.280473,48.855176],[2.282037,48.85654],[2.28261,48.856197],[2.282183,48.855866],[2.281937,48.855622],[2.281922,48.855543],[2.283601,48.854557],[2.282937,48.854031],[2.280736,48.852687],[2.280356,48.852919],[2.280205,48.852969],[2.277417,48.853709],[2.278359,48.854333],[2.279037,48.854643],[2.280473,48.855176]]]}},{"type":"Feature","properties":{"code":"751176602","name":"Plaine Monceau 2","arrondissement":"Paris 17e Arrondissement","green_per_cap":1.391,"income":44960.0,"population":2829.7999408768},"geometry":{"type":"Polygon","coordinates":[[[2.313656,48.883801],[2.312725,48.883275],[2.311275,48.881876],[2.311148,48.881877],[2.308994,48.882827],[2.309008,48.882924],[2.307273,48.883291],[2.308713,48.883997],[2.307209,48.885224],[2.309564,48.88597],[2.310324,48.885403],[2.310734,48.885014],[2.310883,48.885122],[2.313656,48.883801]]]}},{"type":"Feature","properties":{"code":"751208021","name":"Charonne 21","arrondissement":"Paris 20e Arrondissement","green_per_cap":11.731,"income":16980.0,"population":3808.85081615706},"geometry":{"type":"Polygon","coordinates":[[[2.41437,48.860649],[2.414778,48.858255],[2.414634,48.858207],[2.414471,48.858247],[2.414432,48.857833],[2.413765,48.857858],[2.41347,48.857818],[2.411482,48.857179],[2.41157,48.858701],[2.411203,48.860731],[2.409352,48.860616],[2.408734,48.863927],[2.408742,48.864515],[2.409008,48.864542],[2.410958,48.864972],[2.411379,48.864996],[2.411846,48.865105],[2.413884,48.865262],[2.413977,48.865181],[2.41437,48.860649]]]}},{"type":"Feature","properties":{"code":"751030905","name":"Arts et Métiers 5","arrondissement":"Paris 3e Arrondissement","green_per_cap":2.823,"income":33520.0,"population":1647.01264074977},"geometry":{"type":"Polygon","coordinates":[[[2.351511,48.864427],[2.354253,48.869324],[2.355743,48.868978],[2.355533,48.868876],[2.354886,48.867687],[2.355123,48.867661],[2.356808,48.867284],[2.35564,48.865505],[2.35574,48.865452],[2.355158,48.864264],[2.353317,48.864835],[2.351511,48.864427]]]}},{"type":"Feature","properties":{"code":"751124612","name":"Picpus 12","arrondissement":"Paris 12e Arrondissement","green_per_cap":0.461,"income":32550.0,"population":2563.67359984037},"geometry":{"type":"Polygon","coordinates":[[[2.389234,48.838985],[2.388813,48.839539],[2.387276,48.841266],[2.387259,48.841399],[2.387363,48.841539],[2.388867,48.841137],[2.394936,48.839797],[2.394864,48.839637],[2.394935,48.839499],[2.394598,48.839432],[2.389234,48.838985]]]}},{"type":"Feature","properties":{"code":"751145514","name":"Petit Montrouge 14","arrondissement":"Paris 14e Arrondissement","green_per_cap":8.519,"income":36110.0,"population":1603.58717391663},"geometry":{"type":"Polygon","coordinates":[[[2.325209,48.831894],[2.324877,48.832737],[2.32517,48.832692],[2.325812,48.833564],[2.328114,48.832886],[2.328198,48.832987],[2.330671,48.832209],[2.329426,48.830785],[2.325209,48.831894]]]}},{"type":"Feature","properties":{"code":"751155913","name":"Grenelle 13","arrondissement":"Paris 15e Arrondissement","green_per_cap":0.53,"income":47450.0,"population":2598.66871244151},"geometry":{"type":"Polygon","coordinates":[[[2.300912,48.851176],[2.301228,48.851062],[2.30366,48.849505],[2.302321,48.848606],[2.302446,48.848523],[2.30184,48.848099],[2.301781,48.847997],[2.301574,48.847934],[2.297917,48.849066],[2.300912,48.851176]]]}},{"type":"Feature","properties":{"code":"751166202","name":"Muette 2","arrondissement":"Paris 16e Arrondissement","green_per_cap":null,"income":43710.0,"population":2009.12767340591},"geometry":{"type":"Polygon","coordinates":[[[2.269361,48.854689],[2.270201,48.855569],[2.277417,48.853709],[2.27594,48.852738],[2.275837,48.852886],[2.275816,48.852982],[2.273231,48.853584],[2.271595,48.853889],[2.270901,48.854132],[2.270214,48.854442],[2.269361,48.854689]]]}},{"type":"Feature","properties":{"code":"751166307","name":"Porte Dauphine 7","arrondissement":"Paris 16e Arrondissement","green_per_cap":null,"income":47110.0,"population":2371.19690900413},"geometry":{"type":"Polygon","coordinates":[[[2.278982,48.87106],[2.282806,48.870216],[2.281066,48.867834],[2.280992,48.867803],[2.280124,48.866564],[2.277881,48.867359],[2.277013,48.867625],[2.278982,48.87106]]]}},{"type":"Feature","properties":{"code":"751197603","name":"Combat 3","arrondissement":"Paris 19e Arrondissement","green_per_cap":0.129,"income":31220.0,"population":2738.88878957366},"geometry":{"type":"Polygon","coordinates":[[[2.385692,48.874099],[2.385386,48.873935],[2.384757,48.873958],[2.384282,48.874024],[2.383668,48.87423],[2.383171,48.874513],[2.381878,48.875587],[2.381389,48.876187],[2.381242,48.876486],[2.381151,48.876989],[2.38117,48.877343],[2.381262,48.877693],[2.382594,48.877085],[2.38299,48.876943],[2.383878,48.876773],[2.383583,48.876068],[2.383561,48.875779],[2.383925,48.875392],[2.385692,48.874099]]]}},{"type":"Feature","properties":{"code":"751207710","name":"Belleville 10","arrondissement":"Paris 20e Arrondissement","green_per_cap":15.281,"income":20840.0,"population":2487.46147078719},"geometry":{"type":"Polygon","coordinates":[[[2.379834,48.872856],[2.383086,48.873476],[2.384934,48.871961],[2.385708,48.871492],[2.386032,48.871478],[2.386046,48.871368],[2.386724,48.870709],[2.386785,48.870417],[2.384304,48.87019],[2.384015,48.870599],[2.383379,48.871008],[2.382922,48.87143],[2.382126,48.871002],[2.381483,48.870918],[2.381067,48.871576],[2.379834,48.872856]]]}},{"type":"Feature","properties":{"code":"751020502","name":"Gaillon 2","arrondissement":"Paris 2e Arrondissement","green_per_cap":null,"income":null,"population":246.471372360232},"geometry":{"type":"Polygon","coordinates":[[[2.333661,48.867507],[2.330284,48.868318],[2.327999,48.869921],[2.332522,48.870692],[2.332659,48.870317],[2.332461,48.87029],[2.333661,48.867507]]]}},{"type":"Feature","properties":{"code":"751083209","name":"Europe 9","arrondissement":"Paris 8e Arrondissement","green_per_cap":null,"income":45120.0,"population":838.448692773261},"geometry":{"type":"Polygon","coordinates":[[[2.319436,48.874531],[2.312293,48.873325],[2.311534,48.873067],[2.31053,48.873926],[2.309649,48.874555],[2.309199,48.875037],[2.315792,48.875279],[2.316352,48.875395],[2.318761,48.875615],[2.31901,48.875565],[2.319404,48.875264],[2.31933,48.874817],[2.319397,48.874807],[2.319436,48.874531]]]}},{"type":"Feature","properties":{"code":"751155920","name":"Grenelle 20","arrondissement":"Paris 15e Arrondissement","green_per_cap":null,"income":null,"population":462.3816318202},"geometry":{"type":"Polygon","coordinates":[[[2.288383,48.849945],[2.289946,48.851685],[2.291951,48.850957],[2.292407,48.850712],[2.288383,48.849945]]]}},{"type":"Feature","properties":{"code":"751010199","name":"Seine et Berges","arrondissement":"Paris 1er Arrondissement","green_per_cap":null,"income":null,"population":0.0},"geometry":{"type":"Polygon","coordinates":[[[2.347115,48.857241],[2.346476,48.85619],[2.345145,48.856639],[2.343996,48.856851],[2.341545,48.857153],[2.341289,48.856863],[2.343377,48.855026],[2.344918,48.854356],[2.344634,48.854089],[2.34293,48.854833],[2.342506,48.855104],[2.341368,48.856128],[2.340567,48.856675],[2.337672,48.858311],[2.336388,48.858625],[2.331212,48.859679],[2.32798,48.860821],[2.320933,48.863019],[2.321468,48.863753],[2.323768,48.863],[2.324694,48.862606],[2.330695,48.860678],[2.333353,48.860126],[2.334769,48.859746],[2.336388,48.859371],[2.339861,48.858996],[2.342473,48.858493],[2.342672,48.85842],[2.347115,48.857241]]]}},{"type":"Feature","properties":{"code":"751072809","name":"Gros Caillou 9","arrondissement":"Paris 7e Arrondissement","green_per_cap":null,"income":46540.0,"population":1579.92621494753},"geometry":{"type":"Polygon","coordinates":[[[2.301946,48.862454],[2.302037,48.861902],[2.30225,48.861781],[2.302533,48.861161],[2.302394,48.861162],[2.303013,48.859862],[2.302746,48.859807],[2.301038,48.859641],[2.300819,48.859698],[2.300858,48.859829],[2.300675,48.859854],[2.29772,48.859236],[2.29548,48.860646],[2.296238,48.861123],[2.296976,48.86149],[2.297925,48.861823],[2.298657,48.862031],[2.299398,48.862189],[2.300179,48.862306],[2.301946,48.862454]]]}},{"type":"Feature","properties":{"code":"751155726","name":"Saint-Lambert 26","arrondissement":"Paris 15e Arrondissement","green_per_cap":0.92,"income":28910.0,"population":2868.45540263958},"geometry":{"type":"Polygon","coordinates":[[[2.292008,48.83926],[2.290362,48.839978],[2.291,48.840775],[2.294161,48.842351],[2.295733,48.840451],[2.293098,48.839582],[2.292008,48.83926]]]}},{"type":"Feature","properties":{"code":"751155914","name":"Grenelle 14","arrondissement":"Paris 15e Arrondissement","green_per_cap":null,"income":43270.0,"population":1882.61780224249},"geometry":{"type":"Polygon","coordinates":[[[2.299301,48.852194],[2.300912,48.851176],[2.298549,48.849518],[2.297408,48.850285],[2.29699,48.850704],[2.297031,48.850897],[2.29645,48.851266],[2.29655,48.851351],[2.299142,48.852119],[2.299301,48.852194]]]}},{"type":"Feature","properties":{"code":"751156004","name":"Javel 4","arrondissement":"Paris 15e Arrondissement","green_per_cap":0.042,"income":31710.0,"population":3455.33681475028},"geometry":{"type":"Polygon","coordinates":[[[2.287909,48.841099],[2.290362,48.839978],[2.289408,48.838593],[2.287683,48.838127],[2.285883,48.839203],[2.285521,48.838927],[2.285319,48.838889],[2.284161,48.839597],[2.287909,48.841099]]]}},{"type":"Feature","properties":{"code":"751114401","name":"Sainte-Marguerite 1","arrondissement":"Paris 11e Arrondissement","green_per_cap":0.06,"income":37110.0,"population":2033.11812442407},"geometry":{"type":"Polygon","coordinates":[[[2.398395,48.851302],[2.398756,48.850338],[2.399247,48.848866],[2.399121,48.848098],[2.397516,48.848235],[2.397525,48.848515],[2.397463,48.848687],[2.397219,48.849],[2.396912,48.849204],[2.396612,48.849315],[2.396142,48.849422],[2.395713,48.849414],[2.395331,48.849351],[2.394489,48.850685],[2.395169,48.850746],[2.398395,48.851302]]]}},{"type":"Feature","properties":{"code":"751114412","name":"Sainte-Marguerite 12","arrondissement":"Paris 11e Arrondissement","green_per_cap":0.383,"income":30790.0,"population":3261.87468638207},"geometry":{"type":"Polygon","coordinates":[[[2.387118,48.85512],[2.390164,48.855583],[2.390262,48.855323],[2.390858,48.854358],[2.388008,48.853772],[2.38844,48.852858],[2.385328,48.854698],[2.387118,48.85512]]]}},{"type":"Feature","properties":{"code":"751135120","name":"Maison Blanche 20","arrondissement":"Paris 13e Arrondissement","green_per_cap":null,"income":31560.0,"population":1964.71302924996},"geometry":{"type":"Polygon","coordinates":[[[2.346587,48.82576],[2.345214,48.825945],[2.345621,48.827905],[2.345852,48.830259],[2.345948,48.830649],[2.348503,48.829927],[2.347658,48.828777],[2.347273,48.82787],[2.346585,48.826483],[2.346587,48.82576]]]}},{"type":"Feature","properties":{"code":"751145506","name":"Petit Montrouge 6","arrondissement":"Paris 14e Arrondissement","green_per_cap":1.689,"income":37720.0,"population":2441.68939630184},"geometry":{"type":"Polygon","coordinates":[[[2.326226,48.82609],[2.325852,48.824427],[2.321239,48.825445],[2.32169,48.82562],[2.326771,48.827839],[2.326797,48.827796],[2.326226,48.82609]]]}},{"type":"Feature","properties":{"code":"751145605","name":"Plaisance 5","arrondissement":"Paris 14e Arrondissement","green_per_cap":8.851,"income":29260.0,"population":2501.42075657875},"geometry":{"type":"Polygon","coordinates":[[[2.312637,48.826087],[2.305455,48.827676],[2.305515,48.827754],[2.305698,48.827851],[2.307636,48.828781],[2.311464,48.827921],[2.31137,48.827756],[2.311391,48.827693],[2.311332,48.827656],[2.313029,48.826333],[2.312637,48.826087]]]}},{"type":"Feature","properties":{"code":"751176614","name":"Plaine Monceau 14","arrondissement":"Paris 17e Arrondissement","green_per_cap":1.5,"income":24120.0,"population":3210.72671290216},"geometry":{"type":"Polygon","coordinates":[[[2.292295,48.886171],[2.293783,48.88707],[2.294083,48.88724],[2.294351,48.887318],[2.294716,48.887548],[2.295158,48.887617],[2.295417,48.887714],[2.297864,48.888844],[2.299567,48.888134],[2.299699,48.888036],[2.297989,48.887249],[2.293235,48.885527],[2.292295,48.886171]]]}},{"type":"Feature","properties":{"code":"751187202","name":"Chapelle 2","arrondissement":"Paris 18e Arrondissement","green_per_cap":0.989,"income":23030.0,"population":2164.71564065334},"geometry":{"type":"Polygon","coordinates":[[[2.3615,48.884407],[2.35934,48.88441],[2.359368,48.885491],[2.359509,48.886454],[2.359793,48.887614],[2.359881,48.889047],[2.359897,48.890252],[2.360228,48.890165],[2.360413,48.889538],[2.3615,48.884407]]]}},{"type":"Feature","properties":{"code":"751103988","name":"Canal Saint-Martin 1","arrondissement":"Paris 10e Arrondissement","green_per_cap":null,"income":null,"population":0.0},"geometry":{"type":"Polygon","coordinates":[[[2.367611,48.868819],[2.367064,48.868665],[2.364514,48.87189],[2.363044,48.873809],[2.362852,48.874319],[2.363205,48.874142],[2.363569,48.874051],[2.367611,48.868819]]]}},{"type":"Feature","properties":{"code":"751041504","name":"Arsenal 4","arrondissement":"Paris 4e Arrondissement","green_per_cap":6.483,"income":37040.0,"population":1959.97892653948},"geometry":{"type":"Polygon","coordinates":[[[2.364314,48.856458],[2.364941,48.856306],[2.368279,48.855785],[2.368491,48.855805],[2.368966,48.853852],[2.368756,48.853696],[2.368621,48.853756],[2.367398,48.853866],[2.367183,48.853412],[2.366526,48.853502],[2.364753,48.853946],[2.363704,48.854276],[2.362934,48.854574],[2.364314,48.856458]]]}},{"type":"Feature","properties":{"code":"751135119","name":"Maison Blanche 19","arrondissement":"Paris 13e Arrondissement","green_per_cap":2.909,"income":18610.0,"population":1636.14943712944},"geometry":{"type":"Polygon","coordinates":[[[2.344236,48.83113],[2.345948,48.830649],[2.345852,48.830259],[2.345621,48.827905],[2.34284,48.828546],[2.343284,48.829053],[2.343883,48.830111],[2.344164,48.830805],[2.344236,48.83113]]]}},{"type":"Feature","properties":{"code":"751145623","name":"Plaisance 23","arrondissement":"Paris 14e Arrondissement","green_per_cap":0.323,"income":31680.0,"population":3323.18915930523},"geometry":{"type":"Polygon","coordinates":[[[2.322888,48.837631],[2.323739,48.835496],[2.322992,48.835441],[2.321778,48.834402],[2.320317,48.835116],[2.318916,48.834389],[2.317785,48.835282],[2.319068,48.835993],[2.322237,48.837434],[2.32247,48.837629],[2.322888,48.837631]]]}},{"type":"Feature","properties":{"code":"751176601","name":"Plaine Monceau 1","arrondissement":"Paris 17e Arrondissement","green_per_cap":null,"income":47090.0,"population":2107.47688223249},"geometry":{"type":"Polygon","coordinates":[[[2.31648,48.881341],[2.312551,48.880851],[2.311275,48.881876],[2.312725,48.883275],[2.313656,48.883801],[2.316147,48.881665],[2.316171,48.881598],[2.316029,48.881468],[2.31642,48.881402],[2.31648,48.881341]]]}},{"type":"Feature","properties":{"code":"751197514","name":"Amérique 14","arrondissement":"Paris 19e Arrondissement","green_per_cap":0.053,"income":35060.0,"population":3055.08440055734},"geometry":{"type":"Polygon","coordinates":[[[2.39131,48.879475],[2.390736,48.879716],[2.390172,48.880012],[2.389793,48.88024],[2.3892,48.880957],[2.388617,48.881577],[2.388422,48.881728],[2.387906,48.883224],[2.38835,48.883058],[2.392836,48.88207],[2.392812,48.881988],[2.392886,48.881932],[2.393264,48.881985],[2.395854,48.88141],[2.396656,48.881306],[2.397115,48.880989],[2.396866,48.8808],[2.396754,48.880404],[2.395468,48.880338],[2.395569,48.879554],[2.394688,48.879542],[2.392926,48.879276],[2.392425,48.879169],[2.39131,48.879475]]]}},{"type":"Feature","properties":{"code":"751207914","name":"Père Lachaise 14","arrondissement":"Paris 20e Arrondissement","green_per_cap":0.018,"income":31250.0,"population":2189.84222024648},"geometry":{"type":"Polygon","coordinates":[[[2.397108,48.866666],[2.400008,48.86803],[2.400497,48.868169],[2.401428,48.868312],[2.398605,48.865053],[2.398492,48.865084],[2.398309,48.865061],[2.398031,48.865513],[2.397108,48.866666]]]}},{"type":"Feature","properties":{"code":"751030901","name":"Arts et Métiers 1","arrondissement":"Paris 3e Arrondissement","green_per_cap":0.0,"income":32970.0,"population":1905.30639136028},"geometry":{"type":"Polygon","coordinates":[[[2.355743,48.868978],[2.359087,48.868435],[2.36329,48.867816],[2.363872,48.867516],[2.363018,48.867166],[2.362918,48.867162],[2.358726,48.867984],[2.358539,48.867417],[2.355023,48.86792],[2.355533,48.868876],[2.355743,48.868978]]]}},{"type":"Feature","properties":{"code":"751062401","name":"Saint-Germain des Prés 1","arrondissement":"Paris 6e Arrondissement","green_per_cap":null,"income":37130.0,"population":1777.67027306661},"geometry":{"type":"Polygon","coordinates":[[[2.328657,48.851868],[2.328659,48.852056],[2.329336,48.852639],[2.330464,48.854473],[2.335843,48.853174],[2.335642,48.853044],[2.335059,48.852894],[2.333624,48.852644],[2.333139,48.852645],[2.332303,48.852525],[2.331884,48.852403],[2.330194,48.852159],[2.328657,48.851868]]]}},{"type":"Feature","properties":{"code":"751114210","name":"Saint-Ambroise 10","arrondissement":"Paris 11e Arrondissement","green_per_cap":1.224,"income":30080.0,"population":2930.8263290987},"geometry":{"type":"Polygon","coordinates":[[[2.370124,48.86377],[2.371872,48.864507],[2.374728,48.865042],[2.375524,48.863945],[2.374079,48.863374],[2.373137,48.862925],[2.373704,48.862403],[2.372858,48.862132],[2.370124,48.86377]]]}},{"type":"Feature","properties":{"code":"751114319","name":"Roquette 19","arrondissement":"Paris 11e Arrondissement","green_per_cap":9.675,"income":24760.0,"population":2051.03026609024},"geometry":{"type":"Polygon","coordinates":[[[2.385824,48.861171],[2.386835,48.859341],[2.383633,48.858523],[2.382053,48.860167],[2.385824,48.861171]]]}},{"type":"Feature","properties":{"code":"751135023","name":"Gare 23","arrondissement":"Paris 13e Arrondissement","green_per_cap":0.556,"income":27790.0,"population":1747.16551266204},"geometry":{"type":"Polygon","coordinates":[[[2.363501,48.833422],[2.364947,48.833901],[2.365228,48.833782],[2.367661,48.832177],[2.366546,48.831497],[2.366367,48.831298],[2.363676,48.833252],[2.363501,48.833422]]]}},{"type":"Feature","properties":{"code":"751156005","name":"Javel 5","arrondissement":"Paris 15e Arrondissement","green_per_cap":null,"income":36540.0,"population":2903.28413859415},"geometry":{"type":"Polygon","coordinates":[[[2.284194,48.840644],[2.283657,48.840111],[2.283112,48.8397],[2.282021,48.840455],[2.280719,48.839791],[2.279853,48.840094],[2.282748,48.843442],[2.283478,48.8431],[2.282268,48.841685],[2.282817,48.841345],[2.284194,48.840644]]]}},{"type":"Feature","properties":{"code":"751186927","name":"Grandes Carrières 27","arrondissement":"Paris 18e Arrondissement","green_per_cap":2.401,"income":14900.0,"population":1945.14669558309},"geometry":{"type":"Polygon","coordinates":[[[2.337429,48.897807],[2.336296,48.899132],[2.340799,48.89923],[2.340848,48.897876],[2.337429,48.897807]]]}},{"type":"Feature","properties":{"code":"751208004","name":"Charonne 4","arrondissement":"Paris 20e Arrondissement","green_per_cap":0.658,"income":36280.0,"population":1778.52321759856},"geometry":{"type":"Polygon","coordinates":[[[2.399247,48.848866],[2.398756,48.850338],[2.398903,48.85039],[2.399101,48.850399],[2.399232,48.850537],[2.40043,48.851369],[2.400718,48.850718],[2.401811,48.85093],[2.402266,48.849936],[2.402434,48.849651],[2.402744,48.848891],[2.400994,48.848879],[2.400791,48.848838],[2.399247,48.848866]]]}},{"type":"Feature","properties":{"code":"751208012","name":"Charonne 12","arrondissement":"Paris 20e Arrondissement","green_per_cap":6.159,"income":20300.0,"population":2775.3466534867},"geometry":{"type":"Polygon","coordinates":[[[2.405862,48.856115],[2.408059,48.855795],[2.40823,48.855739],[2.407868,48.855431],[2.408982,48.854761],[2.409703,48.853338],[2.406126,48.852707],[2.405272,48.855418],[2.40494,48.856185],[2.405668,48.856075],[2.405862,48.856115]]]}},{"type":"Feature","properties":{"code":"751093402","name":"Chaussée d'Antin 2","arrondissement":"Paris 9e Arrondissement","green_per_cap":null,"income":null,"population":68.9680486398759},"geometry":{"type":"Polygon","coordinates":[[[2.334155,48.870968],[2.329973,48.870265],[2.329918,48.870415],[2.33107,48.872854],[2.331142,48.873227],[2.333242,48.87295],[2.333764,48.871913],[2.333835,48.87165],[2.334155,48.870968]]]}},{"type":"Feature","properties":{"code":"751124799","name":"Seine et Berges","arrondissement":"Paris 12e Arrondissement","green_per_cap":null,"income":null,"population":0.0},"geometry":{"type":"Polygon","coordinates":[[[2.390951,48.826084],[2.390072,48.825692],[2.388512,48.826744],[2.384305,48.830311],[2.378358,48.835023],[2.374863,48.838054],[2.37355,48.839329],[2.372452,48.840179],[2.373759,48.840769],[2.375417,48.839254],[2.374818,48.83893],[2.375026,48.838752],[2.375623,48.839072],[2.375937,48.83878],[2.376373,48.838478],[2.377162,48.837792],[2.378013,48.836913],[2.380091,48.835277],[2.38027,48.834989],[2.380828,48.834671],[2.38592,48.830681],[2.386281,48.830321],[2.386397,48.830287],[2.386696,48.830002],[2.387004,48.829891],[2.388352,48.828415],[2.38858,48.827966],[2.389785,48.82704],[2.390356,48.82668],[2.390857,48.826258],[2.390951,48.826084]]]}},{"type":"Feature","properties":{"code":"751020803","name":"Bonne Nouvelle 3","arrondissement":"Paris 2e Arrondissement","green_per_cap":0.334,"income":32870.0,"population":1713.86399814313},"geometry":{"type":"Polygon","coordinates":[[[2.34716,48.866353],[2.34732,48.867368],[2.35113,48.86653],[2.350602,48.865682],[2.350268,48.864907],[2.350148,48.864304],[2.348378,48.864694],[2.348993,48.865975],[2.34716,48.866353]]]}},{"type":"Feature","properties":{"code":"751041403","name":"Saint-Gervais 3","arrondissement":"Paris 4e Arrondissement","green_per_cap":1.036,"income":32610.0,"population":2670.54436232155},"geometry":{"type":"Polygon","coordinates":[[[2.359345,48.858339],[2.361768,48.857244],[2.361394,48.856733],[2.360855,48.856454],[2.360597,48.856208],[2.36009,48.855457],[2.357985,48.855938],[2.356614,48.856292],[2.356819,48.856643],[2.357863,48.857892],[2.358469,48.857645],[2.359345,48.858339]]]}},{"type":"Feature","properties":{"code":"751062101","name":"Monnaie 1","arrondissement":"Paris 6e Arrondissement","green_per_cap":0.0,"income":39150.0,"population":1696.12663982728},"geometry":{"type":"Polygon","coordinates":[[[2.343821,48.852762],[2.342632,48.850348],[2.342485,48.850437],[2.341307,48.850879],[2.3412,48.850879],[2.340699,48.851149],[2.340223,48.851471],[2.339659,48.851986],[2.339382,48.852168],[2.339352,48.85233],[2.336992,48.852894],[2.336966,48.853855],[2.337365,48.85384],[2.339149,48.85355],[2.340187,48.853449],[2.342311,48.853317],[2.343063,48.853238],[2.343266,48.853111],[2.343243,48.852906],[2.343821,48.852762]]]}},{"type":"Feature","properties":{"code":"751093502","name":"Faubourg Montmartre 2","arrondissement":"Paris 9e Arrondissement","green_per_cap":0.528,"income":35910.0,"population":2234.96321401114},"geometry":{"type":"Polygon","coordinates":[[[2.339447,48.876661],[2.342476,48.876517],[2.344345,48.876536],[2.343716,48.875896],[2.342325,48.874101],[2.34242,48.874035],[2.338079,48.874149],[2.338748,48.875973],[2.339054,48.875953],[2.339333,48.876718],[2.339447,48.876661]]]}},{"type":"Feature","properties":{"code":"751103803","name":"Porte Saint-Denis 3","arrondissement":"Paris 10e Arrondissement","green_per_cap":0.376,"income":33570.0,"population":2818.37957259085},"geometry":{"type":"Polygon","coordinates":[[[2.352661,48.869685],[2.347918,48.870688],[2.347884,48.872474],[2.353638,48.871578],[2.352641,48.869766],[2.352661,48.869685]]]}},{"type":"Feature","properties":{"code":"751103908","name":"Porte Saint-Martin 8","arrondissement":"Paris 10e Arrondissement","green_per_cap":0.024,"income":29480.0,"population":2575.23000746714},"geometry":{"type":"Polygon","coordinates":[[[2.364514,48.87189],[2.362574,48.871251],[2.362099,48.871497],[2.361399,48.87084],[2.361193,48.870549],[2.358763,48.873275],[2.360806,48.873173],[2.363344,48.873133],[2.363551,48.873166],[2.364514,48.87189]]]}},{"type":"Feature","properties":{"code":"751124502","name":"Bel-Air 2","arrondissement":"Paris 12e Arrondissement","green_per_cap":24.626,"income":33480.0,"population":3818.86847123692},"geometry":{"type":"Polygon","coordinates":[[[2.404451,48.834236],[2.402911,48.836225],[2.403452,48.836628],[2.403808,48.837688],[2.408152,48.838837],[2.408564,48.838908],[2.40792,48.836837],[2.407675,48.83643],[2.406569,48.83547],[2.404902,48.834467],[2.404451,48.834236]]]}},{"type":"Feature","properties":{"code":"751155721","name":"Saint-Lambert 21","arrondissement":"Paris 15e Arrondissement","green_per_cap":4.042,"income":37740.0,"population":1656.65483459805},"geometry":{"type":"Polygon","coordinates":[[[2.306624,48.836447],[2.307817,48.837694],[2.308083,48.837495],[2.310091,48.836351],[2.310078,48.836267],[2.30993,48.836211],[2.308505,48.834438],[2.306645,48.836289],[2.306695,48.836382],[2.306624,48.836447]]]}},{"type":"Feature","properties":{"code":"751166213","name":"Muette 13","arrondissement":"Paris 16e Arrondissement","green_per_cap":5.746,"income":50280.0,"population":2450.06334102505},"geometry":{"type":"Polygon","coordinates":[[[2.282037,48.85654],[2.282941,48.857065],[2.283669,48.857562],[2.284356,48.858222],[2.284565,48.858525],[2.28467,48.858483],[2.284787,48.858495],[2.285505,48.857778],[2.285401,48.857691],[2.285865,48.857224],[2.285977,48.857308],[2.286468,48.856815],[2.283601,48.854557],[2.281922,48.855543],[2.281937,48.855622],[2.282183,48.855866],[2.28261,48.856197],[2.282037,48.85654]]]}},{"type":"Feature","properties":{"code":"751176613","name":"Plaine Monceau 13","arrondissement":"Paris 17e Arrondissement","green_per_cap":3.626,"income":43050.0,"population":2245.21675405122},"geometry":{"type":"Polygon","coordinates":[[[2.297652,48.884597],[2.297435,48.884528],[2.297194,48.884518],[2.296392,48.882923],[2.294397,48.884417],[2.294499,48.884464],[2.293548,48.88528],[2.293432,48.885425],[2.293121,48.885465],[2.293235,48.885527],[2.297989,48.887249],[2.297991,48.887082],[2.297638,48.886743],[2.29747,48.886506],[2.297311,48.886119],[2.297257,48.885827],[2.297267,48.885377],[2.297659,48.885293],[2.297879,48.885103],[2.297908,48.884861],[2.297811,48.884705],[2.297652,48.884597]]]}},{"type":"Feature","properties":{"code":"751197313","name":"Villette 13","arrondissement":"Paris 19e Arrondissement","green_per_cap":0.126,"income":25440.0,"population":2894.73368880732},"geometry":{"type":"Polygon","coordinates":[[[2.384301,48.888282],[2.381428,48.887339],[2.380826,48.887177],[2.379707,48.888163],[2.379647,48.888161],[2.379682,48.888209],[2.383075,48.889887],[2.38369,48.889361],[2.384301,48.888282]]]}},{"type":"Feature","properties":{"code":"751207905","name":"Père Lachaise 5","arrondissement":"Paris 20e Arrondissement","green_per_cap":84.006,"income":29470.0,"population":5454.15390501622},"geometry":{"type":"Polygon","coordinates":[[[2.394345,48.85652],[2.392167,48.857667],[2.389819,48.858359],[2.389546,48.85848],[2.387378,48.862898],[2.391093,48.863794],[2.395554,48.86495],[2.396284,48.864226],[2.397259,48.863497],[2.398456,48.862411],[2.39923,48.86144],[2.400203,48.861718],[2.400525,48.860847],[2.400745,48.860425],[2.401281,48.859812],[2.402144,48.859148],[2.399482,48.857675],[2.399342,48.857564],[2.398851,48.857302],[2.397818,48.85698],[2.397129,48.856839],[2.396251,48.856751],[2.395391,48.856717],[2.394345,48.85652]]]}},{"type":"Feature","properties":{"code":"751208006","name":"Charonne 6","arrondissement":"Paris 20e Arrondissement","green_per_cap":0.08,"income":32570.0,"population":2704.13911497888},"geometry":{"type":"Polygon","coordinates":[[[2.406126,48.852707],[2.406402,48.850493],[2.403887,48.850081],[2.402266,48.849936],[2.401811,48.85093],[2.404292,48.851227],[2.40401,48.852316],[2.406126,48.852707]]]}},{"type":"Feature","properties":{"code":"751093311","name":"Saint-Georges 11","arrondissement":"Paris 9e Arrondissement","green_per_cap":0.163,"income":null,"population":458.717423398287},"geometry":{"type":"Polygon","coordinates":[[[2.326666,48.875544],[2.326852,48.875873],[2.326964,48.877848],[2.330945,48.876533],[2.331036,48.876386],[2.331078,48.876163],[2.330201,48.875988],[2.326666,48.875544]]]}},{"type":"Feature","properties":{"code":"751041503","name":"Arsenal 3","arrondissement":"Paris 4e Arrondissement","green_per_cap":null,"income":40530.0,"population":1970.21976085307},"geometry":{"type":"Polygon","coordinates":[[[2.368966,48.853852],[2.369124,48.853166],[2.369041,48.852993],[2.368826,48.852893],[2.368428,48.852931],[2.367437,48.852676],[2.363691,48.85154],[2.36311,48.851913],[2.363827,48.852418],[2.363346,48.852656],[2.364753,48.853946],[2.366526,48.853502],[2.367183,48.853412],[2.367398,48.853866],[2.368621,48.853756],[2.368756,48.853696],[2.368966,48.853852]]]}},{"type":"Feature","properties":{"code":"751155720","name":"Saint-Lambert 20","arrondissement":"Paris 15e Arrondissement","green_per_cap":null,"income":32510.0,"population":2153.04219107001},"geometry":{"type":"Polygon","coordinates":[[[2.309153,48.833569],[2.306459,48.834351],[2.305181,48.834726],[2.305555,48.835161],[2.306375,48.835028],[2.307443,48.834733],[2.307765,48.835181],[2.308505,48.834438],[2.30993,48.836211],[2.310078,48.836267],[2.310091,48.836351],[2.311284,48.835691],[2.309153,48.833569]]]}},{"type":"Feature","properties":{"code":"751166129","name":"Auteuil 29","arrondissement":"Paris 16e Arrondissement","green_per_cap":null,"income":34750.0,"population":1607.48886612242},"geometry":{"type":"Polygon","coordinates":[[[2.274429,48.847134],[2.273728,48.84742],[2.272573,48.84767],[2.273189,48.848373],[2.274923,48.850138],[2.276001,48.849677],[2.275051,48.848726],[2.275762,48.848498],[2.274429,48.847134]]]}},{"type":"Feature","properties":{"code":"751176814","name":"Épinettes 14","arrondissement":"Paris 17e Arrondissement","green_per_cap":0.979,"income":20250.0,"population":2748.44845889124},"geometry":{"type":"Polygon","coordinates":[[[2.320611,48.894233],[2.319816,48.894504],[2.316425,48.89528],[2.316354,48.89537],[2.32159,48.897352],[2.322306,48.897472],[2.323296,48.897519],[2.3232,48.897478],[2.320611,48.894233]]]}},{"type":"Feature","properties":{"code":"751187209","name":"Chapelle 9","arrondissement":"Paris 18e Arrondissement","green_per_cap":5.855,"income":14940.0,"population":2952.16203044405},"geometry":{"type":"Polygon","coordinates":[[[2.358703,48.901618],[2.370302,48.901848],[2.37017,48.901556],[2.370335,48.900943],[2.370253,48.900259],[2.370316,48.898717],[2.369143,48.898719],[2.362326,48.898582],[2.361689,48.898591],[2.360489,48.898721],[2.359014,48.898696],[2.359105,48.899201],[2.359109,48.899544],[2.358772,48.90069],[2.358703,48.901618]]]}},{"type":"Feature","properties":{"code":"751041305","name":"Saint-Merri 5","arrondissement":"Paris 4e Arrondissement","green_per_cap":null,"income":null,"population":0.0},"geometry":{"type":"Polygon","coordinates":[[[2.353015,48.857968],[2.354238,48.857512],[2.353893,48.856913],[2.352386,48.857282],[2.353015,48.857968]]]}},{"type":"Feature","properties":{"code":"751083101","name":"Madeleine 1","arrondissement":"Paris 8e Arrondissement","green_per_cap":null,"income":null,"population":124.787568796097},"geometry":{"type":"Polygon","coordinates":[[[2.324584,48.867949],[2.323472,48.866371],[2.32307,48.866361],[2.320336,48.86712],[2.316197,48.86842],[2.317679,48.870331],[2.318738,48.869761],[2.319664,48.869384],[2.320608,48.869089],[2.321847,48.868788],[2.323267,48.868379],[2.324584,48.867949]]]}},{"type":"Feature","properties":{"code":"751062199","name":"Seine et Berges 1","arrondissement":"Paris 6e Arrondissement","green_per_cap":null,"income":null,"population":0.0},"geometry":{"type":"Polygon","coordinates":[[[2.336388,48.858625],[2.337672,48.858311],[2.340567,48.856675],[2.341368,48.856128],[2.342506,48.855104],[2.34293,48.854833],[2.344634,48.854089],[2.344281,48.853757],[2.342289,48.854739],[2.340473,48.856061],[2.339912,48.856433],[2.338161,48.857422],[2.336486,48.85785],[2.336388,48.858625]]]}},{"type":"Feature","properties":{"code":"751072810","name":"Gros Caillou 10","arrondissement":"Paris 7e Arrondissement","green_per_cap":null,"income":40690.0,"population":2743.5014371414},"geometry":{"type":"Polygon","coordinates":[[[2.303513,48.858804],[2.302394,48.861162],[2.310265,48.861131],[2.310146,48.859929],[2.307834,48.859727],[2.306848,48.859587],[2.304439,48.859083],[2.303513,48.858804]]]}},{"type":"Feature","properties":{"code":"751093307","name":"Saint-Georges 7","arrondissement":"Paris 9e Arrondissement","green_per_cap":0.112,"income":38460.0,"population":3349.68626446657},"geometry":{"type":"Polygon","coordinates":[[[2.332056,48.88279],[2.336163,48.881213],[2.335731,48.880932],[2.334968,48.879661],[2.334798,48.879285],[2.332805,48.879725],[2.333085,48.880378],[2.331455,48.880636],[2.331698,48.881856],[2.332056,48.88279]]]}},{"type":"Feature","properties":{"code":"751103904","name":"Porte Saint-Martin 4","arrondissement":"Paris 10e Arrondissement","green_per_cap":0.045,"income":33220.0,"population":2209.39396070206},"geometry":{"type":"Polygon","coordinates":[[[2.364356,48.867745],[2.363872,48.867516],[2.36329,48.867816],[2.359087,48.868435],[2.359232,48.868795],[2.358422,48.869046],[2.357696,48.869218],[2.358773,48.870913],[2.360026,48.870217],[2.360825,48.870958],[2.363008,48.868516],[2.364356,48.867745]]]}},{"type":"Feature","properties":{"code":"751114206","name":"Saint-Ambroise 6","arrondissement":"Paris 11e Arrondissement","green_per_cap":4.876,"income":33260.0,"population":2955.10607255839},"geometry":{"type":"Polygon","coordinates":[[[2.370941,48.857793],[2.372044,48.860247],[2.37223,48.860805],[2.372275,48.861153],[2.372154,48.861937],[2.371868,48.862502],[2.371434,48.862987],[2.376847,48.859749],[2.373779,48.858777],[2.370941,48.857793]]]}},{"type":"Feature","properties":{"code":"751176603","name":"Plaine Monceau 3","arrondissement":"Paris 17e Arrondissement","green_per_cap":null,"income":55690.0,"population":3254.69835284837},"geometry":{"type":"Polygon","coordinates":[[[2.312551,48.880851],[2.308779,48.880392],[2.303004,48.882836],[2.307023,48.88508],[2.307209,48.885224],[2.308713,48.883997],[2.307273,48.883291],[2.309008,48.882924],[2.308994,48.882827],[2.311148,48.881877],[2.311275,48.881876],[2.312551,48.880851]]]}},{"type":"Feature","properties":{"code":"751186912","name":"Grandes Carrières 12","arrondissement":"Paris 18e Arrondissement","green_per_cap":0.008,"income":34530.0,"population":2872.86371513824},"geometry":{"type":"Polygon","coordinates":[[[2.339639,48.891187],[2.340648,48.89127],[2.340179,48.889691],[2.335744,48.889512],[2.335716,48.890091],[2.335777,48.890348],[2.336642,48.890239],[2.339639,48.891187]]]}},{"type":"Feature","properties":{"code":"751187005","name":"Clignancourt 5","arrondissement":"Paris 18e Arrondissement","green_per_cap":13.285,"income":31130.0,"population":2101.29509925781},"geometry":{"type":"Polygon","coordinates":[[[2.345065,48.886376],[2.344841,48.884452],[2.342643,48.884317],[2.341588,48.884079],[2.341443,48.88399],[2.341073,48.884709],[2.340974,48.884802],[2.340829,48.88488],[2.338565,48.885543],[2.338495,48.885959],[2.337918,48.886156],[2.338187,48.886323],[2.338819,48.886294],[2.339049,48.886798],[2.339252,48.886905],[2.339376,48.887032],[2.339696,48.887023],[2.340217,48.886941],[2.34047,48.886849],[2.340653,48.886719],[2.341311,48.886618],[2.34139,48.886563],[2.34137,48.885996],[2.341408,48.885897],[2.342226,48.885739],[2.342539,48.885761],[2.343078,48.885888],[2.34368,48.885919],[2.343814,48.88598],[2.343955,48.886166],[2.345065,48.886376]]]}},{"type":"Feature","properties":{"code":"751197616","name":"Combat 16","arrondissement":"Paris 19e Arrondissement","green_per_cap":0.126,"income":19560.0,"population":1463.29339387022},"geometry":{"type":"Polygon","coordinates":[[[2.384234,48.884162],[2.382452,48.882831],[2.381263,48.88478],[2.382691,48.884897],[2.383278,48.884986],[2.384234,48.884162]]]}},{"type":"Feature","properties":{"code":"751103708","name":"Saint-Vincent de Paul 8","arrondissement":"Paris 10e Arrondissement","green_per_cap":0.203,"income":29790.0,"population":1736.87024905093},"geometry":{"type":"Polygon","coordinates":[[[2.35934,48.88441],[2.3615,48.884407],[2.361652,48.883016],[2.361761,48.882751],[2.361727,48.882619],[2.359042,48.882861],[2.359108,48.882968],[2.359265,48.884007],[2.359423,48.884221],[2.359346,48.884297],[2.35934,48.88441]]]}},{"type":"Feature","properties":{"code":"751114307","name":"Roquette 7","arrondissement":"Paris 11e Arrondissement","green_per_cap":0.0,"income":28400.0,"population":2572.6709613387},"geometry":{"type":"Polygon","coordinates":[[[2.377877,48.856776],[2.379706,48.857444],[2.38203,48.853925],[2.380429,48.85359],[2.377877,48.856776]]]}},{"type":"Feature","properties":{"code":"751124703","name":"Bercy 3","arrondissement":"Paris 12e Arrondissement","green_per_cap":1.231,"income":25980.0,"population":2384.92981131579},"geometry":{"type":"Polygon","coordinates":[[[2.390098,48.833004],[2.386472,48.835907],[2.386775,48.83607],[2.386916,48.836021],[2.38706,48.836046],[2.387639,48.836366],[2.38768,48.83648],[2.390022,48.837053],[2.388113,48.838943],[2.388395,48.838925],[2.389234,48.838985],[2.389566,48.838657],[2.39129,48.837223],[2.392799,48.835275],[2.393997,48.834224],[2.394908,48.83361],[2.397795,48.831759],[2.396432,48.831186],[2.395255,48.830805],[2.392202,48.830134],[2.391566,48.829958],[2.38959,48.829166],[2.38821,48.828566],[2.387004,48.829891],[2.386696,48.830002],[2.386397,48.830287],[2.386281,48.830321],[2.388383,48.831866],[2.390289,48.832908],[2.390279,48.833009],[2.390098,48.833004]]]}},{"type":"Feature","properties":{"code":"751166303","name":"Porte Dauphine 3","arrondissement":"Paris 16e Arrondissement","green_per_cap":null,"income":49070.0,"population":2533.06895031331},"geometry":{"type":"Polygon","coordinates":[[[2.280124,48.866564],[2.279752,48.866043],[2.279185,48.865431],[2.277372,48.863952],[2.274964,48.864228],[2.275737,48.865437],[2.275734,48.8656],[2.275829,48.865641],[2.275793,48.865757],[2.27593,48.865783],[2.277013,48.867625],[2.277881,48.867359],[2.280124,48.866564]]]}},{"type":"Feature","properties":{"code":"751197521","name":"Amérique 21","arrondissement":"Paris 19e Arrondissement","green_per_cap":0.062,"income":25310.0,"population":2591.66246641493},"geometry":{"type":"Polygon","coordinates":[[[2.392276,48.888627],[2.393113,48.888844],[2.393713,48.887221],[2.393457,48.886407],[2.389806,48.886089],[2.38999,48.88641],[2.389993,48.886588],[2.389294,48.887785],[2.392311,48.888573],[2.392276,48.888627]]]}},{"type":"Feature","properties":{"code":"751207916","name":"Père Lachaise 16","arrondissement":"Paris 20e Arrondissement","green_per_cap":0.749,"income":23910.0,"population":2870.9049331983},"geometry":{"type":"Polygon","coordinates":[[[2.399253,48.870779],[2.400697,48.869112],[2.399425,48.868589],[2.398077,48.868183],[2.396649,48.869317],[2.395751,48.870089],[2.396793,48.870167],[2.397596,48.870296],[2.398117,48.870485],[2.399253,48.870779]]]}},{"type":"Feature","properties":{"code":"751083004","name":"Faubourg du Roule 4","arrondissement":"Paris 8e Arrondissement","green_per_cap":null,"income":38930.0,"population":1589.47320890559},"geometry":{"type":"Polygon","coordinates":[[[2.312461,48.872259],[2.312441,48.872067],[2.311992,48.871454],[2.312867,48.870408],[2.311971,48.869924],[2.308863,48.870934],[2.30411,48.87241],[2.30745,48.874199],[2.308481,48.873829],[2.309981,48.873091],[2.312461,48.872259]]]}},{"type":"Feature","properties":{"code":"751103704","name":"Saint-Vincent de Paul 4","arrondissement":"Paris 10e Arrondissement","green_per_cap":2.074,"income":37740.0,"population":2503.46540108041},"geometry":{"type":"Polygon","coordinates":[[[2.353694,48.880256],[2.354764,48.879954],[2.355983,48.879763],[2.355925,48.879701],[2.355396,48.877488],[2.355239,48.877379],[2.355018,48.877302],[2.355675,48.876527],[2.351409,48.877101],[2.351558,48.877619],[2.351918,48.877718],[2.351263,48.878107],[2.35136,48.878291],[2.351332,48.878349],[2.351623,48.879397],[2.352063,48.879507],[2.352342,48.880424],[2.352283,48.880485],[2.35243,48.880493],[2.353694,48.880256]]]}},{"type":"Feature","properties":{"code":"751114212","name":"Saint-Ambroise 12","arrondissement":"Paris 11e Arrondissement","green_per_cap":0.604,"income":37280.0,"population":2036.6782695096},"geometry":{"type":"Polygon","coordinates":[[[2.376986,48.861992],[2.374728,48.865042],[2.375341,48.865112],[2.378007,48.864602],[2.379308,48.86307],[2.376986,48.861992]]]}},{"type":"Feature","properties":{"code":"751114321","name":"Roquette 21","arrondissement":"Paris 11e Arrondissement","green_per_cap":null,"income":29230.0,"population":1950.73148486452},"geometry":{"type":"Polygon","coordinates":[[[2.387378,48.862898],[2.388879,48.859817],[2.388695,48.859818],[2.386835,48.859341],[2.385824,48.861171],[2.386575,48.861377],[2.385961,48.8625],[2.387378,48.862898]]]}},{"type":"Feature","properties":{"code":"751166123","name":"Auteuil 23","arrondissement":"Paris 16e Arrondissement","green_per_cap":null,"income":52090.0,"population":2251.77620312668},"geometry":{"type":"Polygon","coordinates":[[[2.265846,48.850362],[2.265243,48.851392],[2.264252,48.85214],[2.265267,48.853656],[2.265429,48.853969],[2.265578,48.853934],[2.268135,48.852423],[2.267258,48.850803],[2.267085,48.850828],[2.265846,48.850362]]]}},{"type":"Feature","properties":{"code":"751186911","name":"Grandes Carrières 11","arrondissement":"Paris 18e Arrondissement","green_per_cap":7.148,"income":44410.0,"population":1724.34279253054},"geometry":{"type":"Polygon","coordinates":[[[2.335744,48.889512],[2.340179,48.889691],[2.339804,48.888533],[2.339696,48.887023],[2.339376,48.887032],[2.339252,48.886905],[2.339049,48.886798],[2.338819,48.886294],[2.338572,48.886754],[2.33755,48.887203],[2.33721,48.887268],[2.335674,48.887423],[2.334762,48.887685],[2.335568,48.88835],[2.335474,48.888614],[2.335573,48.888779],[2.3358,48.888956],[2.335744,48.889512]]]}},{"type":"Feature","properties":{"code":"751187101","name":"Goutte d'Or 1","arrondissement":"Paris 18e Arrondissement","green_per_cap":1.589,"income":23120.0,"population":2891.88030453744},"geometry":{"type":"Polygon","coordinates":[[[2.35934,48.88441],[2.35583,48.884184],[2.356777,48.884925],[2.356731,48.885438],[2.356051,48.888706],[2.359881,48.889047],[2.359793,48.887614],[2.359509,48.886454],[2.359368,48.885491],[2.35934,48.88441]]]}},{"type":"Feature","properties":{"code":"751197409","name":"Pont de Flandre 9","arrondissement":"Paris 19e Arrondissement","green_per_cap":2.12,"income":16580.0,"population":2063.39965031135},"geometry":{"type":"Polygon","coordinates":[[[2.370457,48.894527],[2.371792,48.895393],[2.371943,48.895301],[2.372105,48.89531],[2.373956,48.895982],[2.376163,48.896444],[2.375375,48.895666],[2.374131,48.894603],[2.373321,48.893796],[2.372867,48.893863],[2.370457,48.894527]]]}},{"type":"Feature","properties":{"code":"751197410","name":"Pont de Flandre 10","arrondissement":"Paris 19e Arrondissement","green_per_cap":21.816,"income":16580.0,"population":2379.58910574823},"geometry":{"type":"Polygon","coordinates":[[[2.370316,48.898717],[2.370253,48.900259],[2.370335,48.900943],[2.37017,48.901556],[2.370302,48.901848],[2.379776,48.902048],[2.380126,48.901499],[2.3801,48.901395],[2.380345,48.900986],[2.38065,48.900625],[2.381759,48.899007],[2.374099,48.898854],[2.371332,48.898784],[2.371107,48.898739],[2.370974,48.898794],[2.370478,48.898788],[2.370316,48.898717]]]}},{"type":"Feature","properties":{"code":"751197524","name":"Amérique 24","arrondissement":"Paris 19e Arrondissement","green_per_cap":7.861,"income":30780.0,"population":1936.06003107714},"geometry":{"type":"Polygon","coordinates":[[[2.384624,48.883816],[2.382261,48.885871],[2.384531,48.886474],[2.384632,48.886564],[2.386337,48.887006],[2.386896,48.885664],[2.384606,48.885249],[2.38456,48.884836],[2.384484,48.884657],[2.384353,48.884511],[2.384205,48.884436],[2.384624,48.883816]]]}},{"type":"Feature","properties":{"code":"751207910","name":"Père Lachaise 10","arrondissement":"Paris 20e Arrondissement","green_per_cap":4.125,"income":18110.0,"population":2815.87218152159},"geometry":{"type":"Polygon","coordinates":[[[2.390665,48.867831],[2.392959,48.866688],[2.39432,48.86579],[2.39414,48.865715],[2.393558,48.865597],[2.393029,48.865575],[2.392353,48.865095],[2.391186,48.865128],[2.391452,48.864442],[2.389736,48.863906],[2.38922,48.863845],[2.389045,48.863858],[2.389632,48.86468],[2.389752,48.86494],[2.389847,48.865513],[2.38968,48.866013],[2.389649,48.866391],[2.389,48.867221],[2.388987,48.86733],[2.39034,48.86754],[2.390471,48.867303],[2.390715,48.867308],[2.39033,48.867822],[2.390665,48.867831]]]}}]}